x_m,y_m,distance_m,mean_diameter_m,cvar_diameter_m,max_diameter_m,composite_m,pareto
500.0,325.0,596.3430220938282,47.38823697472306,83.49372487491917,87.65853000283914,65.4409809248211,1
525.0,325.0,617.4544517614235,45.73532000912475,79.33557587287228,83.65856026573069,62.535447940998516,1
450.0,350.0,570.087712549569,49.89200905048958,88.44722912284907,92.21416150779436,69.16961908666931,1
475.0,350.0,590.0211860602973,48.05982544532323,84.2537787931858,88.23640164139708,66.15680211925451,1
500.0,350.0,610.3277807866851,46.375017991860034,80.23588400158145,84.21437737815636,63.305450996720744,1
525.0,350.0,630.9714732061981,44.85003426669347,76.45130982773168,80.0986637181627,60.65067204721257,0
550.0,350.0,651.9202405202649,43.503249414717914,73.01958118153294,76.83452906195129,58.26141529812543,1
575.0,350.0,673.145600891813,42.32583214510141,69.76664568860517,73.35615569061004,56.046238916853284,0
425.0,375.0,566.7892024377317,50.709057124314896,89.16162301836566,92.77893046201402,69.93534007134028,0
450.0,375.0,585.768725692999,48.86490498612383,85.13113205152447,88.96914716701141,66.99801851882415,1
475.0,375.0,605.1859218455102,47.15411983383001,81.22137496863188,84.90136788642414,64.18774740123095,1
500.0,375.0,625.0,45.59182492341397,77.5255530882365,80.95923282994275,61.55868900582524,0
525.0,375.0,645.174395028197,44.177585630603154,74.1732784753667,78.09283278586729,59.17543205298493,1
550.0,375.0,665.6763477847173,42.920961146611575,70.995965738226,74.64886627391884,56.95846344241879,0
575.0,375.0,686.476510887299,41.81875264082291,67.89273097639092,71.3610770420503,54.855741808606915,1
600.0,375.0,707.5485849042453,40.90479453919195,64.91523401609312,68.11109021553324,52.91001427764253,0
375.0,400.0,548.2928049865327,53.620955185622854,93.84135407166049,97.02176056804144,73.73115462864168,0
400.0,400.0,565.685424949238,51.637820369061195,89.96683320947345,93.22822183627241,70.80232678926733,0
425.0,400.0,583.6308764964376,49.77721926584458,86.08897892762712,89.60337615779169,67.93309909673584,0
450.0,400.0,602.0797289396148,48.046693382175164,82.27716881477332,85.69525903000306,65.16193109847424,0
475.0,400.0,620.987117418711,46.45279661387174,78.69427898487488,81.90368813006273,62.57353779937331,0
500.0,400.0,640.3124237432849,44.997167903879514,75.37948564506337,78.71460448731227,60.18832677447144,0
525.0,400.0,660.0189391222043,43.672293200579105,72.29314331438518,75.92967801741497,57.98271825748214,0
550.0,400.0,680.0735254367721,42.49385060164511,69.2634889038804,72.66482344712179,55.878669752762754,0
575.0,400.0,700.446286306095,41.45744838337811,66.31474767306136,69.31375091650384,53.886098028219735,0
600.0,400.0,721.1102550927978,40.599428283524205,63.54005057522193,66.49947115152212,52.06973942937307,1
625.0,400.0,742.0411039827915,39.91557919430639,60.82127369997251,63.6034680496635,50.36842644713945,0
650.0,400.0,763.2168761236874,39.3870292744914,58.16055454619915,61.138310300727795,48.773791910345274,0
325.0,425.0,535.0233639758175,56.73795799187634,98.22729480788132,101.51239550101278,77.48262639987882,0
350.0,425.0,550.567888638631,54.64337048144064,94.57199682315498,97.75776966582154,74.60768365229781,0
375.0,425.0,566.7892024377317,52.65536898833125,90.860359854302,94.12061016434669,71.75786442131663,0
400.0,425.0,583.6308764964376,50.78717114861389,87.11665330029022,90.34593888477136,68.95191222445206,0
425.0,425.0,601.0407640085654,49.0343142229522,83.39425736177078,86.69116842208162,66.2142857923615,0
450.0,425.0,618.9709201569974,47.413933807006515,79.91866169360436,82.91787354699822,63.66629775030544,0
475.0,425.0,637.3774391990981,45.922009641443026,76.63422138981747,79.36922284295933,61.27811551563025,0
500.0,425.0,656.2202374203343,44.55476834535619,73.61809440213666,76.94499759052344,59.08643137374642,0
525.0,425.0,675.4628043053148,43.30681439771696,70.67675031271615,73.88957421863401,56.99178235521656,0
550.0,425.0,695.0719387228922,42.19477815436109,67.79133964139035,70.99023229514842,54.99305889787572,0
575.0,425.0,715.0174823037546,41.21785544977061,65.04107300567146,68.14147586453562,53.12946422772104,0
600.0,425.0,735.2720584926371,40.41047601767987,62.39351750170116,65.35781275268305,51.40199675969052,0
625.0,425.0,755.8108228915487,39.7679079509813,59.81851631511318,62.693842909747985,49.793212133047234,0
650.0,425.0,776.6112283504533,39.26422258346826,57.260627191376756,59.93539962798312,48.26242488742251,0
675.0,425.0,797.6528066771908,38.92292139431255,54.940612328646374,57.155744450935906,46.93176686147946,0
700.0,425.0,818.91696770796,38.74144994337705,52.96937309747713,55.18128511391314,45.85541152042709,0
300.0,450.0,540.8326913195984,57.81260066247519,98.83315331642241,102.00437654255839,78.3228769894488,0
325.0,450.0,555.0900827793629,55.73336131951951,95.31325125912831,98.22041907005298,75.52330628932391,0
350.0,450.0,570.087712549569,53.754188380804095,91.80169548954582,94.92357232647163,72.77794193517497,0
375.0,450.0,585.768725692999,51.874367427939305,88.20788989566842,91.3651075936179,70.04112866180387,0
400.0,450.0,602.0797289396148,50.10846814124821,84.5932402317629,87.84060394874248,67.35085418650556,0
425.0,450.0,618.9709201569974,48.45868516780861,81.1816211799711,84.04814281589945,64.82015317388985,0
450.0,450.0,636.3961030678928,46.93546900042031,77.946336232632,80.55117805153621,62.44090261652616,0
475.0,450.0,654.31261641512,45.53198796716977,74.98545798563589,78.44482381203873,60.25872297640283,0
500.0,450.0,672.6812023536855,44.238185093496796,72.09196200786346,75.28752742327812,58.16507355068013,0
525.0,450.0,691.4658342969666,43.05741558659315,69.28062280491771,72.24918504964766,56.16901919575543,0
550.0,450.0,710.6335201775947,42.004884047516654,66.56790009254578,69.59707895515692,54.28639207003122,0
575.0,450.0,730.1540933255117,41.07882063979818,63.945172909700375,66.69051807016007,52.51199677474928,0
600.0,450.0,750.0,40.31890540736555,61.45185605953132,64.30768203810518,50.885380733448436,0
625.0,450.0,770.1460900374682,39.705695699867064,58.96032468228756,61.703053524185954,49.333010191077314,0
650.0,450.0,790.5694150420949,39.23102598401172,56.547750724483656,58.964235480649414,47.889388354247686,0
675.0,450.0,811.2490369793976,38.911115680637565,54.38292881253117,56.367553207220304,46.64702224658437,0
700.0,450.0,832.1658488546619,38.74034290958387,52.44687505069859,54.82910691387442,45.59360898014123,0
725.0,450.0,853.3024082938006,38.747772321738445,51.5379616514712,54.46670803162963,45.14286698660482,1
250.0,475.0,536.7727638395972,61.13970307904836,102.97082444287042,106.33432486680442,82.05526376095939,0
275.0,475.0,548.8624600025037,58.96193685407741,99.51659268183367,102.6235596371882,79.23926476795555,0
300.0,475.0,561.8051263561058,56.88055268828438,96.10079377362203,99.14856190181581,76.4906732309532,0
325.0,475.0,575.5432216610669,54.914620745918555,92.77912936780473,95.8265137131715,73.84687505686165,0
350.0,475.0,590.0211860602973,53.03482503890635,89.34731271038001,92.43702558223383,71.19106887464318,0
375.0,475.0,605.1859218455102,51.25050098907913,85.85559056494368,89.04460005330138,68.5530457770114,0
400.0,475.0,620.987117418711,49.58051712996775,82.4771201088042,85.35837933683084,66.02881861938597,0
425.0,475.0,637.3774391990981,48.02377208984043,79.29714695133482,81.96816812394326,63.66045952058762,0
450.0,475.0,654.31261641512,46.586340077316336,76.34885834546891,79.07514334711365,61.467599211392624,0
475.0,475.0,671.7514421272201,45.25542675730351,73.55413977785513,76.79278849140505,59.40478326757932,0
500.0,475.0,689.6557112066861,44.02832622939777,70.77622722130977,73.86435017137681,57.40227672535377,0
525.0,475.0,707.9901129253147,42.90805171421063,68.11912748066568,71.1640850289968,55.513589597438155,0
550.0,475.0,726.7220926874317,41.905210989159904,65.5303987956458,68.390231908774,53.71780489240285,0
575.0,475.0,745.8216945088149,41.02787145737092,63.04736266264334,65.48698672712948,52.03761706000713,0
600.0,475.0,765.2613932506983,40.30774636645771,60.669108360223156,63.40499665313986,50.488427363340435,0
625.0,475.0,785.0159234053791,39.72123667245011,58.24836670312494,60.75360289306833,48.984801687787524,0
650.0,475.0,805.0621094052309,39.2735677827251,55.98237794023434,58.224531496103175,47.62797286147972,0
675.0,475.0,825.3787009609589,38.971939540610464,53.95621519716096,55.84887420992005,46.46407736888571,0
700.0,475.0,845.9462157844315,38.80953875076486,52.08257334270833,54.37099622067576,45.446056046736594,0
725.0,475.0,866.7467911679859,38.81707323911042,50.99305761793835,53.29495995421047,44.90506542852438,1
750.0,475.0,887.7640452282352,38.982707440785916,51.11264171764612,55.95612177201893,45.04767457921602,0
775.0,475.0,908.9829481348921,39.30522399909803,52.1110989229723,58.711248531298246,45.70816146103517,0
200.0,500.0,538.5164807134504,64.59340099407098,106.97875758803352,110.56812717322867,85.78607929105225,0
225.0,500.0,548.2928049865327,62.337115052395,103.6137041664603,107.0136253983558,82.97540960942764,0
250.0,500.0,559.0169943749474,60.16533140434005,100.25614337740869,103.46745575578687,80.21073739087437,0
275.0,500.0,570.6356105256664,58.094954837512425,96.9511528109086,100.14855345971804,77.5230538242105,0
300.0,500.0,583.09518948453,56.11609545320361,93.70598459428074,96.58940227711862,74.91104002374217,0
325.0,500.0,596.3430220938282,54.24734716022914,90.49072651140162,93.45084167429872,72.36903683581538,0
350.0,500.0,610.3277807866851,52.45869748825959,87.1558788284266,90.29542289656442,69.80728815834308,0
375.0,500.0,625.0,50.763102773723816,83.81147326796538,86.71715494059846,67.2872880208446,0
400.0,500.0,640.3124237432849,49.18193541061826,80.69019738142751,83.41103438594929,64.93606639602288,0
425.0,500.0,656.2202374203343,47.707940162648384,77.76556136029068,80.20856565180925,62.73675076146953,0
450.0,500.0,672.6812023536855,46.3444461747685,75.01186794277865,78.10555082882001,60.67815705877358,0
475.0,500.0,689.6557112066861,45.07699627264118,72.31290139153944,75.1379703445576,58.69494883209031,0
500.0,500.0,707.1067811865476,43.909527299721226,69.65075290957131,72.49763172680137,56.780140104646264,0
525.0,500.0,725.0,42.83980594855633,67.10834686967718,69.89508718299474,54.974076409116755,0
550.0,500.0,743.3034373659252,41.88446052126979,64.65875351644586,67.22784639576724,53.27160701885782,0
575.0,500.0,761.9875327064085,41.05228347047439,62.31217178600216,64.61468733070595,51.68222762823828,0
600.0,500.0,781.0249675906655,40.360984827244756,59.96685785780146,62.628155486313325,50.16392134252311,0
625.0,500.0,800.3905296791061,39.80512354970381,57.67827951950891,60.1265287896325,48.741701534606364,0
650.0,500.0,820.0609733428363,39.38087160084727,55.54253321839655,57.75137609373914,47.46170240962191,0
675.0,500.0,840.0148808205721,39.09499546831292,53.63378882764373,55.59515512147528,46.36439214797832,0
700.0,500.0,860.2325267042627,38.93975012221537,51.84021242073249,54.03219549336752,45.38998127147393,0
725.0,500.0,880.6957476904269,38.9462927835271,50.63510145040437,52.32880052030599,44.79069711696573,1
750.0,500.0,901.3878188659974,39.101683846124104,50.627920707049476,54.85580251258896,44.864802276586786,0
775.0,500.0,922.2933372848358,39.408102009630596,51.41972729956449,57.47197187600454,45.41391465459755,0
800.0,500.0,943.3981132056604,39.86606531263662,53.40940368999955,60.17737298511128,46.637734501318086,0
825.0,500.0,964.6890690787369,40.4603392997539,55.94506666678259,62.9720703961425,48.20270298326824,0
175.0,525.0,553.3985905294663,65.81057479842183,107.65221981361951,111.29143715632006,86.73139730602067,0
200.0,525.0,561.8051263561058,63.57760058364535,104.3298168573085,107.35334347776386,83.95370872047693,0
225.0,525.0,571.1829829397931,61.423736165573914,101.05952876864677,104.38479878945209,81.24163246711035,0
250.0,525.0,581.4851674806504,59.35548497826919,97.85056028231891,101.10026253391787,78.60302263029405,0
275.0,525.0,592.663479556485,57.37720406840161,94.67945678715537,97.61347199845255,76.02833042777849,0
300.0,525.0,604.6693311223912,55.497324904997406,91.59550777905768,94.11032894459022,73.54641634202754,0
325.0,525.0,617.4544517614235,53.71493366694865,88.4681758633315,91.44826256421659,71.09155476514007,0
350.0,525.0,630.9714732061981,52.005882419485985,85.19962269461823,88.11280567451657,68.6027525570521,0
375.0,525.0,645.174395028197,50.395471787568425,82.1041228336429,84.87452849459599,66.24979731060566,0
400.0,525.0,660.0189391222043,48.89383296733008,79.1989560896316,81.73421252696458,64.04639452848083,0
425.0,525.0,675.4628043053148,47.49387955422921,76.46781486146774,79.19592838630976,61.98084720784848,0
450.0,525.0,691.4658342969666,46.191463840048286,73.83226742444934,76.7313431786779,60.01186563224881,0
475.0,525.0,707.9901129253147,44.982457303227456,71.2292282281465,74.01077025443547,58.10584276568697,0
500.0,525.0,725.0,43.86722352406653,68.70339044319485,71.49497059425127,56.28530698363069,0
525.0,525.0,742.4621202458749,42.84335248646582,66.26272742378585,68.96050421828149,54.55303995512583,0
550.0,525.0,760.3453162872775,41.9339529047268,63.939749316591005,66.25841309408402,52.93685111065891,0
575.0,525.0,778.6205751198719,41.140422027994056,61.69859767017475,64.28691008480985,51.419509849084406,0
600.0,525.0,797.2609359550987,40.476247476624394,59.41024003449008,62.01956071911356,49.94324375555723,0
625.0,525.0,816.2413858657254,39.947883308654205,57.232507879295454,59.64669763579515,48.590195593974826,0
650.0,525.0,835.5387483534201,39.54413462493717,55.204923197648604,57.392615654970115,47.374528911292884,0
675.0,525.0,855.1315688243535,39.27193811591542,53.3997853010133,55.57426698440493,46.335861708464364,0
700.0,525.0,875.0,39.12280527907165,51.704839343052654,53.7941649120535,45.41382231106215,0
725.0,525.0,895.1256894984078,39.12591271215219,50.4137300588326,52.173593045225694,44.76982138549239,1
750.0,525.0,915.4916711800278,39.273887124120094,50.26897702224817,53.94443299582943,44.77143207318413,0
775.0,525.0,936.0822613424527,39.56448156361381,50.888903796357816,56.43501035166489,45.22669267998582,0
800.0,525.0,956.8829604502318,39.99935784004504,52.59418780381207,59.01048151014416,46.296772821928556,0
825.0,525.0,977.8803607803973,40.56559698631714,55.008363862771105,61.67090514481647,47.786980424544126,0
850.0,525.0,999.0620601344043,41.28089639667015,57.50705154086695,64.41634006314526,49.39397396876855,0
200.0,550.0,585.2349955359813,62.72051144710524,101.94272756798725,105.36609706953004,82.33161950754624,0
225.0,550.0,594.2432162002357,60.659393193689596,98.76217569598727,101.950418388418,79.71078444483842,0
250.0,550.0,604.1522986797286,58.68131190593712,95.69357688696631,98.8110020341629,77.18744439645172,0
275.0,550.0,614.9186938124421,56.795654409796754,92.68063713596312,95.38438127815358,74.73814577287993,0
300.0,550.0,626.4982043070834,55.00464327997072,89.73767699394966,92.61087227028258,72.37116013696019,0
325.0,550.0,638.8466169590318,53.294045878861596,86.62922744880944,89.53297608880992,69.96163666383552,0
350.0,550.0,651.9202405202649,51.66462826289304,83.53362686244417,86.35643217154187,67.5991275626686,0
375.0,550.0,665.6763477847173,50.130943349117324,80.65086990239566,83.27273241650083,65.39090662575649,0
400.0,550.0,680.0735254367721,48.70086979776987,77.95247830990381,80.28258041526355,63.32667405383684,0
425.0,550.0,695.0719387228922,47.364774476001735,75.35887925817582,78.32965723108627,61.36182686708878,0
450.0,550.0,710.6335201775947,46.1185246913464,72.81949249254309,75.69300424007054,59.46900859194474,0
475.0,550.0,726.7220926874317,44.9590990570089,70.29416393302724,73.02824018497967,57.62663149501807,0
500.0,550.0,743.3034373659252,43.891716766829376,67.89056948714726,70.56255825822672,55.89114312698832,0
525.0,550.0,760.3453162872775,42.912166153135004,65.55991667684427,68.01741862100884,54.236041414989636,0
550.0,550.0,777.8174593052023,42.04440233435916,63.351359414420486,65.46091089833438,52.697880874389824,0
575.0,550.0,795.6915231419774,41.2811348528412,61.16204945258834,63.69275284195764,51.22159215271477,0
600.0,550.0,813.9410298049853,40.64584730304752,58.980902322374234,61.53544361856833,49.813374812710876,0
625.0,550.0,832.5412902673356,40.14186932662746,56.895676514722545,59.27776004679186,48.518772920675005,0
650.0,550.0,851.46931829632,39.756209554800066,54.96730837551778,57.13185593789494,47.36175896515893,0
675.0,550.0,870.7037383633999,39.495984750508825,53.24606258671673,55.576093752367846,46.37102366861278,0
700.0,550.0,890.2246907382428,39.34899306326565,51.63772732349754,53.64213264190242,45.4933601933816,0
725.0,550.0,910.0137361600648,39.35145004907136,50.31448115392974,52.11286063696333,44.83296560150055,0
750.0,550.0,930.0537618869137,39.49270611310018,50.01687384977821,53.19609993856254,44.754789981439195,0
775.0,550.0,950.3288904374107,39.767625979431045,50.48580688968156,55.57261151018269,45.1267164345563,0
800.0,550.0,970.8243919473799,40.182081971999054,51.93472555030249,58.030080601973914,46.05840376115077,0
825.0,550.0,991.526600752597,40.72219175531985,54.235864870797904,60.56856083944565,47.479028313058876,0
200.0,575.0,608.789783094296,61.99628041698941,99.72967523408335,102.97282903772421,80.86297782553638,0
225.0,575.0,617.4544517614235,60.0271621756624,96.73428743694394,99.95989671358332,78.38072480630316,0
250.0,575.0,626.9968101992226,58.13251248961687,93.79516386825472,96.69215751902244,75.96383817893579,0
275.0,575.0,637.3774391990981,56.33234878567481,90.92022149145393,93.42102198255641,73.62628513856437,0
300.0,575.0,648.5560885536423,54.61776413577976,88.06398222668533,90.91414514351278,71.34087318123254,0
325.0,575.0,660.4922406811453,52.975473652618824,85.0179209477909,87.85486730393986,68.99669730020486,0
350.0,575.0,673.145600891813,51.420074598185764,82.13145197742311,84.82297052264128,66.77576328780444,0
375.0,575.0,686.476510887299,49.955815980447916,79.44656582400556,81.87989176995936,64.70119090222674,0
400.0,575.0,700.446286306095,48.5904462125835,76.8840000711589,79.37480807542275,62.7372231418712,0
425.0,575.0,715.0174823037546,47.306629749775546,74.37971291946938,77.02976149807401,60.84317133462247,0
450.0,575.0,730.1540933255117,46.11075415068311,71.9151865423004,74.64998482351373,59.012970346491755,0
475.0,575.0,745.8216945088149,44.999860699581376,69.52406624534605,71.94237400541382,57.26196347246371,0
500.0,575.0,761.9875327064085,43.97550420829826,67.19337615129656,69.76891844502828,55.58444017979741,0
525.0,575.0,778.6205751198719,43.03836954489769,64.98098543442697,67.22937624248867,54.00967748966233,0
550.0,575.0,795.6915231419774,42.20645069211268,62.8595143907504,65.32981587639006,52.53298254143154,0
575.0,575.0,813.1727983645296,41.470577813063805,60.71941834846674,63.11701680882869,51.09499808076527,0
600.0,575.0,831.0385069297331,40.86303706832261,58.65172020132954,61.15870087948305,49.757378634826075,0
625.0,575.0,849.2643875731515,40.380820565872604,56.66191047855801,59.00453633729829,48.521365522215305,0
650.0,575.0,867.8277478854891,40.01123101900348,54.81209344298358,56.95576625635621,47.41166223099353,0
675.0,575.0,886.70739254841,39.75868689704785,53.160182352908144,55.469080268949284,46.459434624978,0
700.0,575.0,905.883546599672,39.61593285866323,51.62680125793417,53.56420109539585,45.6213670582987,0
725.0,575.0,925.3377761660873,39.61745605323557,50.29744894783241,52.1035576532931,44.95745250053399,0
750.0,575.0,945.05290857179,39.75281903630733,49.862519682385944,52.58942136883671,44.80766935934663,0
775.0,575.0,965.0129532809391,40.013303630276,50.202489942958316,54.86187677388293,45.10789678661716,0
800.0,575.0,985.2030247619016,40.409070069267834,51.43962622360535,57.21170176936264,45.92434814643659,0
225.0,600.0,640.8002808988149,59.50826215263777,94.93723202438382,98.02987200804806,77.2227470885108,0
250.0,600.0,650.0,57.694453524673804,92.11660015295665,94.81874233074473,74.90552683881523,0
275.0,600.0,660.0189391222043,55.97217681247952,89.36774428859061,91.90800747556789,72.66996055053507,0
300.0,600.0,670.820393249937,54.320580001463256,86.52481319866665,89.3721969976861,70.42269660006495,0
325.0,600.0,682.367203197809,52.74800033499402,83.63343733975648,86.38405510313791,68.19071883737524,0
350.0,600.0,694.6221994724903,51.25990994107613,80.94667864541668,83.48415323475753,66.1032942932464,0
375.0,600.0,707.5485849042453,49.858226587279695,78.41464868942639,80.66944974013131,64.13643763835304,0
400.0,600.0,721.1102550927978,48.54781864802252,75.95903155746514,78.68101223938018,62.25342510274383,0
425.0,600.0,735.2720584926371,47.31446289924839,73.54071070565819,76.20744523305476,60.42758680245329,0
450.0,600.0,750.0,46.162748069826904,71.13454199034767,73.60079193373315,58.64864503008729,0
475.0,600.0,765.2613932506983,45.09882658921099,68.88235127807917,71.27073288089014,56.99058893364508,0
500.0,600.0,781.0249675906655,44.11326105225025,66.62365175696699,68.99781476465535,55.36845640460862,0
525.0,600.0,797.2609359550987,43.214958183137185,64.50964026826624,66.62770440114777,53.86229922570171,0
550.0,600.0,813.9410298049853,42.412238895484776,62.43493958051542,64.75572630280963,52.4235892380001,0
575.0,600.0,831.0385069297331,41.70458875612275,60.37469109308471,62.65807242974955,51.03963992460373,0
600.0,600.0,848.5281374238571,41.12160963659444,58.403340379517466,60.67697038229945,49.76247500805596,0
625.0,600.0,866.3861725581728,40.65952677811957,56.51044946188649,58.81455717591053,48.58498812000303,0
650.0,600.0,884.5903006477066,40.30249014948521,54.73695374726906,56.853408869155814,47.51972194837714,0
675.0,600.0,903.1195934094221,40.05750454427069,53.152430874145075,55.37281166292061,46.604967709207884,0
700.0,600.0,921.9544457292888,39.91915624400575,51.66521017408248,53.550690775311544,45.79218320904411,0
725.0,600.0,941.0765112359356,39.919331138271104,50.344170351335045,52.01286956008333,45.13175074480307,0
750.0,600.0,960.4686356149273,40.0492748235458,49.800802932933955,52.106597753971585,44.925038878239874,0
775.0,600.0,980.114789195633,40.29694946160791,50.046604052308645,54.283744820586534,45.17177675695828,0
800.0,600.0,1000.0,40.67557474672111,51.090929034433216,56.5349776339733,45.883251890577164,0
250.0,625.0,673.145600891813,57.3535599437495,90.63367379172549,93.1609806903131,73.9936168677375,0
275.0,625.0,682.8250141873832,55.698711272340404,87.96084581367617,90.74713833865748,71.82977854300829,0
300.0,625.0,693.2712311931024,54.108061626809246,85.18580468897413,87.99318416045125,69.64693315789168,0
325.0,625.0,704.4501401802686,52.60014454023554,82.480260580137,85.12893854072692,67.54020256018627,0
350.0,625.0,716.3274390947201,51.17272262634733,79.95014265833296,82.34734082650196,65.56143264234015,0
375.0,625.0,728.8689868556626,49.82826689994548,77.52622729693448,79.82827769428523,63.67724709843998,0
400.0,625.0,742.0411039827915,48.565358446882705,75.13441384654358,77.6005758205931,61.849886146713146,0
425.0,625.0,755.8108228915487,47.37592805484256,72.77295859451988,75.25608692318963,60.07444332468122,0
450.0,625.0,770.1460900374682,46.270275780625646,70.50716666276301,72.70503374546497,58.388721221694325,0
475.0,625.0,785.0159234053791,45.246970888191754,68.32934638624293,70.77836697663392,56.78815863721734,0
500.0,625.0,800.3905296791061,44.29907316519285,66.16352034971733,68.35435168162682,55.23129675745509,0
525.0,625.0,816.2413858657254,43.43481482434573,64.11962418763407,66.46253033605682,53.777219505989905,0
550.0,625.0,832.5412902673356,42.660004858647724,62.10127731997022,64.29119193977478,52.38064108930897,0
575.0,625.0,849.2643875731515,41.97810410786112,60.11489490842814,62.300555399658435,51.046499508144635,0
600.0,625.0,866.3861725581728,41.417330238364244,58.22962880834718,60.23061583511474,49.823479523355715,0
625.0,625.0,883.8834764831844,40.97220162817692,56.42670698419793,58.69749530687241,48.69945430618742,0
650.0,625.0,901.7344398435716,40.6266048105458,54.73058177853616,56.81573355884717,47.67859329454098,0
675.0,625.0,919.9184746487049,40.38937364571018,53.20566614971332,55.34108589909094,46.79751989771175,0
700.0,625.0,938.416218956173,40.254879071804496,51.76268982918727,53.59365224756978,46.00878445049588,0
725.0,625.0,957.2094859538323,40.25363775224915,50.44565566238287,51.94054487396119,45.34964670731601,0
750.0,625.0,976.2812094883318,40.37815044003487,49.808120434041975,51.7326919623695,45.09313543703843,0
775.0,625.0,995.6153875869938,40.61466585042231,49.99300086786139,53.82222018865273,45.30383335914185,0
275.0,650.0,705.7797106746552,55.500614009818676,86.6746757691901,89.39100021421326,71.08764488950439,0
300.0,650.0,715.8910531638177,53.97058607859614,84.03555387452096,86.78118104651368,69.00306997655855,0
325.0,650.0,726.7220926874317,52.52185188350381,81.48793810005506,84.03090144280091,67.00489499177944,0
350.0,650.0,738.24115301167,51.150646195824365,79.08981672178481,81.35993783646538,65.1202314588046,0
375.0,650.0,750.4165509901817,49.85713508284269,76.76214166594032,79.32428422496993,63.309638374391504,0
400.0,650.0,763.2168761236874,48.63766949867417,74.42428845666201,76.95534329216582,61.53097897766809,0
425.0,650.0,776.6112283504533,47.49000062283777,72.13321031957369,74.38607542540765,59.81160547120573,0
450.0,650.0,790.5694150420949,46.426999166751756,69.98474580366984,71.96984981569206,58.2058724852108,0
475.0,650.0,805.0621094052309,45.43955599451234,67.86249897378866,70.1709231348898,56.651027484150504,0
500.0,650.0,820.0609733428363,44.52754318446763,65.79513870418096,67.84780777932342,55.161340944324294,0
525.0,650.0,835.5387483534201,43.69184099996208,63.78827725702798,66.07414986694772,53.740059128495034,0
550.0,650.0,851.46931829632,42.94511482355136,61.84756815185419,64.14759969055295,52.39634148770277,0
575.0,650.0,867.8277478854891,42.286862013012794,59.92983416098128,62.03172741141256,51.10834808699704,0
600.0,650.0,884.5903006477066,41.74516285386877,58.12183816924162,59.98651779171635,49.933500511555195,0
625.0,650.0,901.7344398435716,41.315260443575994,56.40226387391758,58.6447316575072,48.858762158746785,0
650.0,650.0,919.2388155425118,40.98115471159826,54.78573077302332,56.83519247786685,47.88344274231079,0
675.0,650.0,937.0832406995656,40.7509836346558,53.302899943474586,55.366214697648,47.02694178906519,0
700.0,650.0,955.24865872714,40.61989124914085,51.913351536412925,53.68649884125266,46.266621392776884,0
725.0,650.0,973.7171047075224,40.61720560999497,50.61317169566102,52.13829192422412,45.615188652827996,0
750.0,650.0,992.4716620639604,40.73694121157933,49.88541536862139,51.45507616434555,45.31117829010036,0
300.0,675.0,738.6643351347078,53.90015480121845,83.06020989860423,85.71746777785454,68.48018234991133,0
325.0,675.0,749.1662031885849,52.50614789200038,80.6540078303469,83.07231365665623,66.58007786117363,0
350.0,675.0,760.3453162872775,51.186621893696774,78.34921572078288,80.51165769123585,64.76791880723982,0
375.0,675.0,772.172260574025,49.936474635631356,76.07802644461493,78.55648556562502,63.007250540123145,0
400.0,675.0,784.6177413237608,48.7563677520699,73.784042287666,76.12211998430077,61.270205019867944,0
425.0,675.0,797.6528066771908,47.65138465916547,71.61556319254204,73.64347380713593,59.63347392585376,0
450.0,675.0,811.2490369793976,46.6273597709205,69.55368335307972,71.8944935803568,58.090521562000106,0
475.0,675.0,825.3787009609589,45.673196525804386,67.48623144248855,69.6700646606881,56.579713984146466,0
500.0,675.0,840.0148808205721,44.792943879368494,65.49629243555943,67.73453896137926,55.14461815746396,0
525.0,675.0,855.1315688243535,43.984351994761525,63.53225021426884,65.7043474510102,53.75830110451518,0
550.0,675.0,870.7037383633999,43.262830608985354,61.657112348370184,63.89399751584241,52.45997147867777,0
575.0,675.0,886.70739254841,42.62627256918067,59.811200503523835,61.84094759277969,51.21873653635225,0
600.0,675.0,903.1195934094221,42.10144726885271,58.072476090985454,59.87716915718806,50.086961679919085,0
625.0,675.0,919.9184746487049,41.68686860732288,56.43047252129956,58.64902067334883,49.05867056431122,0
650.0,675.0,937.0832406995656,41.36319822468474,54.88587293424022,56.905443658541095,48.124535579462474,0
675.0,675.0,954.5941546018391,41.13950649195476,53.44200979543268,55.44177378553824,47.29075814369372,0
700.0,675.0,972.4325169388362,41.01144615088671,52.098621770446734,53.82372719380415,46.55503396066672,0
725.0,675.0,990.5806378079475,41.00729700638156,50.82977989589246,52.594486111359885,45.91853845113701,0
325.0,700.0,771.7674520216566,52.546270119281346,79.93374121653571,82.2380707585079,66.24000566790852,0
350.0,700.0,782.6237921249264,51.273397833014286,77.70817369401294,80.09434165784452,64.49078576351361,0
375.0,700.0,794.1190087134296,50.06139507904291,75.46684476402434,77.8220581221026,62.76411992153363,0
400.0,700.0,806.2257748298549,48.92076583730286,73.25902591409016,75.41142837882923,61.08989587569651,0
425.0,700.0,818.91696770796,47.85510877742058,71.19159377665505,73.01697683030055,59.52335127703782,0
450.0,700.0,832.1658488546619,46.86548718096979,69.19033147375615,71.37550785578459,58.02790932736296,0
475.0,700.0,845.9462157844315,45.94368321154886,67.19046640647781,69.26354867770152,56.567074809013334,0
500.0,700.0,860.2325267042627,45.091650238819824,65.26030399499007,67.4624698276328,55.175977116904946,0
525.0,700.0,875.0,44.30914587111906,63.354358620190915,65.41673375330559,53.83175224565498,0
550.0,700.0,890.2246907382428,43.609887898891586,61.53092262095718,63.69349632272012,52.570405259924385,0
575.0,700.0,905.883546599672,42.992785217166315,59.75181901153086,61.71926438389929,51.372302114348585,0
600.0,700.0,921.9544457292888,42.484732887080504,58.07536343750731,59.8298989146159,50.28004816229391,0
625.0,700.0,938.416218956173,42.08342998045586,56.49934593919396,58.41004174403507,49.29138795982491,0
650.0,700.0,955.24865872714,41.77020670378853,55.02630302172859,57.02112063923244,48.39825486275856,0
675.0,700.0,972.4325169388362,41.552507170232325,53.62473467395545,55.56235419237639,47.58862092209389,0
700.0,700.0,989.9494936611666,41.42717491634592,52.315070119815196,54.00070249433028,46.871122518080554,0
350.0,725.0,805.0621094052309,51.40317493658013,77.13872332258457,79.44341874574157,64.27094912958235,0
375.0,725.0,816.2413858657254,50.22795227363201,74.92792200539901,77.19004824234042,62.57793713951551,0
400.0,725.0,828.0247580839597,49.1262097519262,72.82801338270319,74.80952796571006,60.977111567314694,0
425.0,725.0,840.3868156985806,48.09689804999134,70.84720607199468,72.7480020150853,59.47205206099301,0
450.0,725.0,853.3024082938006,47.139138856546936,68.90269086364776,70.94806604042657,58.02091486009735,0
475.0,725.0,866.7467911679859,46.24656349363309,66.95852305769148,69.098691740582,56.602543275662285,0
500.0,725.0,880.6957476904269,45.42017645009474,65.07801079292977,67.19123428981464,55.24909362151226,0
525.0,725.0,895.1256894984078,44.66205353742281,63.24000023524977,65.20232470146705,53.95102688633629,0
550.0,725.0,910.0137361600648,43.98308533128879,61.462817376386056,63.56102865655601,52.72295135383742,0
575.0,725.0,925.3377761660873,43.3851582006571,59.7457728280146,61.659097390322025,51.565465514335855,0
600.0,725.0,941.0765112359356,42.892556801818614,58.12531947098244,59.83797351357143,50.50893813640053,0
625.0,725.0,957.2094859538323,42.50321941795792,56.612592948509885,58.11083819124446,49.557906183233904,0
650.0,725.0,973.7171047075224,42.19999056947199,55.20301647784237,57.17765191260421,48.70150352365718,0
675.0,725.0,990.5806378079475,41.98787349351165,53.841712861721646,55.723368886127076,47.914793177616644,0
375.0,750.0,838.5254915624212,50.43417838360394,74.4919496256408,76.59783660407855,62.46306400462237,0
400.0,750.0,850.0,49.36867488914761,72.48414765092134,74.30466650878141,60.92641127003448,0
425.0,750.0,862.0469824783333,48.372888292950734,70.57250078421033,72.72130915022254,59.472694538580534,0
450.0,750.0,874.642784226795,47.4449042713167,68.68295973486374,70.76350878291555,58.06393200309022,0
475.0,750.0,887.7640452282352,46.578434760576634,66.78411490309159,68.78948264589258,56.681274831834116,0
500.0,750.0,901.3878188659974,45.77579204220483,64.95635688519799,66.97240328061677,55.36607446370141,0
525.0,750.0,915.4916711800278,45.04021316436337,63.18173439615619,65.05343836064971,54.11097378025978,0
550.0,750.0,930.0537618869137,44.38125478591951,61.44821514291655,63.489379086459316,52.91473496441803,0
575.0,750.0,945.05290857179,43.801091084243545,59.78752724463201,61.65398718971291,51.79430916443778,0
600.0,750.0,960.4686356149273,43.32277988904349,58.217806156250425,59.89565641523119,50.77029302264695,0
625.0,750.0,976.2812094883318,42.94449254038974,56.762663480710216,58.21402266534782,49.85357801054998,0
650.0,750.0,992.4716620639604,42.65011381974371,55.407311391800455,57.202446386636154,49.028712605772085,0
400.0,775.0,872.1381771256204,49.644671589215896,72.21198448501444,73.886738657477,60.928328037115165,0
425.0,775.0,883.8834764831844,48.67897623600358,70.35140066068037,72.37676103156383,59.51518844834197,0
450.0,775.0,896.1724164467461,47.7791863096058,68.51802504371042,70.53937502061832,58.14860567665811,0
475.0,775.0,908.9829481348921,46.93640116267202,66.66872917047974,68.59073048880806,56.802565166575874,0
500.0,775.0,922.2933372848358,46.156197462333886,64.89074619573061,66.8177179766219,55.523471829032246,0
525.0,775.0,936.0822613424527,45.442459925692475,63.17394932113133,64.96347038412185,54.3082046234119,0
550.0,775.0,950.3288904374107,44.80222695419616,61.49289188560693,63.472361452384156,53.14755941990154,0
575.0,775.0,965.0129532809391,44.23857704557004,59.872091965131794,61.69839697629566,52.05533450535091,0
600.0,775.0,980.114789195633,43.77354036774749,58.34934349844217,59.998030715345486,51.06144193309483,0
625.0,775.0,995.6153875869938,43.405492363102624,56.94671692837384,58.370868900681664,50.176104645738235,0
425.0,800.0,905.883546599672,49.01359067279085,70.18997637923526,72.10368610554279,59.60178352601305,0
450.0,800.0,917.8779875342909,48.13705653101338,68.3950235444092,70.34875279771387,58.26604003771129,0
475.0,800.0,930.3897032964197,47.3181549850149,66.60077585264746,68.58059609575442,56.95946541883118,0
500.0,800.0,943.3981132056604,46.560121485775085,64.87506106878197,66.72092034638028,55.71759127727853,0
525.0,800.0,956.8829604502318,45.866751662961484,63.21189419549801,64.92671349874348,54.53932292922975,0
550.0,800.0,970.8243919473799,45.24410220760662,61.580785435132775,63.50464298513926,53.4124438213697,0
575.0,800.0,985.2030247619016,44.69585534598687,59.99552918645473,61.78755411528294,52.3456922662208,0
600.0,800.0,1000.0,44.24322340579158,58.519712837925425,60.14085765319713,51.381468121858504,0
475.0,825.0,951.9716382329885,47.72248736049221,66.5780753928821,68.47785975514749,57.150281376687154,0
500.0,825.0,964.6890690787369,46.98561407774662,64.90464473583968,66.6765739637289,55.94512940679315,0
525.0,825.0,977.8803607803973,46.3112925247882,63.291432463335674,64.93821140910903,54.801362494061934,0
550.0,825.0,991.526600752597,45.705207731180145,61.70802895334794,63.58160265415002,53.70661834226404,0
525.0,850.0,999.0620601344043,46.77449546126595,63.40894568301249,64.99363981283147,55.091720572139224,0
500.0,-325.0,596.3430220938282,47.38823697472306,83.49372487491917,87.65853000283893,65.4409809248211,0
525.0,-325.0,617.4544517614235,45.735320009124734,79.33557587287231,83.65856026573069,62.53544794099852,0
450.0,-350.0,570.087712549569,49.89200905048959,88.44722912284908,92.21416150779457,69.16961908666934,0
475.0,-350.0,590.0211860602973,48.05982544532323,84.25377879318586,88.23640164139688,66.15680211925454,0
500.0,-350.0,610.3277807866851,46.37501799186004,80.23588400158145,84.21437737815657,63.30545099672075,0
525.0,-350.0,630.9714732061981,44.85003426669346,76.45130982773168,80.09866371816258,60.650672047212566,1
550.0,-350.0,651.9202405202649,43.503249414717914,73.01958118153297,76.83452906195139,58.26141529812544,0
575.0,-350.0,673.145600891813,42.3258321451014,69.76664568860512,73.35615569061004,56.04623891685326,1
425.0,-375.0,566.7892024377317,50.70905712431488,89.16162301836572,92.77893046201379,69.9353400713403,0
450.0,-375.0,585.768725692999,48.86490498612383,85.13113205152447,88.96914716701141,66.99801851882415,0
475.0,-375.0,605.1859218455102,47.154119833830016,81.22137496863189,84.90136788642435,64.18774740123095,0
500.0,-375.0,625.0,45.59182492341397,77.52555308823648,80.95923282994264,61.55868900582522,1
525.0,-375.0,645.174395028197,44.177585630603154,74.1732784753667,78.09283278586729,59.17543205298493,0
550.0,-375.0,665.6763477847173,42.92096114661156,70.99596573822599,74.64886627391874,56.958463442418775,1
575.0,-375.0,686.476510887299,41.81875264082291,67.89273097639095,71.3610770420504,54.85574180860693,0
600.0,-375.0,707.5485849042453,40.90479453919194,64.91523401609307,68.11109021553304,52.9100142776425,1
375.0,-400.0,548.2928049865327,53.62095518562286,93.84135407166046,97.02176056804123,73.73115462864166,0
400.0,-400.0,565.685424949238,51.637820369061195,89.96683320947345,93.22822183627251,70.80232678926733,0
425.0,-400.0,583.6308764964376,49.77721926584458,86.08897892762714,89.6033761577919,67.93309909673586,0
450.0,-400.0,602.0797289396148,48.046693382175164,82.27716881477329,85.69525903000296,65.16193109847423,1
475.0,-400.0,620.987117418711,46.45279661387175,78.69427898487487,81.90368813006262,62.57353779937331,0
500.0,-400.0,640.3124237432849,44.997167903879514,75.3794856450634,78.71460448731217,60.188326774471456,0
525.0,-400.0,660.0189391222043,43.672293200579084,72.29314331438509,75.92967801741476,57.98271825748209,0
550.0,-400.0,680.0735254367721,42.4938506016451,69.26348890388039,72.66482344712189,55.87866975276275,0
575.0,-400.0,700.446286306095,41.45744838337811,66.3147476730613,69.31375091650384,53.886098028219706,0
600.0,-400.0,721.1102550927978,40.59942828352421,63.540050575221954,66.49947115152221,52.06973942937309,0
625.0,-400.0,742.0411039827915,39.91557919430639,60.821273699972515,63.6034680496635,50.368426447139456,0
650.0,-400.0,763.2168761236874,39.38702927449138,58.16055454619913,61.138310300727795,48.77379191034525,0
325.0,-425.0,535.0233639758175,56.73795799187636,98.2272948078813,101.51239550101268,77.48262639987882,0
350.0,-425.0,550.567888638631,54.64337048144065,94.57199682315495,97.75776966582154,74.6076836522978,0
375.0,-425.0,566.7892024377317,52.65536898833126,90.86035985430202,94.12061016434669,71.75786442131664,0
400.0,-425.0,583.6308764964376,50.78717114861389,87.11665330029021,90.34593888477147,68.95191222445206,0
425.0,-425.0,601.0407640085654,49.034314222952204,83.39425736177083,86.69116842208173,66.21428579236152,0
450.0,-425.0,618.9709201569974,47.41393380700651,79.91866169360434,82.91787354699822,63.66629775030542,0
475.0,-425.0,637.3774391990981,45.92200964144303,76.63422138981747,79.36922284295933,61.27811551563025,0
500.0,-425.0,656.2202374203343,44.55476834535618,73.61809440213665,76.94499759052344,59.086431373746414,0
525.0,-425.0,675.4628043053148,43.30681439771696,70.67675031271612,73.88957421863401,56.99178235521654,0
550.0,-425.0,695.0719387228922,42.19477815436109,67.79133964139038,70.99023229514843,54.993058897875734,0
575.0,-425.0,715.0174823037546,41.21785544977062,65.04107300567142,68.14147586453552,53.129464227721016,0
600.0,-425.0,735.2720584926371,40.41047601767988,62.39351750170115,65.35781275268295,51.40199675969052,0
625.0,-425.0,755.8108228915487,39.7679079509813,59.81851631511316,62.69384290974809,49.79321213304723,0
650.0,-425.0,776.6112283504533,39.26422258346827,57.260627191376756,59.93539962798312,48.26242488742251,0
675.0,-425.0,797.6528066771908,38.92292139431254,54.94061232864636,57.155744450935906,46.931766861479446,1
700.0,-425.0,818.91696770796,38.741449943377056,52.96937309747711,55.181285113913056,45.85541152042708,1
300.0,-450.0,540.8326913195984,57.812600662475205,98.8331533164224,102.00437654255816,78.3228769894488,0
325.0,-450.0,555.0900827793629,55.7333613195195,95.31325125912826,98.22041907005331,75.52330628932388,0
350.0,-450.0,570.087712549569,53.7541883808041,91.80169548954585,94.92357232647163,72.77794193517498,0
375.0,-450.0,585.768725692999,51.87436742793932,88.20788989566842,91.3651075936178,70.04112866180387,0
400.0,-450.0,602.0797289396148,50.108468141248224,84.59324023176292,87.84060394874258,67.35085418650557,0
425.0,-450.0,618.9709201569974,48.45868516780861,81.18162117997113,84.04814281589935,64.82015317388988,0
450.0,-450.0,636.3961030678928,46.93546900042032,77.94633623263198,80.5511780515361,62.440902616526145,0
475.0,-450.0,654.31261641512,45.53198796716977,74.98545798563589,78.44482381203862,60.25872297640283,0
500.0,-450.0,672.6812023536855,44.238185093496796,72.09196200786347,75.28752742327833,58.165073550680134,0
525.0,-450.0,691.4658342969666,43.05741558659315,69.28062280491771,72.24918504964766,56.16901919575543,0
550.0,-450.0,710.6335201775947,42.004884047516654,66.56790009254581,69.59707895515702,54.28639207003123,0
575.0,-450.0,730.1540933255117,41.07882063979818,63.9451729097004,66.69051807016007,52.51199677474929,0
600.0,-450.0,750.0,40.31890540736556,61.451856059531366,64.30768203810527,50.885380733448464,0
625.0,-450.0,770.1460900374682,39.705695699867064,58.96032468228753,61.70305352418576,49.33301019107729,0
650.0,-450.0,790.5694150420949,39.23102598401172,56.547750724483684,58.964235480649215,47.8893883542477,0
675.0,-450.0,811.2490369793976,38.91111568063757,54.38292881253112,56.36755320722021,46.64702224658434,0
700.0,-450.0,832.1658488546619,38.74034290958389,52.446875050698544,54.82910691387434,45.59360898014121,1
725.0,-450.0,853.3024082938006,38.747772321738445,51.537961651471235,54.46670803162963,45.142866986604844,0
250.0,-475.0,536.7727638395972,61.139703079048374,102.97082444287045,106.33432486680431,82.0552637609594,0
275.0,-475.0,548.8624600025037,58.96193685407741,99.51659268183361,102.62355963718797,79.23926476795552,0
300.0,-475.0,561.8051263561058,56.8805526882844,96.10079377362203,99.1485619018157,76.49067323095322,0
325.0,-475.0,575.5432216610669,54.91462074591857,92.77912936780467,95.8265137131715,73.84687505686162,0
350.0,-475.0,590.0211860602973,53.03482503890636,89.3473127103801,92.43702558223394,71.19106887464324,0
375.0,-475.0,605.1859218455102,51.25050098907913,85.85559056494365,89.0446000533015,68.55304577701139,0
400.0,-475.0,620.987117418711,49.58051712996775,82.4771201088042,85.35837933683064,66.02881861938597,0
425.0,-475.0,637.3774391990981,48.02377208984042,79.29714695133482,81.96816812394304,63.66045952058762,0
450.0,-475.0,654.31261641512,46.586340077316336,76.3488583454689,79.07514334711365,61.46759921139262,0
475.0,-475.0,671.7514421272201,45.25542675730351,73.55413977785508,76.79278849140515,59.4047832675793,0
500.0,-475.0,689.6557112066861,44.02832622939776,70.77622722130977,73.86435017137681,57.402276725353765,0
525.0,-475.0,707.9901129253147,42.908051714210615,68.11912748066567,71.16408502899681,55.51358959743814,0
550.0,-475.0,726.7220926874317,41.9052109891599,65.53039879564582,68.39023190877408,53.71780489240286,0
575.0,-475.0,745.8216945088149,41.027871457370935,63.04736266264334,65.48698672712948,52.037617060007136,0
600.0,-475.0,765.2613932506983,40.30774636645771,60.66910836022317,63.40499665313996,50.488427363340435,0
625.0,-475.0,785.0159234053791,39.721236672450104,58.248366703124915,60.75360289306833,48.98480168778751,0
650.0,-475.0,805.0621094052309,39.273567782725095,55.98237794023431,58.22453149610299,47.627972861479705,0
675.0,-475.0,825.3787009609589,38.971939540610464,53.956215197160965,55.84887420992014,46.46407736888571,0
700.0,-475.0,845.9462157844315,38.80953875076485,52.082573342708315,54.37099622067584,45.44605604673659,0
725.0,-475.0,866.7467911679859,38.81707323911043,50.99305761793834,53.29495995421046,44.90506542852438,0
750.0,-475.0,887.7640452282352,38.98270744078591,51.11264171764609,55.95612177201905,45.047674579216,0
775.0,-475.0,908.9829481348921,39.30522399909803,52.11109892297228,58.711248531298196,45.70816146103516,0
200.0,-500.0,538.5164807134504,64.59340099407099,106.97875758803346,110.56812717322856,85.78607929105223,0
225.0,-500.0,548.2928049865327,62.33711505239501,103.61370416646028,107.01362539835613,82.97540960942764,0
250.0,-500.0,559.0169943749474,60.165331404340066,100.25614337740866,103.46745575578674,80.21073739087436,0
275.0,-500.0,570.6356105256664,58.09495483751243,96.95115281090861,100.14855345971837,77.52305382421052,0
300.0,-500.0,583.09518948453,56.11609545320361,93.70598459428072,96.58940227711874,74.91104002374217,0
325.0,-500.0,596.3430220938282,54.247347160229154,90.49072651140158,93.45084167429862,72.36903683581536,0
350.0,-500.0,610.3277807866851,52.458697488259595,87.15587882842662,90.29542289656452,69.80728815834311,0
375.0,-500.0,625.0,50.76310277372382,83.81147326796537,86.71715494059858,67.2872880208446,0
400.0,-500.0,640.3124237432849,49.181935410618266,80.6901973814275,83.41103438594929,64.93606639602288,0
425.0,-500.0,656.2202374203343,47.707940162648384,77.76556136029068,80.20856565180935,62.73675076146953,0
450.0,-500.0,672.6812023536855,46.34444617476851,75.01186794277865,78.1055508288197,60.67815705877358,0
475.0,-500.0,689.6557112066861,45.07699627264118,72.31290139153944,75.13797034455771,58.69494883209031,0
500.0,-500.0,707.1067811865476,43.90952729972122,69.65075290957131,72.49763172680127,56.780140104646264,0
525.0,-500.0,725.0,42.83980594855633,67.10834686967712,69.89508718299454,54.974076409116726,0
550.0,-500.0,743.3034373659252,41.88446052126979,64.65875351644581,67.22784639576696,53.2716070188578,0
575.0,-500.0,761.9875327064085,41.05228347047439,62.31217178600213,64.61468733070576,51.682227628238266,0
600.0,-500.0,781.0249675906655,40.36098482724476,59.96685785780149,62.628155486313226,50.163921342523125,0
625.0,-500.0,800.3905296791061,39.80512354970381,57.67827951950895,60.126528789632594,48.74170153460638,0
650.0,-500.0,820.0609733428363,39.38087160084728,55.54253321839654,57.75137609373914,47.46170240962191,0
675.0,-500.0,840.0148808205721,39.09499546831293,53.63378882764372,55.595155121475095,46.36439214797832,0
700.0,-500.0,860.2325267042627,38.93975012221537,51.84021242073248,54.03219549336743,45.38998127147393,0
725.0,-500.0,880.6957476904269,38.9462927835271,50.63510145040437,52.328800520305904,44.79069711696573,0
750.0,-500.0,901.3878188659974,39.101683846124104,50.627920707049455,54.855802512588916,44.86480227658678,0
775.0,-500.0,922.2933372848358,39.40810200963061,51.41972729956449,57.471971876004595,45.41391465459755,0
800.0,-500.0,943.3981132056604,39.86606531263663,53.40940368999954,60.177372985111155,46.637734501318086,0
825.0,-500.0,964.6890690787369,40.4603392997539,55.94506666678255,62.97207039614259,48.202702983268225,0
175.0,-525.0,553.3985905294663,65.81057479842184,107.65221981361951,111.29143715632006,86.73139730602068,0
200.0,-525.0,561.8051263561058,63.57760058364537,104.32981685730851,107.35334347776353,83.95370872047694,0
225.0,-525.0,571.1829829397931,61.423736165573935,101.0595287686468,104.38479878945209,81.24163246711036,0
250.0,-525.0,581.4851674806504,59.3554849782692,97.85056028231891,101.10026253391808,78.60302263029405,0
275.0,-525.0,592.663479556485,57.377204068401625,94.67945678715532,97.61347199845277,76.02833042777847,0
300.0,-525.0,604.6693311223912,55.49732490499741,91.59550777905771,94.11032894459022,73.54641634202756,0
325.0,-525.0,617.4544517614235,53.71493366694867,88.46817586333147,91.44826256421669,71.09155476514007,0
350.0,-525.0,630.9714732061981,52.00588241948599,85.19962269461827,88.11280567451657,68.60275255705213,0
375.0,-525.0,645.174395028197,50.395471787568425,82.1041228336429,84.8745284945961,66.24979731060566,0
400.0,-525.0,660.0189391222043,48.893832967330084,79.19895608963157,81.73421252696458,64.04639452848082,0
425.0,-525.0,675.4628043053148,47.49387955422921,76.46781486146774,79.19592838630966,61.98084720784848,0
450.0,-525.0,691.4658342969666,46.191463840048286,73.83226742444938,76.73134317867789,60.011865632248835,0
475.0,-525.0,707.9901129253147,44.98245730322746,71.22922822814652,74.01077025443567,58.105842765686994,0
500.0,-525.0,725.0,43.86722352406654,68.70339044319482,71.49497059425127,56.285306983630676,0
525.0,-525.0,742.4621202458749,42.84335248646582,66.26272742378585,68.96050421828159,54.55303995512583,0
550.0,-525.0,760.3453162872775,41.93395290472681,63.939749316591,66.25841309408432,52.93685111065891,0
575.0,-525.0,778.6205751198719,41.14042202799405,61.698597670174735,64.28691008480976,51.41950984908439,0
600.0,-525.0,797.2609359550987,40.47624747662438,59.4102400344901,62.01956071911356,49.94324375555724,0
625.0,-525.0,816.2413858657254,39.94788330865421,57.23250787929546,59.64669763579515,48.59019559397484,0
650.0,-525.0,835.5387483534201,39.54413462493717,55.204923197648604,57.39261565496993,47.374528911292884,0
675.0,-525.0,855.1315688243535,39.27193811591542,53.399785301013296,55.57426698440484,46.33586170846436,0
700.0,-525.0,875.0,39.122805279071656,51.70483934305263,53.7941649120535,45.41382231106215,0
725.0,-525.0,895.1256894984078,39.1259127121522,50.41373005883258,52.17359304522578,44.76982138549239,0
750.0,-525.0,915.4916711800278,39.273887124120094,50.26897702224811,53.94443299582939,44.7714320731841,0
775.0,-525.0,936.0822613424527,39.56448156361381,50.8889037963578,56.435010351665014,45.2266926799858,0
800.0,-525.0,956.8829604502318,39.999357840045036,52.59418780381205,59.010481510144146,46.29677282192854,0
825.0,-525.0,977.8803607803973,40.56559698631713,55.00836386277108,61.67090514481648,47.786980424544105,0
850.0,-525.0,999.0620601344043,41.28089639667016,57.507051540866904,64.41634006314531,49.393973968768535,0
200.0,-550.0,585.2349955359813,62.720511447105245,101.94272756798723,105.36609706953014,82.33161950754624,0
225.0,-550.0,594.2432162002357,60.65939319368962,98.76217569598722,101.950418388418,79.71078444483842,0
250.0,-550.0,604.1522986797286,58.68131190593713,95.69357688696627,98.8110020341631,77.1874443964517,0
275.0,-550.0,614.9186938124421,56.79565440979677,92.6806371359631,95.3843812781537,74.73814577287993,0
300.0,-550.0,626.4982043070834,55.004643279970736,89.7376769939497,92.61087227028237,72.37116013696021,0
325.0,-550.0,638.8466169590318,53.29404587886162,86.62922744880943,89.5329760888099,69.96163666383552,0
350.0,-550.0,651.9202405202649,51.664628262893046,83.53362686244417,86.35643217154177,67.5991275626686,0
375.0,-550.0,665.6763477847173,50.13094334911733,80.65086990239563,83.27273241650052,65.39090662575649,0
400.0,-550.0,680.0735254367721,48.70086979776987,77.95247830990371,80.28258041526334,63.32667405383679,0
425.0,-550.0,695.0719387228922,47.36477447600174,75.35887925817588,78.32965723108617,61.36182686708881,0
450.0,-550.0,710.6335201775947,46.1185246913464,72.81949249254306,75.69300424007042,59.46900859194473,0
475.0,-550.0,726.7220926874317,44.95909905700888,70.29416393302724,73.02824018497947,57.62663149501806,0
500.0,-550.0,743.3034373659252,43.89171676682937,67.89056948714725,70.56255825822672,55.89114312698831,0
525.0,-550.0,760.3453162872775,42.912166153135,65.55991667684424,68.01741862100884,54.236041414989614,0
550.0,-550.0,777.8174593052023,42.04440233435916,63.3513594144205,65.46091089833429,52.69788087438983,0
575.0,-550.0,795.6915231419774,41.2811348528412,61.16204945258832,63.69275284195755,51.22159215271476,0
600.0,-550.0,813.9410298049853,40.64584730304752,58.98090232237426,61.53544361856824,49.81337481271089,0
625.0,-550.0,832.5412902673356,40.14186932662746,56.89567651472257,59.27776004679186,48.51877292067501,0
650.0,-550.0,851.46931829632,39.756209554800066,54.967308375517796,57.13185593789494,47.36175896515893,0
675.0,-550.0,870.7037383633999,39.49598475050881,53.246062586716704,55.57609375236766,46.37102366861276,0
700.0,-550.0,890.2246907382428,39.34899306326565,51.63772732349751,53.64213264190242,45.49336019338158,0
725.0,-550.0,910.0137361600648,39.35145004907136,50.31448115392973,52.112860636963255,44.83296560150055,0
750.0,-550.0,930.0537618869137,39.49270611310018,50.016873849778186,53.19609993856252,44.75478998143919,1
775.0,-550.0,950.3288904374107,39.767625979431045,50.485806889681534,55.57261151018266,45.126716434556286,0
800.0,-550.0,970.8243919473799,40.182081971999054,51.934725550302474,58.03008060197389,46.058403761150764,0
825.0,-550.0,991.526600752597,40.72219175531984,54.23586487079786,60.568560839445674,47.47902831305885,0
200.0,-575.0,608.789783094296,61.99628041698943,99.72967523408336,102.97282903772432,80.86297782553639,0
225.0,-575.0,617.4544517614235,60.027162175662426,96.73428743694393,99.95989671358332,78.38072480630318,0
250.0,-575.0,626.9968101992226,58.132512489616886,93.79516386825472,96.69215751902236,75.9638381789358,0
275.0,-575.0,637.3774391990981,56.33234878567482,90.92022149145392,93.42102198255631,73.62628513856437,0
300.0,-575.0,648.5560885536423,54.617764135779765,88.06398222668533,90.91414514351278,71.34087318123255,0
325.0,-575.0,660.4922406811453,52.975473652618824,85.01792094779096,87.85486730393997,68.99669730020489,0
350.0,-575.0,673.145600891813,51.42007459818578,82.13145197742314,84.82297052264119,66.77576328780447,0
375.0,-575.0,686.476510887299,49.95581598044794,79.44656582400557,81.87989176995926,64.70119090222676,0
400.0,-575.0,700.446286306095,48.590446212583515,76.88400007115887,79.37480807542275,62.73722314187119,0
425.0,-575.0,715.0174823037546,47.306629749775546,74.37971291946936,77.02976149807412,60.843171334622454,0
450.0,-575.0,730.1540933255117,46.11075415068312,71.91518654230038,74.64998482351385,59.01297034649175,0
475.0,-575.0,745.8216945088149,44.999860699581376,69.52406624534605,71.94237400541363,57.26196347246371,0
500.0,-575.0,761.9875327064085,43.97550420829826,67.19337615129656,69.76891844502818,55.58444017979741,0
525.0,-575.0,778.6205751198719,43.03836954489769,64.980985434427,67.22937624248887,54.009677489662344,0
550.0,-575.0,795.6915231419774,42.20645069211269,62.859514390750434,65.32981587639024,52.532982541431565,0
575.0,-575.0,813.1727983645296,41.47057781306381,60.71941834846677,63.11701680882879,51.09499808076529,0
600.0,-575.0,831.0385069297331,40.863037068322605,58.65172020132951,61.15870087948306,49.757378634826054,0
625.0,-575.0,849.2643875731515,40.380820565872604,56.66191047855801,59.00453633729829,48.521365522215305,0
650.0,-575.0,867.8277478854891,40.011231019003475,54.81209344298355,56.95576625635603,47.411662230993514,0
675.0,-575.0,886.70739254841,39.758686897047845,53.16018235290815,55.46908026894938,46.459434624978,0
700.0,-575.0,905.883546599672,39.61593285866323,51.62680125793413,53.564201095395944,45.62136705829868,0
725.0,-575.0,925.3377761660873,39.61745605323557,50.2974489478324,52.10355765329294,44.95745250053399,0
750.0,-575.0,945.05290857179,39.75281903630733,49.8625196823859,52.58942136883652,44.80766935934662,0
775.0,-575.0,965.0129532809391,40.013303630276006,50.2024899429583,54.86187677388291,45.107896786617154,0
800.0,-575.0,985.2030247619016,40.40907006926783,51.43962622360533,57.211701769362726,45.92434814643658,0
225.0,-600.0,640.8002808988149,59.50826215263779,94.93723202438383,98.02987200804816,77.22274708851081,0
250.0,-600.0,650.0,57.694453524673825,92.11660015295665,94.81874233074473,74.90552683881523,0
275.0,-600.0,660.0189391222043,55.97217681247952,89.36774428859059,91.90800747556779,72.66996055053505,0
300.0,-600.0,670.820393249937,54.32058000146327,86.52481319866668,89.372196997686,70.42269660006497,0
325.0,-600.0,682.367203197809,52.74800033499402,83.63343733975648,86.38405510313812,68.19071883737524,0
350.0,-600.0,694.6221994724903,51.259909941076145,80.9466786454167,83.48415323475774,66.10329429324642,0
375.0,-600.0,707.5485849042453,49.858226587279695,78.41464868942633,80.6694497401312,64.13643763835302,0
400.0,-600.0,721.1102550927978,48.54781864802253,75.95903155746514,78.68101223938038,62.25342510274383,0
425.0,-600.0,735.2720584926371,47.314462899248404,73.54071070565816,76.20744523305466,60.42758680245328,0
450.0,-600.0,750.0,46.162748069826904,71.13454199034763,73.60079193373315,58.648645030087266,0
475.0,-600.0,765.2613932506983,45.09882658921099,68.8823512780792,71.27073288089002,56.99058893364509,0
500.0,-600.0,781.0249675906655,44.11326105225025,66.62365175696696,68.99781476465515,55.36845640460861,0
525.0,-600.0,797.2609359550987,43.21495818313719,64.50964026826625,66.62770440114787,53.86229922570172,0
550.0,-600.0,813.9410298049853,42.412238895484776,62.43493958051543,64.75572630280963,52.423589238000105,0
575.0,-600.0,831.0385069297331,41.70458875612275,60.37469109308476,62.65807242974955,51.03963992460376,0
600.0,-600.0,848.5281374238571,41.12160963659444,58.403340379517466,60.67697038229935,49.76247500805596,0
625.0,-600.0,866.3861725581728,40.65952677811957,56.510449461886495,58.81455717591044,48.58498812000303,0
650.0,-600.0,884.5903006477066,40.30249014948521,54.73695374726903,56.853408869155636,47.51972194837712,0
675.0,-600.0,903.1195934094221,40.0575045442707,53.15243087414508,55.37281166292062,46.60496770920789,0
700.0,-600.0,921.9544457292888,39.91915624400575,51.66521017408248,53.550690775311544,45.79218320904411,0
725.0,-600.0,941.0765112359356,39.919331138271104,50.34417035133504,52.01286956008333,45.13175074480307,0
750.0,-600.0,960.4686356149273,40.0492748235458,49.800802932933934,52.10659775397167,44.92503887823987,0
775.0,-600.0,980.114789195633,40.296949461607895,50.046604052308645,54.283744820586605,45.171776756958266,0
800.0,-600.0,1000.0,40.67557474672111,51.09092903443318,56.53497763397333,45.88325189057714,0
250.0,-625.0,673.145600891813,57.35355994374951,90.63367379172549,93.1609806903132,73.9936168677375,0
275.0,-625.0,682.8250141873832,55.698711272340425,87.9608458136762,90.74713833865738,71.82977854300832,0
300.0,-625.0,693.2712311931024,54.10806162680926,85.18580468897413,87.99318416045146,69.6469331578917,0
325.0,-625.0,704.4501401802686,52.60014454023556,82.48026058013697,85.12893854072682,67.54020256018626,0
350.0,-625.0,716.3274390947201,51.172722626347344,79.95014265833296,82.34734082650196,65.56143264234015,0
375.0,-625.0,728.8689868556626,49.82826689994549,77.52622729693448,79.82827769428513,63.677247098439985,0
400.0,-625.0,742.0411039827915,48.56535844688271,75.13441384654361,77.60057582059298,61.84988614671316,0
425.0,-625.0,755.8108228915487,47.37592805484256,72.77295859451988,75.25608692318954,60.07444332468122,0
450.0,-625.0,770.1460900374682,46.270275780625646,70.50716666276303,72.70503374546497,58.38872122169434,0
475.0,-625.0,785.0159234053791,45.24697088819177,68.32934638624289,70.77836697663382,56.78815863721733,0
500.0,-625.0,800.3905296791061,44.299073165192844,66.16352034971733,68.35435168162682,55.231296757455084,0
525.0,-625.0,816.2413858657254,43.434814824345736,64.11962418763407,66.46253033605682,53.777219505989905,0
550.0,-625.0,832.5412902673356,42.660004858647724,62.10127731997024,64.29119193977486,52.38064108930898,0
575.0,-625.0,849.2643875731515,41.97810410786112,60.114894908428134,62.300555399658435,51.04649950814463,0
600.0,-625.0,866.3861725581728,41.417330238364244,58.229628808347165,60.23061583511464,49.8234795233557,0
625.0,-625.0,883.8834764831844,40.972201628176926,56.42670698419793,58.6974953068726,48.69945430618743,0
650.0,-625.0,901.7344398435716,40.6266048105458,54.73058177853615,56.815733558847086,47.678593294540974,0
675.0,-625.0,919.9184746487049,40.38937364571018,53.205666149713295,55.34108589909086,46.79751989771174,0
700.0,-625.0,938.416218956173,40.254879071804496,51.76268982918726,53.59365224756978,46.00878445049588,0
725.0,-625.0,957.2094859538323,40.25363775224914,50.445655662382855,51.94054487396127,45.349646707316,0
750.0,-625.0,976.2812094883318,40.37815044003489,49.80812043404194,51.73269196236948,45.09313543703841,0
775.0,-625.0,995.6153875869938,40.61466585042232,49.99300086786141,53.822220188652814,45.30383335914186,0
275.0,-650.0,705.7797106746552,55.500614009818676,86.67467576919009,89.39100021421358,71.08764488950439,0
300.0,-650.0,715.8910531638177,53.97058607859614,84.03555387452096,86.78118104651368,69.00306997655855,0
325.0,-650.0,726.7220926874317,52.521851883503814,81.48793810005505,84.0309014428004,67.00489499177942,0
350.0,-650.0,738.24115301167,51.15064619582437,79.08981672178483,81.35993783646538,65.1202314588046,0
375.0,-650.0,750.4165509901817,49.857135082842696,76.7621416659403,79.32428422496993,63.3096383743915,0
400.0,-650.0,763.2168761236874,48.637669498674185,74.42428845666201,76.95534329216582,61.5309789776681,0
425.0,-650.0,776.6112283504533,47.49000062283777,72.13321031957365,74.38607542540745,59.81160547120571,0
450.0,-650.0,790.5694150420949,46.426999166751756,69.98474580366981,71.96984981569206,58.20587248521078,0
475.0,-650.0,805.0621094052309,45.43955599451235,67.86249897378869,70.1709231348898,56.65102748415052,0
500.0,-650.0,820.0609733428363,44.527543184467646,65.795138704181,67.84780777932332,55.16134094432432,0
525.0,-650.0,835.5387483534201,43.69184099996208,63.78827725702798,66.07414986694762,53.740059128495034,0
550.0,-650.0,851.46931829632,42.945114823551336,61.84756815185415,64.14759969055277,52.39634148770274,0
575.0,-650.0,867.8277478854891,42.28686201301279,59.92983416098128,62.03172741141257,51.10834808699703,0
600.0,-650.0,884.5903006477066,41.74516285386877,58.12183816924162,59.98651779171645,49.933500511555195,0
625.0,-650.0,901.7344398435716,41.315260443575994,56.40226387391755,58.64473165750711,48.85876215874677,0
650.0,-650.0,919.2388155425118,40.981154711598265,54.78573077302332,56.83519247786685,47.88344274231079,0
675.0,-650.0,937.0832406995656,40.75098363465581,53.302899943474564,55.36621469764809,47.02694178906519,0
700.0,-650.0,955.24865872714,40.61989124914085,51.91335153641293,53.686498841252664,46.26662139277689,0
725.0,-650.0,973.7171047075224,40.617205609994976,50.613171695661045,52.13829192422396,45.61518865282801,0
750.0,-650.0,992.4716620639604,40.73694121157932,49.88541536862139,51.45507616434546,45.31117829010036,0
300.0,-675.0,738.6643351347078,53.90015480121846,83.06020989860416,85.71746777785444,68.4801823499113,0
325.0,-675.0,749.1662031885849,52.5061478920004,80.65400783034688,83.07231365665614,66.58007786117363,0
350.0,-675.0,760.3453162872775,51.18662189369678,78.34921572078288,80.51165769123564,64.76791880723982,0
375.0,-675.0,772.172260574025,49.936474635631356,76.07802644461495,78.55648556562483,63.00725054012315,0
400.0,-675.0,784.6177413237608,48.756367752069906,73.78404228766603,76.12211998430077,61.270205019867966,0
425.0,-675.0,797.6528066771908,47.65138465916548,71.61556319254204,73.64347380713573,59.633473925853764,0
450.0,-675.0,811.2490369793976,46.627359770920506,69.55368335307975,71.8944935803569,58.09052156200013,0
475.0,-675.0,825.3787009609589,45.673196525804386,67.48623144248855,69.6700646606882,56.579713984146466,0
500.0,-675.0,840.0148808205721,44.792943879368494,65.4962924355594,67.73453896137917,55.144618157463945,0
525.0,-675.0,855.1315688243535,43.984351994761525,63.53225021426883,65.7043474510102,53.758301104515176,0
550.0,-675.0,870.7037383633999,43.26283060898536,61.657112348370184,63.893997515842216,52.45997147867777,0
575.0,-675.0,886.70739254841,42.62627256918067,59.81120050352386,61.8409475927796,51.21873653635227,0
600.0,-675.0,903.1195934094221,42.1014472688527,58.072476090985454,59.87716915718815,50.08696167991908,0
625.0,-675.0,919.9184746487049,41.68686860732287,56.43047252129954,58.64902067334874,49.05867056431121,0
650.0,-675.0,937.0832406995656,41.363198224684744,54.88587293424024,56.905443658541095,48.12453557946249,0
675.0,-675.0,954.5941546018391,41.139506491954776,53.442009795432696,55.44177378553815,47.290758143693736,0
700.0,-675.0,972.4325169388362,41.01144615088671,52.09862177044671,53.82372719380415,46.55503396066671,0
725.0,-675.0,990.5806378079475,41.00729700638156,50.82977989589248,52.594486111359885,45.918538451137024,0
325.0,-700.0,771.7674520216566,52.54627011928136,79.93374121653572,82.23807075850779,66.24000566790855,0
350.0,-700.0,782.6237921249264,51.2733978330143,77.70817369401296,80.09434165784462,64.49078576351363,0
375.0,-700.0,794.1190087134296,50.06139507904292,75.46684476402434,77.8220581221025,62.764119921533634,0
400.0,-700.0,806.2257748298549,48.920765837302866,73.25902591409013,75.41142837882903,61.0898958756965,0
425.0,-700.0,818.91696770796,47.85510877742058,71.19159377665505,73.01697683030055,59.52335127703782,0
450.0,-700.0,832.1658488546619,46.865487180969794,69.19033147375612,71.37550785578469,58.027909327362956,0
475.0,-700.0,845.9462157844315,45.94368321154886,67.19046640647781,69.26354867770152,56.567074809013334,0
500.0,-700.0,860.2325267042627,45.091650238819824,65.26030399499005,67.46246982763262,55.17597711690494,0
525.0,-700.0,875.0,44.30914587111906,63.35435862019088,65.4167337533055,53.83175224565497,0
550.0,-700.0,890.2246907382428,43.60988789889158,61.53092262095717,63.69349632272013,52.57040525992437,0
575.0,-700.0,905.883546599672,42.992785217166315,59.75181901153088,61.71926438389938,51.3723021143486,0
600.0,-700.0,921.9544457292888,42.48473288708049,58.07536343750731,59.82989891461591,50.2800481622939,0
625.0,-700.0,938.416218956173,42.08342998045586,56.499345939193944,58.41004174403497,49.2913879598249,0
650.0,-700.0,955.24865872714,41.77020670378853,55.02630302172856,57.021120639232535,48.39825486275855,0
675.0,-700.0,972.4325169388362,41.55250717023233,53.62473467395545,55.56235419237622,47.588620922093895,0
700.0,-700.0,989.9494936611666,41.42717491634591,52.3150701198152,54.00070249433028,46.871122518080554,0
350.0,-725.0,805.0621094052309,51.403174936580136,77.13872332258462,79.44341874574167,64.27094912958238,0
375.0,-725.0,816.2413858657254,50.22795227363203,74.92792200539901,77.19004824234042,62.57793713951552,0
400.0,-725.0,828.0247580839597,49.12620975192621,72.82801338270319,74.80952796570985,60.9771115673147,0
425.0,-725.0,840.3868156985806,48.09689804999134,70.84720607199468,72.7480020150852,59.47205206099301,0
450.0,-725.0,853.3024082938006,47.13913885654695,68.90269086364778,70.94806604042657,58.02091486009736,0
475.0,-725.0,866.7467911679859,46.246563493633104,66.95852305769148,69.09869174058198,56.60254327566229,0
500.0,-725.0,880.6957476904269,45.42017645009475,65.07801079292977,67.19123428981464,55.24909362151226,0
525.0,-725.0,895.1256894984078,44.66205353742281,63.2400002352498,65.20232470146705,53.95102688633631,0
550.0,-725.0,910.0137361600648,43.983085331288784,61.46281737638604,63.561028656556104,52.722951353837416,0
575.0,-725.0,925.3377761660873,43.3851582006571,59.74577282801457,61.65909739032193,51.56546551433584,0
600.0,-725.0,941.0765112359356,42.892556801818614,58.12531947098244,59.83797351357143,50.50893813640053,0
625.0,-725.0,957.2094859538323,42.50321941795792,56.612592948509864,58.11083819124437,49.5579061832339,0
650.0,-725.0,973.7171047075224,42.199990569472,55.203016477842354,57.17765191260421,48.70150352365718,0
675.0,-725.0,990.5806378079475,41.98787349351166,53.841712861721646,55.723368886127076,47.91479317761665,0
375.0,-750.0,838.5254915624212,50.43417838360394,74.49194962564081,76.59783660407845,62.46306400462238,0
400.0,-750.0,850.0,49.36867488914761,72.48414765092129,74.30466650878131,60.92641127003445,0
425.0,-750.0,862.0469824783333,48.372888292950734,70.5725007842103,72.72130915022242,59.47269453858052,0
450.0,-750.0,874.642784226795,47.44490427131671,68.68295973486373,70.76350878291525,58.063932003090216,0
475.0,-750.0,887.7640452282352,46.57843476057664,66.78411490309162,68.78948264589258,56.68127483183413,0
500.0,-750.0,901.3878188659974,45.775792042204834,64.95635688519799,66.97240328061658,55.36607446370141,0
525.0,-750.0,915.4916711800278,45.040213164363365,63.18173439615619,65.05343836064979,54.110973780259776,0
550.0,-750.0,930.0537618869137,44.3812547859195,61.44821514291655,63.48937908645951,52.91473496441803,0
575.0,-750.0,945.05290857179,43.801091084243545,59.787527244632045,61.65398718971301,51.79430916443779,0
600.0,-750.0,960.4686356149273,43.322779889043495,58.21780615625046,59.89565641523119,50.77029302264698,0
625.0,-750.0,976.2812094883318,42.94449254038973,56.76266348071022,58.21402266534791,49.85357801054998,0
650.0,-750.0,992.4716620639604,42.6501138197437,55.40731139180042,57.20244638663606,49.02871260577206,0
400.0,-775.0,872.1381771256204,49.64467158921591,72.21198448501447,73.886738657477,60.92832803711519,0
425.0,-775.0,883.8834764831844,48.678976236003585,70.35140066068035,72.37676103156383,59.51518844834197,0
450.0,-775.0,896.1724164467461,47.7791863096058,68.51802504371041,70.53937502061832,58.14860567665811,0
475.0,-775.0,908.9829481348921,46.93640116267202,66.66872917047971,68.59073048880796,56.80256516657586,0
500.0,-775.0,922.2933372848358,46.15619746233389,64.89074619573061,66.81771797662199,55.52347182903225,0
525.0,-775.0,936.0822613424527,45.442459925692475,63.17394932113131,64.96347038412185,54.308204623411896,0
550.0,-775.0,950.3288904374107,44.80222695419617,61.492891885606944,63.472361452384064,53.147559419901555,0
575.0,-775.0,965.0129532809391,44.23857704557004,59.872091965131766,61.69839697629566,52.0553345053509,0
600.0,-775.0,980.114789195633,43.773540367747486,58.34934349844215,59.998030715345486,51.06144193309482,0
625.0,-775.0,995.6153875869938,43.40549236310263,56.946716928373846,58.37086890068184,50.176104645738235,0
425.0,-800.0,905.883546599672,49.01359067279085,70.18997637923522,72.10368610554279,59.60178352601304,0
450.0,-800.0,917.8779875342909,48.13705653101338,68.39502354440917,70.34875279771367,58.26604003771128,0
475.0,-800.0,930.3897032964197,47.3181549850149,66.60077585264744,68.58059609575442,56.95946541883117,0
500.0,-800.0,943.3981132056604,46.560121485775085,64.87506106878197,66.72092034638018,55.71759127727853,0
525.0,-800.0,956.8829604502318,45.86675166296148,63.21189419549804,64.92671349874348,54.539322929229755,0
550.0,-800.0,970.8243919473799,45.24410220760662,61.58078543513281,63.50464298513936,53.41244382136972,0
575.0,-800.0,985.2030247619016,44.69585534598687,59.99552918645473,61.78755411528293,52.3456922662208,0
600.0,-800.0,1000.0,44.24322340579158,58.519712837925425,60.14085765319713,51.381468121858504,0
475.0,-825.0,951.9716382329885,47.72248736049221,66.57807539288213,68.47785975514739,57.15028137668717,0
500.0,-825.0,964.6890690787369,46.98561407774662,64.90464473583968,66.6765739637289,55.94512940679315,0
525.0,-825.0,977.8803607803973,46.31129252478819,63.2914324633357,64.93821140910893,54.80136249406195,0
550.0,-825.0,991.526600752597,45.70520773118015,61.70802895334794,63.58160265415001,53.70661834226405,0
525.0,-850.0,999.0620601344043,46.77449546126596,63.408945683012526,64.99363981283147,55.09172057213924,0
158.75,522.9290606851528,546.4946157182669,67.39071558142287,110.10054338763074,113.93235369612866,88.7456294845268,0
163.75,519.9247575900149,545.1016566247398,67.06036747908065,109.74562664086956,113.52427130384454,88.4029970599751,0
168.75,516.9204544948772,543.7677066314167,66.73060075714962,109.39053045613011,113.11602422077648,88.06056560663987,0
173.75,513.9161513997393,542.4932010352939,66.40150045444457,109.03525119158888,112.70760905432009,87.71837582301673,0
178.75,510.91184830460156,541.2785597435245,66.07286759913899,108.68227966016903,112.29902232727792,87.37757362965401,0
183.75,507.90754520946376,540.1241866281341,65.74450398450512,108.33665734946322,112.11808628693792,87.04058066698417,0
188.75,504.90324211432596,539.0304688953655,65.41552979141218,107.98576857127854,111.7583038538858,86.70064918134537,0
193.75,501.89893901918816,537.9977764717869,65.08646158721375,107.63155629409587,111.34542074182892,86.3590089406548,0
198.75,498.89463592405036,537.0264614092966,64.75789763290811,107.27713009374233,110.93230315684492,86.01751386332522,0
203.75,495.89033282891256,536.1168573111366,64.42988968090394,106.93011271665097,110.51894616836043,85.68000119877746,0
208.75,492.88602973377476,535.2692787809922,64.10278495416105,106.5901236764565,110.10534471795917,85.34645431530878,0
213.75,489.88172663863696,534.4840208972129,63.77675360184169,106.2525141961257,109.69149361537625,85.0146338989837,0
218.75,486.87742354349916,533.7613587141316,63.45215122861684,105.91467312094582,109.27738753435298,84.68341217478132,0
223.75,483.87312044836136,533.1015467923859,63.12848330471249,105.57659559420983,108.86302100833181,84.35253944946116,0
228.75,480.86881735322356,532.5048187600634,62.80572293582513,105.2382766330951,108.7398591758627,84.02199978446012,0
233.75,477.86451425808576,531.9713869063977,62.483025764514565,104.8926490981759,108.4506136697634,83.68783743134523,0
238.75,474.86021116294796,531.5014418096338,62.16046825350085,104.54193986345047,108.00643429161855,83.35120405847566,0
243.75,471.85590806781016,531.0951520005598,61.838870211616985,104.19097675383297,107.56197668981548,83.01492348272498,0
248.75,468.85160497267236,530.7526636630765,61.5188324242725,103.84825467913953,107.11723507700778,82.68354355170601,0
253.75,465.84730187753456,530.4741003730331,61.200440164499014,103.50798733007618,106.76179547450563,82.35421374728759,0
258.75,462.84299878239676,530.2595628764103,60.88477321426821,103.16744949972593,106.50921463782005,82.02611135699706,0
263.75,459.83869568725896,530.1091289077746,60.57030979164042,102.82663527772837,106.25644035823387,81.6984725346844,0
268.75,456.83439259212116,530.0228530497645,60.25662469052173,102.48338767080497,105.93463868820099,81.37000618066335,0
273.75,453.83008949698336,530.0007666342002,59.944186390423866,102.13757566917698,105.53981233294479,81.04088102980043,1
278.75,450.82578640184556,530.0428776852326,59.63273555464636,101.79146832760657,105.14477141536045,80.71210194112646,1
283.75,447.82148330670776,530.1491709047747,59.32274222937211,101.44280564391016,104.83983585016597,80.38277393664114,0
288.75,444.8171802115699,530.3196077002738,59.014095303858376,101.08977093116839,104.43151202550472,80.05193311751339,0
293.75,441.8128771164321,530.5541262547107,58.70667459154102,100.73641350845953,104.02287485142534,79.72154405000028,0
298.75,438.8085740212943,530.8526416385264,58.400724190673536,100.38272605695066,103.61391687857997,79.3917251238121,0
303.75,435.8042709261565,531.2150459630062,58.09716077473615,100.02652380153036,103.37981930459087,79.06184228813325,1
308.75,432.7999678310187,531.6412085744772,57.794711832218916,99.65967388427825,102.9280347345637,78.72719285824859,1
313.75,429.7956647358809,532.1309762885053,57.494984251738146,99.29299313814795,102.4758489812475,78.39398869494305,1
318.75,426.7913616407431,532.6841736631187,57.197110035815925,98.93436557645605,102.26205939771806,78.06573780613599,1
323.75,423.7870585456053,533.3006033099309,56.89977891861159,98.57002508260827,101.89501106221714,77.73490200060994,0
328.75,420.7827554504675,533.9800462418872,56.603409882597916,98.20387384989661,101.48161176305639,77.40364186624726,0
333.75,417.7784523553297,534.7222622562244,56.308175733129076,97.83734186118357,101.06789482618824,77.07275879715633,1
338.75,414.7741492601919,535.5269903511082,56.01444159728239,97.47088797178544,100.65385245843505,76.74266478453391,1
343.75,411.7698461650541,536.3939491742914,55.722254355516725,97.11234610084183,100.2394766328709,76.41730022817927,1
348.75,408.7655430699163,537.3228375020399,55.43225814626567,96.75340870876975,99.95483046148303,76.09283342751772,0
353.75,405.7612399747785,538.3133347464744,55.14348006996983,96.38888034943518,99.72552139627841,75.76618020970251,0
358.75,402.7569368796407,539.3651014894001,54.85468516384302,96.01047947678549,99.29653632666772,75.43258232031425,0
363.75,399.7526337845029,540.4777800406293,54.56867673008153,95.63166764698158,98.86719298168501,75.10017218853156,1
368.75,396.7483306893651,541.6509950187462,54.28423531269372,95.25117106362038,98.62289117920557,74.76770318815704,0
373.75,393.7440275942273,542.884353952224,54.001104935824614,94.85987376996997,98.17265365627725,74.4304893528973,0
378.75,390.7397244990895,544.1774478987753,53.72055275734713,94.46813780573373,97.72194567718007,74.09434528154043,1
383.75,387.7354214039517,545.5298520808004,53.44203983191887,94.07595199325114,97.27075565057213,73.75899591258501,1
388.75,384.7311183088139,546.941126534795,53.16628994437368,93.68330480135553,96.81907162639298,73.4247973728646,1
393.75,381.7268152136761,548.410816772587,52.892917661652646,93.29018433181564,96.59319771473703,73.09155099673414,0
398.75,378.7225121185383,549.9384544522927,52.62329953703796,92.89657830516153,96.40771358465082,72.75993892109975,1
403.75,375.7182090234005,551.5235580569081,52.354788836464564,92.49570698985019,96.00516239659316,72.42524791315738,1
408.75,372.7139059282627,553.1656335784987,52.08805758017486,92.09371793408998,95.58267170344385,72.09088775713242,1
413.75,369.7096028331249,554.8641752059931,51.82322488773217,91.69120682555254,95.15972280407193,71.75721585664235,1
418.75,366.7052997379871,556.6186660146486,51.56036484718513,91.28815974539326,94.73630339907723,71.42426229628919,1
423.75,363.7009966428493,558.4285786553208,51.30032175844808,90.88456231322654,94.31240078184268,71.09244203583731,1
428.75,360.6966935477115,560.2933760417409,51.04237261829358,90.48039966855669,93.88800182220973,70.76138614342513,1
433.75,357.6923904525737,562.2125120340852,50.7884192907581,90.07565645132622,93.4630929493814,70.43203787104216,1
438.75,354.68808735743585,564.1854321172038,50.538479227225245,89.67031678153228,93.05906775587471,70.10439800437877,1
443.75,351.68378426229805,566.2115740719635,50.29258868751906,89.26436423786028,92.95182901303089,69.77847646268967,1
448.75,348.67948116716025,568.2903686382517,50.048933932751574,88.85278744648126,92.68443045845603,69.45086068961642,1
453.75,345.67517807202245,570.4212401682852,49.807219465016075,88.43483867435951,92.23349767263285,69.1210290696878,1
458.75,342.67087497688465,572.6036072689585,49.56810367198623,88.01621080198584,91.7817751175257,68.79215723698603,1
463.75,339.66657188174685,574.8368834320723,49.33167743331734,87.59845258300864,91.32924035748962,68.46506500816298,1
468.75,336.66226878660905,577.1204776513713,49.09818470204853,87.18089107047864,90.87587015130256,68.13953788626358,1
473.75,333.65796569147125,579.4537950254282,48.86897906711059,86.76259933905712,90.42164041680672,67.81578920308385,1
478.75,330.65366259633345,581.8362373455008,48.64300012713409,86.34355623127875,89.96652619371035,67.49327817920641,1
483.75,327.64935950119565,584.2672036675889,48.420640356225434,85.9237398236211,89.51050160443768,67.17219008992328,0
488.75,324.64505640605785,586.7460908680113,48.20264635294143,85.50312739279227,89.08868054083459,66.85288687286685,1
493.75,321.64075331092005,589.2722941819139,47.98782447100735,85.0816953802664,88.93221097267988,66.53475992563688,1
498.75,318.63645021578225,591.8452077242111,47.77694512072293,84.6594193549622,88.77548611561974,66.21818223784257,0
503.75,315.63214712064445,594.4642249925458,47.570596787520195,84.23597827324116,88.60903511953241,65.90328753038068,1
508.75,312.62784402550665,597.1287393519395,47.36753875485893,83.80959364829289,88.16458628165606,65.5885662015759,0
513.75,309.62354093036885,599.838144500881,47.16836448231074,83.3863175228044,87.71911210408653,65.27734100255758,0
518.75,311.69644612054697,605.1910748054527,46.72477990861528,82.20228064834457,86.33450696110832,64.46353027847992,0
523.75,314.70074921568477,611.0242417915293,46.25446238407389,80.92818807153837,85.01680594688679,63.59132522780613,0
528.75,317.70505231082257,616.857408777606,45.80458518658828,79.68339707829816,84.15953495140046,62.74399113244321,1
533.75,320.70935540596037,622.6905757636827,45.373113860979174,78.45851453770989,82.79037394930126,61.91581419934453,0
538.75,323.71365850109817,628.5237427497593,44.95922971962152,77.29801856882534,81.45677553854156,61.12862414422343,1
543.75,326.71796159623597,634.356909735836,44.56196109431548,76.20967713426234,80.15781828010749,60.38581911428891,0
548.75,329.72226469137377,640.1900767219126,44.181364376804886,75.15645202716587,78.89261175811356,59.668908201985374,1
553.75,332.72656778651157,646.0232437079893,43.81709139500104,74.1511363014987,78.28787793485549,58.98411384824987,0
558.75,335.73087088164937,651.8564106940659,43.46751413813635,73.15504402211604,77.13032164186457,58.3112790801262,0
563.75,338.73517397678717,657.6895776801425,43.133190039025344,72.20299370340973,75.84897998888113,57.66809187121754,0
568.75,341.73947707192497,663.5227446662192,42.813324650498856,71.27872812457584,74.95782922853012,57.046026387537346,0
573.75,344.74378016706277,669.3559116522958,42.50796245769671,70.36431252785141,74.1513409647075,56.436137492774066,0
578.75,347.74808326220057,675.1890786383725,42.219894309683525,69.46288057719191,73.00045586711181,55.84138744343772,0
583.75,350.75238635733837,681.0222456244492,41.94586808265501,68.58184683340583,72.26686932953268,55.26385745803042,1
588.75,353.75668945247617,686.8554126105258,41.68204106498088,67.69167242972499,71.22640341074654,54.686856747352934,0
593.75,356.76099254761397,692.6885795966025,41.432359756300144,66.82288216374808,70.14700582213065,54.12762096002411,0
598.75,359.76529564275177,698.5217465826792,41.197019672762494,66.00312292996955,69.09837799674527,53.60007130136602,0
603.75,362.76959873788957,704.3549135687558,40.97656471299781,65.21510856920489,68.13718939850135,53.09583664110135,0
608.75,365.77390183302737,710.1880805548324,40.77158971756678,64.46426274601129,67.84562269283087,52.617926231789035,0
613.75,368.77820492816517,716.021247540909,40.57452885096992,63.69939916535221,66.99533860273966,52.136964008161065,1
618.75,371.78250802330297,721.8544145269857,40.3856868444488,62.92973653308526,66.09160241124503,51.65771168876703,0
623.75,374.78681111844077,727.6875815130624,40.20739256717383,62.181161363095974,65.21277182156234,51.194276965134904,1
628.75,377.79111421357857,733.520748499139,40.04089917566705,61.45314708707849,64.35820479155055,50.74702313137277,1
633.75,380.79541730871637,739.3539154852157,39.88560951600688,60.746234027626585,63.527278194371895,50.31592177181673,1
638.75,383.79972040385417,745.1870824712923,39.742174102766356,60.05903259508492,63.146731347361545,49.90060334892564,0
643.75,386.804023498992,751.020249457369,39.609616635705464,59.38137638867056,62.42280077090086,49.49549651218801,1
648.75,389.8083265941298,756.8534164434457,39.486568602124436,58.704298090877984,61.63267493562977,49.09543334650121,1
653.75,392.8126296892676,762.6865834295223,39.37523588229312,58.04555812966936,61.00825545610628,48.710397005981235,0
658.75,395.8169327844054,768.519750415599,39.27046493370314,57.396113448538145,60.28631522212563,48.33328919112064,0
663.75,398.8212358795432,774.3529174016757,39.1744636271153,56.7748976856793,59.52999158116249,47.9746806563973,1
668.75,401.825538974681,780.1860843877523,39.086764211419265,56.18604510420204,58.79518844292128,47.63640465781065,0
673.75,404.8298420698188,786.0192513738289,39.00875111038221,55.618603671253176,58.08136081848403,47.31367739081769,0
678.75,407.8341451649566,791.8524183599055,38.938518469907784,55.06692397774669,57.38797763930733,47.00272122382724,0
683.75,410.8384482600944,797.6855853459822,38.87820625419805,54.53359121258937,56.71452120781406,46.70589873339371,1
688.75,413.8427513552322,803.5187523320589,38.826797145656215,54.02917168317791,56.060486681017416,46.42798441441706,0
693.75,416.84705445037,809.3519193181355,38.78668450341256,53.56581823178338,55.4253815854985,46.17625136759797,0
698.75,419.8513575455078,815.1850863042122,38.75613398147735,53.170587062875235,55.23410835396592,45.96336052217629,0
703.75,422.8556606406456,821.0182532902888,38.73426903933602,52.80558725912621,55.093680860863586,45.76992814923112,0
708.75,425.8599637357834,826.8514202763655,38.71942450667881,52.506446475063946,54.51299120972653,45.61293549087138,1
713.75,428.8642668309212,832.6845872624422,38.714718327982666,52.272264605603155,54.3508857459336,45.49349146679291,1
718.75,431.868569926059,838.5177542485188,38.719239782118244,52.081967412525906,54.749365692404666,45.400603597322075,0
723.75,434.8728730211968,844.3509212345954,38.73406478623207,51.96539485361901,55.14784794788711,45.34972981992554,0
728.75,437.8771761163346,850.184088220672,38.75520920396221,51.87122916943899,55.546332462312655,45.3132191867006,1
733.75,440.8814792114724,856.0172552067487,38.78358339323692,51.793869222681806,55.94481918704994,45.288726307959365,0
738.75,443.8857823066102,861.8504221928254,38.81907328439485,51.74957444926266,56.34330807485397,45.28432386682876,0
743.75,446.890085401748,867.683589178902,38.86049150326386,51.730109385889655,56.741799079814314,45.29530044457675,0
748.75,449.8943884968858,873.5167561649787,38.91061918969595,51.735533589373155,57.14029215731158,45.32307638953455,0
753.75,452.8986915920236,879.3499231510553,38.9683655687849,51.76297915267904,57.53878726396962,45.36567236073196,0
758.75,455.9029946871614,885.183090137132,39.032223744273836,51.83951032385077,57.93728435761429,45.4358670340623,0
763.75,458.9072977822992,891.0162571232087,39.103463008271646,51.969437774338125,58.335783397230735,45.53645039130488,0
768.75,461.911600877437,896.8494241092853,39.17969096439525,52.13799423244618,58.73428434292561,45.65884259842072,0
773.75,464.9159039725748,902.682591095362,39.260911941220556,52.359733934779484,59.13278715588816,45.81032293800002,0
778.75,467.9202070677126,908.5157580814385,39.348326486831965,52.61976499892134,59.53129179835235,45.98404574287665,0
783.75,470.9245101628504,914.3489250675152,39.44513929271511,52.9187562784057,59.92979823356429,46.18194778556041,0
788.75,473.9288132579882,920.1820920535919,39.54822137849335,53.27519178047288,60.328306425747726,46.411706579483116,0
793.75,476.9331163531261,926.0152590396685,39.65765856250611,53.66799918297917,60.72681634007109,46.66282887274264,0
798.75,479.9374194482639,931.8484260257452,39.771518530466835,54.06085626649652,61.125327942617105,46.91618739848168,0
803.75,482.9417225434017,937.6815930118219,39.890451687610735,54.453761881388154,61.523841200352905,47.17210678449945,0
808.75,485.9460256385395,943.5147599978985,40.013082287320174,54.84671491299263,61.92235608110155,47.429898600156406,0
813.75,488.9503287336773,949.3479269839752,40.141337806897,55.23971428031288,62.32087255351442,47.69052604360494,0
818.75,491.9546318288151,955.1810939700518,40.274187009911,55.63275893476266,62.71939058704465,47.95347297233683,0
823.75,494.9589349239529,961.0142609561285,40.41241424303716,56.02584785896875,63.117910151921684,48.21913105100296,0
828.75,497.9632380190907,966.8474279422052,40.55734659845196,56.41898006562532,63.516431219127156,48.48816333203864,0
833.75,500.9675411142285,972.6805949282818,40.70939908811128,56.812154596397725,63.91495376036991,48.7607768422545,0
838.75,503.9718442093663,978.5137619143585,40.86575882087041,57.205370520874524,64.31347774806561,49.03556467087247,0
843.75,506.9761473045041,984.346928900435,41.025881853766165,57.59862693556344,64.71200315531354,49.312254394664805,0
848.75,509.9804503996419,990.1800958865117,41.191324231289784,57.991922962930346,65.11052995587416,49.591623597110065,0
853.75,512.9847534947796,996.0132628725884,41.36197569604403,58.38525775047947,65.5090581241524,49.87361672326175,0
857.0,514.9375505066192,999.8048214135382,41.47520467654334,58.64094575418453,65.76810215511735,50.058075215363935,0
158.75,523.1912496805107,546.7455040896583,67.37908345051072,110.07184672461582,113.8988257838533,88.72546508756326,0
163.75,530.8933074592638,555.5733672567795,66.5902429521652,108.57340707507117,112.30282541068618,87.58182501361819,0
168.75,538.4437005857922,564.2678275433769,65.83183104228358,107.08300054736716,110.57297949593391,86.45741579482538,0
173.75,545.8485277285309,572.8347734935484,65.10993996634059,105.67486224678424,108.89651570240149,85.39240110656242,0
178.75,553.1134563731244,581.2796728950913,64.42210428747235,104.35270706750032,107.40272390955731,84.38740567748633,0
183.75,560.2437644803247,589.6076137051535,63.76492178934317,103.07721760455865,106.4921585632248,83.42106969695091,0
188.75,567.2443770930657,597.8233399957718,63.133869962961626,101.82571387440994,105.24076668915487,82.47979191868578,0
193.75,574.1198986224723,605.9312836405444,62.5260940663581,100.5861567616295,103.9040564787185,81.5561254139938,0
198.75,580.8746414210494,613.935592343393,61.94438619910916,99.4006345316402,102.61802011328278,80.67251036537468,0
203.75,587.5126511525664,621.8401545126505,61.38715881418934,98.27382409802048,101.37954020026758,79.83049145610491,0
208.75,594.0377293874636,629.6486214038855,60.85311615829307,97.20687156672793,100.18576161418324,79.0299938625105,0
213.75,600.4534537863249,637.3644268893003,60.34072354282903,96.18800601241553,99.38441647441618,78.26436477762228,0
218.75,606.7631961792256,644.9908051574297,59.84667746986385,95.19301860593278,98.33006207944449,77.51984803789831,0
223.75,612.9701388033592,652.5308066019637,59.37104773999998,94.22262506003511,97.23292962702672,76.79683640001755,0
228.75,619.0772889234936,659.9873121211216,58.913606640400985,93.28473113804593,96.17243528718454,76.09916888922345,0
233.75,625.0874920281291,667.3630460176952,58.47354817081941,92.37756786306332,95.14659557151748,75.42555801694137,0
238.75,631.0034437675971,674.66058766358,58.04966203829294,91.49949798542453,94.153574030913,74.77458001185873,0
243.75,636.8277007778646,681.8823820704135,57.64159617909449,90.64900364036447,93.19166753510518,74.14529990972949,0
248.75,642.5626905147706,689.0307494891507,57.24856905271807,89.82467538980224,92.25929408504972,73.53662222126016,0
253.75,648.2107202072361,696.107894145429,56.87000801722327,89.02520246851516,91.67101708620466,72.94760524286922,0
258.75,653.7739850241813,703.115912203954,56.50269000384548,88.22165668231905,90.93989973114775,72.36217334308226,0
263.75,659.254575538061,710.0567990434772,56.14699396373047,87.42798169878454,90.0344519621721,71.78748783125751,0
268.75,664.654484557787,716.9324559139288,55.80270392972335,86.65129277169106,89.39071004827197,71.2269983507072,0
273.75,669.9756133950589,723.7446960386552,55.469590464000056,85.90128669803038,88.55824929032056,70.68543858101522,0
278.75,675.219777620579,730.4952502172647,55.14738133322809,85.18121445951103,87.91289796494509,70.16429789636956,0
283.75,680.3887123600807,737.1857719781417,54.83509670425138,84.47983148907916,87.14459631484738,69.65746409666527,0
288.75,685.4840771744257,743.8178423240962,54.53350835839085,83.79717294286924,86.3965814232992,69.16534065063004,0
293.75,690.5074605630685,750.3929741097378,54.24108200785741,83.13354479786184,85.78261309594092,68.68731340285963,0
298.75,695.4603841258761,756.9126160849158,53.9573647696767,82.48681495717456,85.0761471931887,68.22208986342562,0
303.75,700.3443064144997,763.3781566348401,53.68329751392933,81.8617769178462,84.38737109733759,67.77253721588777,0
308.75,705.1606265011894,769.7909272442421,53.4186462208324,81.26460827402602,83.71556272384306,67.34162724742922,0
313.75,709.9106872900182,776.1522057100566,53.162490882563276,80.68218084056384,83.0600405625034,66.92233586156357,0
318.75,714.5957785929138,782.4632191245878,52.9150496075181,80.11390702374415,82.42016079295142,66.51447831563112,0
323.75,719.2171399906324,788.7251466488849,52.675050531145494,79.55923145518302,81.79531464687527,66.11714099316426,0
328.75,723.7759634967938,794.9391220940835,52.44213144671766,79.01762875712012,81.18492599240955,65.7298801019189,0
333.75,728.2733960413233,801.1062363267197,52.2157994220355,78.48579043091699,80.83234222357234,65.35079492647625,0
338.75,732.7105417880595,807.227539512467,51.9949193904352,77.95357887953418,80.26694365831666,64.97424913498469,0
343.75,737.0884642998847,813.3040432113702,51.77963927965659,77.430862976996,79.73278483000712,64.6052511283263,0
348.75,741.4081885634771,819.336722336413,51.56914259275474,76.90503700161865,79.12631411096496,64.2370897971867,0
353.75,745.670702884664,825.3265169861616,51.36496881011642,76.39074788390015,78.53365279253106,63.877858347008285,0
358.75,749.8769606643548,831.2743341612385,51.16635015051479,75.88065430693855,78.13101788143305,63.52350222872667,0
363.75,754.0278820641317,837.1810493735034,50.972473342262575,75.37466029808407,77.56127786151477,63.17356682017332,0
368.75,758.1243555697738,843.0475081560261,50.78473587478898,74.88877529332078,77.00394520609086,62.83675558405488,0
373.75,762.16723946026,848.8745274812252,50.60235149692963,74.41300384307232,76.45858660957354,62.50767767000097,0
378.75,766.1573631891522,854.6628970939095,50.42569075994277,73.95264074955367,75.92478953914569,62.18916575474822,0
383.75,770.0955286846627,860.4133807653797,50.254674413041776,73.50749121725121,75.40216097619593,61.8810828151465,0
388.75,773.9825115741874,866.1267174742314,50.08873312016103,73.07368116731575,74.89032624950019,61.581207143738396,0
393.75,777.819062338601,871.8036225190284,49.92785073518523,72.65468543831751,74.38892795235842,61.29126808675137,0
398.75,781.6059074011786,877.4447885675883,49.77228167621592,72.24386387128084,73.89762493665584,61.00807277374838,0
403.75,785.3437501556115,883.0508866472416,49.62133967313977,71.84095905603994,73.48426808061741,60.731149364589854,0
408.75,789.0332719372327,888.6225670800709,49.474589842713115,71.4457247711742,73.34280158081941,60.46015730694366,0
413.75,792.675132941236,894.1604603668216,49.33168227026465,71.05459572781743,73.09751239639503,60.19313899904104,0
418.75,796.2699730913828,899.6651780228862,49.192289920839954,70.66420010993205,72.6476419422054,59.928245015386004,0
423.75,799.8184128624177,905.1373133695002,49.0566564565736,70.28097825392554,72.20612124208928,59.66881735524957,0
428.75,803.3210540591712,910.5774422830481,48.92445106919656,69.90471743845372,71.77270011401625,59.41458425382514,0
433.75,806.7784805550999,915.9861239051581,48.796430021058384,69.53521365473866,71.44253036485934,59.16582183789852,0
438.75,810.1912589928157,921.3639013160673,48.671826174888366,69.16433790363365,71.09392302687222,58.91808203926101,0
443.75,813.5599394489598,926.7113021735491,48.55127628103279,68.79765200635309,70.67759484076886,58.674464143692944,0
448.75,816.8850560656131,932.0288393195351,48.43413719376865,68.43190138937501,70.35475263625369,58.43301929157183,0
453.75,820.1671276502742,937.317011356404,48.31990296412586,68.06804615671275,69.95249117931776,58.193974560419306,0
458.75,823.4066582462887,942.5763031947707,48.20875601084075,67.71037577100707,69.55723447163828,57.95956589092391,0
463.75,826.6041376754861,947.8071865744814,48.100615167006694,67.35872054375183,69.24669341721236,57.72966785537926,0
468.75,829.760042054655,953.0101205603971,47.99493297946383,67.00604332877292,68.92171363969139,57.50048815411837,0
473.75,832.8748342873752,958.1855520144429,47.89245205288525,66.66489099918131,68.54723912378142,57.27867152603328,0
478.75,835.9489645326234,963.333916045296,47.793109739809964,66.33079525940337,68.17891864367425,57.06195249960667,0
483.75,838.9828706514717,968.4556364369945,47.69702516720044,66.00218906967915,67.81658905954197,56.84960711843979,0
488.75,841.9769786331102,973.5511260576616,47.60379530090768,65.67903603086876,67.46009320462446,56.64141566588822,0
493.75,844.9317030013466,978.6207872494615,47.51362573921122,65.36098885237294,67.10927960761148,56.43730729579208,0
498.75,847.8474472026556,983.6650122008305,47.42639929318226,65.04791730603048,66.76400223061377,56.23715829960637,0
503.75,850.724603976785,988.684183301957,47.341632309079415,64.73969575622854,66.42412022170022,56.04066403265398,0
508.75,853.5635557108593,993.6786734844244,47.25964172982398,64.43620295411623,66.0894976810529,55.847922341970104,0
513.75,856.3646747778616,998.6488465458681,47.180195192038155,64.1373218429684,65.76000343986863,55.65875851750328,0
518.75,854.9259836383499,1000.0,47.02459363537578,63.82038233627805,65.42288815294415,55.42248798582692,0
523.75,851.8720194371922,1000.0,46.84101713905345,63.495980939377745,65.08214360231982,55.1684990392156,0
528.75,848.7776136892396,1000.0,46.65852259140645,63.17201660397695,64.77371444973244,54.915269597691704,0
533.75,845.6423224389848,1000.0,46.47755517701923,62.8484752195355,64.72544431909405,54.663015198277364,0
538.75,842.4656892123263,1000.0,46.297833210374165,62.51713410539201,64.41447889508264,54.40748365788309,0
543.75,839.247244559075,1000.0,46.11956300977523,62.18492780374701,64.06317314733099,54.15224540676112,0
548.75,835.9865055729069,1000.0,45.94206154841829,61.85311817635258,63.712357292605546,53.89758986238543,0
553.75,832.6829753873919,1000.0,45.76581671742111,61.52169059371967,63.362014975619424,53.64375365557039,0
558.75,829.3361426466352,1000.0,45.591520304311516,61.19063038496045,63.012129791667974,53.39107534463598,0
563.75,825.9454809489547,1000.0,45.41911884054595,60.85992283357862,62.66268528109479,53.139520837062285,0
568.75,822.510448261905,1000.0,45.24936704658581,60.529553173207255,62.31366492364689,52.88946010989653,0
573.75,819.0304863068285,1000.0,45.081111792812344,60.199506583293804,61.96505213271017,52.640309188053074,0
578.75,815.5050199109752,1000.0,44.915294160668054,59.86981056879839,61.61683024941874,52.39255236473322,0
583.75,811.9334563250858,1000.0,44.75360678778412,59.54419623484001,61.268982536640856,52.14890151131206,0
588.75,808.3151845041635,1000.0,44.5942702259716,59.22264899000681,60.92149217281972,51.9084596079892,0
593.75,804.6495743489833,1000.0,44.43720015221581,58.90637979985052,60.57434224567482,51.67178997603317,0
598.75,800.9359759056899,1000.0,44.281585559953285,58.596188454990966,60.227515745754175,51.438887007472125,0
603.75,797.1737185206246,1000.0,44.12937336314734,58.29035884383141,59.88099555982534,51.209866103489375,0
608.75,793.36210994728,1000.0,43.98075713931601,57.9847148619868,59.534764464105535,50.98273600065141,0
613.75,789.5004354020332,1000.0,43.834600247109876,57.67924159338327,59.18880511731927,50.75692092024657,0
618.75,785.5879565650176,1000.0,43.68955832229301,57.373924005894935,58.84310005357555,50.53174116409397,0
623.75,781.6239105221897,1000.0,43.54708662452138,57.068746945275656,58.49763167505865,50.30791678489852,0
628.75,777.6075086443032,1000.0,43.40624719495854,56.76369512894136,58.15238224452629,50.08497116194995,0
633.75,773.537935398129,1000.0,43.267325941241324,56.46271748563679,57.80733387760429,49.865021713439056,0
638.75,769.4143470848461,1000.0,43.13091400887002,56.16275421030836,57.46246853487013,49.64683410958919,0
643.75,765.2358705000701,1000.0,42.99615601135496,55.86519724342686,57.209712781986525,49.43067662739091,0
648.75,761.0016015094843,1000.0,42.86605612175629,55.567695985994625,57.126859913802555,49.21687605387545,0
653.75,756.7106035334776,1000.0,42.73909488542839,55.270234447150834,57.0437470002873,49.004664666289614,0
658.75,752.361905933574,1000.0,42.61403295724735,54.96960763995754,56.8583192488982,48.791820298602445,0
663.75,747.9545022927531,1000.0,42.490257697544735,54.66409665604618,56.516082062858985,48.57717717679546,0
668.75,743.4873485809964,1000.0,42.368461573719514,54.3585881867247,56.20454400087626,48.36352488022211,0
673.75,738.9593611965411,1000.0,42.2488201569586,54.04674733504378,55.90547452338339,48.147783746001195,0
678.75,734.3694148723788,1000.0,42.131013921568226,53.73358331867724,55.5648147275879,47.93229862012274,0
683.75,729.716340436474,1000.0,42.0172214951247,53.4286357711863,55.22416667255022,47.722928633155504,0
688.75,724.9989224129923,1000.0,41.906365402313014,53.12382645447693,54.88351119168127,47.51509592839497,0
693.75,720.2158964505019,1000.0,41.7998413773701,52.82042842562268,54.54282887407065,47.31013490149639,0
698.75,715.3659465616182,1000.0,41.69725490565318,52.52426019924915,54.202100053606564,47.11075755245116,0
703.75,710.4477021568864,1000.0,41.598283394499845,52.22797391093198,53.861304797738605,46.91312865271591,0
708.75,705.4597348538044,1000.0,41.50413811456759,51.93155136381271,53.52042289587433,46.71784473919015,0
713.75,700.4005550397573,1000.0,41.41509010212759,51.634974081134565,53.261141510856135,46.525032091631076,0
718.75,695.2686081652184,1000.0,41.32985464439261,51.3382232951104,53.0831641536119,46.334038969751504,0
723.75,690.0622707408369,1000.0,41.25070405175003,51.0370671771116,52.76997706711484,46.143885614430815,0
728.75,684.7798460089199,1000.0,41.176185188529274,50.75017834978861,52.43793851408414,45.96318176915894,0
733.75,679.4195592562817,1000.0,41.106353461860415,50.49709531608991,52.10570498472234,45.80172438897516,0
738.75,673.9795527313867,1000.0,41.04085886936021,50.28102856981661,51.773256366320496,45.66094371958841,0
743.75,668.4578801240958,1000.0,40.97982357981701,50.09251412004717,51.51616492054737,45.53616884993209,0
748.75,662.8525005610222,1000.0,40.92341166429409,49.97052386170628,51.24953895438514,45.44696776300019,0
753.75,657.1612720634106,1000.0,40.87128790463069,49.89584861552752,51.68544468295565,45.3835682600791,0
758.75,651.3819444074268,1000.0,40.82373636896954,49.869266283460675,52.13611426626664,45.346501326215105,0
763.75,645.5121513186255,1000.0,40.78231786250011,49.87594092569298,52.602326995165804,45.32912939409654,0
768.75,639.5494019229476,1000.0,40.746415625368854,49.912085667629874,53.08492128196112,45.32925064649936,0
773.75,633.4910713656508,1000.0,40.71548350330667,49.97049319982194,53.58480053557459,45.3429883515643,0
778.75,627.3343904968067,1000.0,40.69088119366833,50.05065129110444,54.102939765752254,45.37076624238638,0
783.75,621.076434507058,1000.0,40.67502901682573,50.1847162845783,54.64039302565631,45.429872650702016,0
788.75,614.7141103797765,1000.0,40.66594581599601,50.38922768920693,55.19830182149996,45.52758675260147,0
793.75,608.244143005093,1000.0,40.66586982309417,50.66092256440205,55.77790464122323,45.66339619374811,0
798.75,601.6630597768157,1000.0,40.67286552749576,50.99393995268647,56.38054778243503,45.83340274009112,0
803.75,594.9671734642172,1000.0,40.68675197614458,51.401125218225,57.00769769418645,46.04393859718479,0
808.75,588.1525631160677,1000.0,40.707713986430456,51.91735037298798,57.66095508906236,46.31253217970922,0
813.75,581.2150527128491,1000.0,40.73765087376274,52.4792674800857,58.342071133549446,46.60845917692422,0
818.75,574.1501872332709,1000.0,40.77679807716986,53.066478088731216,59.052966088122446,46.92163808295054,0
823.75,566.9532057410029,1000.0,40.82591855675676,53.68077695346411,59.79575084722355,47.25334775511044,0
828.75,559.6190110244647,1000.0,40.88665923060003,54.324142139956194,60.57275192750963,47.60540068527811,0
833.75,552.1421352333111,1000.0,40.960685925326764,54.99875974665794,61.386540575915845,47.97972283599235,0
838.75,544.5167008458051,1000.0,41.047051110092745,55.70705282264773,62.23996682460249,48.37705196637024,0
843.75,536.7363761661771,1000.0,41.14531692154945,56.45171534970102,63.136199517457044,48.798516135625235,0
848.75,528.7943243833088,1000.0,41.2576195081847,57.235752370507676,64.07877358567895,49.24668593934619,0
853.75,520.6831450123962,1000.0,41.384942590818426,58.062527620637866,65.07164617595248,49.723735105728146,0
857.0,515.3164076564999,1000.0,41.47620990260825,58.62462090712458,65.74606952552288,50.05041540486641,0
158.75,-522.9290606851528,546.4946157182669,67.39071558142288,110.10054338763074,113.93235369612877,88.7456294845268,0
163.75,-519.9247575900149,545.1016566247398,67.06036747908067,109.74562664086956,113.52427130384466,88.40299705997512,0
168.75,-516.9204544948772,543.7677066314167,66.73060075714962,109.39053045613011,113.11602422077661,88.06056560663987,0
173.75,-513.9161513997393,542.4932010352939,66.40150045444457,109.03525119158884,112.70760905432019,87.71837582301671,0
178.75,-510.91184830460156,541.2785597435245,66.07286759913902,108.68227966016902,112.29902232727792,87.37757362965402,0
183.75,-507.90754520946376,540.1241866281341,65.74450398450514,108.33665734946321,112.11808628693781,87.04058066698417,0
188.75,-504.90324211432596,539.0304688953655,65.41552979141221,107.98576857127856,111.7583038538859,86.70064918134538,0
193.75,-501.89893901918816,537.9977764717869,65.08646158721378,107.63155629409589,111.34542074182902,86.35900894065483,0
198.75,-498.89463592405036,537.0264614092966,64.75789763290814,107.27713009374227,110.93230315684492,86.0175138633252,0
203.75,-495.89033282891256,536.1168573111366,64.42988968090395,106.93011271665098,110.51894616836043,85.68000119877746,0
208.75,-492.88602973377476,535.2692787809922,64.10278495416105,106.59012367645644,110.10534471795906,85.34645431530875,0
213.75,-489.88172663863696,534.4840208972129,63.7767536018417,106.2525141961256,109.69149361537636,85.01463389898365,0
218.75,-486.87742354349916,533.7613587141316,63.452151228616856,105.91467312094584,109.27738753435308,84.68341217478135,0
223.75,-483.87312044836136,533.1015467923859,63.1284833047125,105.57659559420986,108.86302100833181,84.35253944946118,0
228.75,-480.86881735322356,532.5048187600634,62.805722935825145,105.23827663309507,108.73985917586258,84.0219997844601,0
233.75,-477.86451425808576,531.9713869063977,62.48302576451459,104.89264909817582,108.45061366976319,83.6878374313452,0
238.75,-474.86021116294796,531.5014418096338,62.16046825350086,104.5419398634505,108.00643429161866,83.35120405847567,0
243.75,-471.85590806781016,531.0951520005598,61.83887021161699,104.19097675383296,107.56197668981537,83.01492348272498,0
248.75,-468.85160497267236,530.7526636630765,61.518832424272524,103.84825467913949,107.11723507700778,82.68354355170601,0
253.75,-465.84730187753456,530.4741003730331,61.20044016449903,103.50798733007615,106.76179547450563,82.35421374728759,0
258.75,-462.84299878239676,530.2595628764103,60.88477321426822,103.16744949972588,106.50921463781972,82.02611135699705,0
263.75,-459.83869568725896,530.1091289077746,60.57030979164044,102.82663527772837,106.25644035823387,81.69847253468441,0
268.75,-456.83439259212116,530.0228530497645,60.25662469052173,102.48338767080489,105.93463868820066,81.37000618066331,0
273.75,-453.83008949698336,530.0007666342002,59.94418639042388,102.13757566917697,105.539812332945,81.04088102980043,0
278.75,-450.82578640184556,530.0428776852326,59.632735554646366,101.79146832760655,105.14477141536045,80.71210194112646,0
283.75,-447.82148330670776,530.1491709047747,59.32274222937212,101.4428056439101,104.83983585016618,80.38277393664112,1
288.75,-444.8171802115699,530.3196077002738,59.014095303858376,101.08977093116827,104.43151202550483,80.05193311751333,1
293.75,-441.8128771164321,530.5541262547107,58.70667459154103,100.7364135084595,104.02287485142534,79.72154405000026,1
298.75,-438.8085740212943,530.8526416385264,58.40072419067355,100.3827260569506,103.61391687858018,79.39172512381208,1
303.75,-435.8042709261565,531.2150459630062,58.09716077473617,100.02652380153036,103.37981930459087,79.06184228813326,0
308.75,-432.7999678310187,531.6412085744772,57.79471183221892,99.65967388427826,102.92803473456348,78.7271928582486,0
313.75,-429.7956647358809,532.1309762885053,57.49498425173815,99.29299313814793,102.47584898124738,78.39398869494305,0
318.75,-426.7913616407431,532.6841736631187,57.19711003581594,98.93436557645605,102.26205939771795,78.06573780613599,0
323.75,-423.7870585456053,533.3006033099309,56.8997789186116,98.57002508260818,101.89501106221714,77.73490200060989,1
328.75,-420.7827554504675,533.9800462418872,56.60340988259792,98.20387384989655,101.48161176305628,77.40364186624724,1
333.75,-417.7784523553297,534.7222622562244,56.308175733129076,97.83734186118359,101.06789482618824,77.07275879715633,0
338.75,-414.7741492601919,535.5269903511082,56.014441597282406,97.47088797178546,100.65385245843515,76.74266478453393,0
343.75,-411.7698461650541,536.3939491742914,55.72225435551674,97.11234610084186,100.23947663287079,76.4173002281793,0
348.75,-408.7655430699163,537.3228375020399,55.43225814626567,96.7534087087697,99.9548304614827,76.09283342751769,1
353.75,-405.7612399747785,538.3133347464744,55.14348006996984,96.38888034943517,99.72552139627862,75.7661802097025,1
358.75,-402.7569368796407,539.3651014894001,54.85468516384303,96.0104794767854,99.29653632666762,75.43258232031422,1
363.75,-399.7526337845029,540.4777800406293,54.568676730081535,95.6316676469816,98.86719298168512,75.10017218853156,0
368.75,-396.7483306893651,541.6509950187462,54.28423531269371,95.25117106362032,98.62289117920545,74.76770318815701,1
373.75,-393.7440275942273,542.884353952224,54.00110493582461,94.85987376996995,98.17265365627692,74.43048935289728,1
378.75,-390.7397244990895,544.1774478987753,53.720552757347136,94.46813780573373,97.72194567717997,74.09434528154043,0
383.75,-387.7354214039517,545.5298520808004,53.442039831918876,94.07595199325115,97.27075565057233,73.75899591258502,0
388.75,-384.7311183088139,546.941126534795,53.16628994437369,93.68330480135553,96.8190716263932,73.42479737286462,0
393.75,-381.7268152136761,548.410816772587,52.89291766165265,93.29018433181561,96.59319771473692,73.09155099673413,1
398.75,-378.7225121185383,549.9384544522927,52.623299537037965,92.89657830516154,96.40771358465092,72.75993892109975,0
403.75,-375.7182090234005,551.5235580569081,52.35478883646457,92.49570698985019,96.00516239659328,72.42524791315738,0
408.75,-372.7139059282627,553.1656335784987,52.088057580174876,92.09371793408998,95.58267170344385,72.09088775713244,0
413.75,-369.7096028331249,554.8641752059931,51.82322488773217,91.69120682555253,95.15972280407193,71.75721585664235,0
418.75,-366.7052997379871,556.6186660146486,51.56036484718513,91.2881597453933,94.73630339907712,71.42426229628921,0
423.75,-363.7009966428493,558.4285786553208,51.30032175844808,90.88456231322657,94.31240078184247,71.09244203583732,0
428.75,-360.6966935477115,560.2933760417409,51.042372618293584,90.48039966855669,93.88800182220993,70.76138614342514,0
433.75,-357.6923904525737,562.2125120340852,50.7884192907581,90.07565645132624,93.4630929493814,70.43203787104217,0
438.75,-354.68808735743585,564.1854321172038,50.53847922722525,89.67031678153226,93.0590677558746,70.10439800437877,0
443.75,-351.68378426229805,566.2115740719635,50.29258868751906,89.26436423786026,92.95182901303089,69.77847646268967,0
448.75,-348.67948116716025,568.2903686382517,50.04893393275158,88.85278744648132,92.68443045845603,69.45086068961645,0
453.75,-345.67517807202245,570.4212401682852,49.807219465016075,88.43483867435954,92.23349767263295,69.12102906968781,0
458.75,-342.67087497688465,572.6036072689585,49.56810367198622,88.01621080198584,91.78177511752591,68.79215723698603,0
463.75,-339.66657188174685,574.8368834320723,49.33167743331735,87.59845258300864,91.32924035748974,68.465065008163,0
468.75,-336.66226878660905,577.1204776513713,49.09818470204854,87.18089107047861,90.87587015130246,68.13953788626358,0
473.75,-333.65796569147125,579.4537950254282,48.868979067110594,86.76259933905713,90.42164041680672,67.81578920308387,0
478.75,-330.65366259633345,581.8362373455008,48.64300012713409,86.34355623127875,89.96652619371056,67.49327817920641,0
483.75,-327.64935950119565,584.2672036675889,48.42064035622542,85.92373982362105,89.51050160443738,67.17219008992323,1
488.75,-324.64505640605785,586.7460908680113,48.202646352941436,85.50312739279225,89.08868054083459,66.85288687286685,0
493.75,-321.64075331092005,589.2722941819139,47.98782447100736,85.08169538026644,88.93221097267978,66.5347599256369,0
498.75,-318.63645021578225,591.8452077242111,47.776945120722935,84.6594193549622,88.77548611561954,66.21818223784257,0
503.75,-315.63214712064445,594.4642249925458,47.570596787520195,84.23597827324117,88.6090351195326,65.90328753038068,0
508.75,-312.62784402550665,597.1287393519395,47.36753875485894,83.80959364829287,88.16458628165606,65.5885662015759,0
513.75,-309.62354093036885,599.838144500881,47.16836448231074,83.38631752280439,87.71911210408665,65.27734100255756,1
518.75,-311.69644612054697,605.1910748054527,46.72477990861527,82.20228064834457,86.33450696110822,64.46353027847992,0
523.75,-314.70074921568477,611.0242417915293,46.254462384073896,80.9281880715384,85.01680594688668,63.59132522780615,0
528.75,-317.70505231082257,616.857408777606,45.80458518658828,79.68339707829816,84.15953495140067,62.74399113244321,0
533.75,-320.70935540596037,622.6905757636827,45.37311386097916,78.45851453770985,82.79037394930137,61.9158141993445,1
538.75,-323.71365850109817,628.5237427497593,44.959229719621526,77.29801856882536,81.45677553854145,61.12862414422344,0
543.75,-326.71796159623597,634.356909735836,44.56196109431548,76.20967713426231,80.15781828010748,60.38581911428889,1
548.75,-329.72226469137377,640.1900767219126,44.18136437680488,75.15645202716587,78.89261175811356,59.668908201985374,0
553.75,-332.72656778651157,646.0232437079893,43.81709139500104,74.15113630149867,78.28787793485537,58.984113848249855,1
558.75,-335.73087088164937,651.8564106940659,43.46751413813634,73.15504402211604,77.13032164186477,58.31127908012619,1
563.75,-338.73517397678717,657.6895776801425,43.133190039025344,72.20299370340969,75.84897998888081,57.66809187121751,1
568.75,-341.73947707192497,663.5227446662192,42.813324650498856,71.27872812457582,74.95782922853002,57.04602638753734,1
573.75,-344.74378016706277,669.3559116522958,42.50796245769672,70.3643125278514,74.1513409647076,56.43613749277406,1
578.75,-347.74808326220057,675.1890786383725,42.219894309683504,69.46288057719185,73.00045586711181,55.84138744343768,1
583.75,-350.75238635733837,681.0222456244492,41.94586808265501,68.58184683340583,72.26686932953278,55.26385745803042,0
588.75,-353.75668945247617,686.8554126105258,41.68204106498088,67.69167242972497,71.22640341074634,54.68685674735293,1
593.75,-356.76099254761397,692.6885795966025,41.43235975630014,66.82288216374808,70.14700582213065,54.1276209600241,1
598.75,-359.76529564275177,698.5217465826792,41.197019672762494,66.00312292996952,69.09837799674547,53.60007130136601,1
603.75,-362.76959873788957,704.3549135687558,40.97656471299781,65.21510856920486,68.13718939850135,53.095836641101336,1
608.75,-365.77390183302737,710.1880805548324,40.771589717566776,64.46426274601126,67.84562269283097,52.61792623178901,1
613.75,-368.77820492816517,716.021247540909,40.57452885096992,63.69939916535221,66.99533860273957,52.136964008161065,0
618.75,-371.78250802330297,721.8544145269857,40.385686844448806,62.9297365330852,66.09160241124484,51.657711688767,1
623.75,-374.78681111844077,727.6875815130624,40.20739256717383,62.181161363095974,65.21277182156244,51.194276965134904,0
628.75,-377.79111421357857,733.520748499139,40.04089917566705,61.4531470870785,64.35820479155073,50.74702313137277,0
633.75,-380.79541730871637,739.3539154852157,39.88560951600689,60.74623402762659,63.52727819437199,50.31592177181674,0
638.75,-383.79972040385417,745.1870824712923,39.742174102766356,60.0590325950849,63.14673134736164,49.90060334892563,1
643.75,-386.804023498992,751.020249457369,39.609616635705464,59.38137638867055,62.42280077090086,49.49549651218801,0
648.75,-389.8083265941298,756.8534164434457,39.486568602124436,58.704298090877984,61.63267493562967,49.09543334650121,0
653.75,-392.8126296892676,762.6865834295223,39.37523588229311,58.045558129669324,61.00825545610628,48.71039700598122,1
658.75,-395.8169327844054,768.519750415599,39.27046493370314,57.39611344853812,60.28631522212563,48.33328919112063,1
663.75,-398.8212358795432,774.3529174016757,39.174463627115315,56.77489768567933,59.529991581162584,47.974680656397325,0
668.75,-401.825538974681,780.1860843877523,39.086764211419265,56.186045104201995,58.79518844292137,47.63640465781063,1
673.75,-404.8298420698188,786.0192513738289,39.00875111038221,55.61860367125314,58.08136081848403,47.31367739081767,1
678.75,-407.8341451649566,791.8524183599055,38.93851846990778,55.066923977746654,57.38797763930733,47.002721223827216,1
683.75,-410.8384482600944,797.6855853459822,38.87820625419804,54.53359121258937,56.71452120781397,46.70589873339371,0
688.75,-413.8427513552322,803.5187523320589,38.826797145656215,54.029171683177886,56.06048668101751,46.427984414417054,1
693.75,-416.84705445037,809.3519193181355,38.78668450341256,53.56581823178337,55.4253815854985,46.17625136759796,1
698.75,-419.8513575455078,815.1850863042122,38.75613398147735,53.170587062875185,55.234108353965645,45.963360522176266,1
703.75,-422.8556606406456,821.0182532902888,38.73426903933602,52.8055872591262,55.0936808608635,45.769928149231106,1
708.75,-425.8599637357834,826.8514202763655,38.71942450667882,52.50644647506394,54.51299120972653,45.61293549087138,0
713.75,-428.8642668309212,832.6845872624422,38.714718327982666,52.272264605603155,54.350885745933496,45.49349146679291,0
718.75,-431.868569926059,838.5177542485188,38.71923978211823,52.08196741252589,54.74936569240469,45.40060359732206,1
723.75,-434.8728730211968,844.3509212345954,38.73406478623207,51.96539485361898,55.147847947887065,45.34972981992553,1
728.75,-437.8771761163346,850.184088220672,38.75520920396221,51.87122916943899,55.54633246231256,45.3132191867006,0
733.75,-440.8814792114724,856.0172552067487,38.78358339323693,51.79386922268181,55.94481918704992,45.28872630795937,0
738.75,-443.8857823066102,861.8504221928254,38.81907328439485,51.74957444926264,56.34330807485394,45.28432386682874,0
743.75,-446.890085401748,867.683589178902,38.86049150326386,51.73010938588963,56.74179907981437,45.29530044457674,0
748.75,-449.8943884968858,873.5167561649787,38.91061918969594,51.73553358937312,57.140292157311556,45.323076389534535,0
753.75,-452.8986915920236,879.3499231510553,38.9683655687849,51.76297915267901,57.53878726396956,45.36567236073195,0
758.75,-455.9029946871614,885.183090137132,39.03222374427383,51.83951032385077,57.93728435761425,45.4358670340623,0
763.75,-458.9072977822992,891.0162571232087,39.10346300827165,51.969437774338104,58.33578339723079,45.53645039130488,0
768.75,-461.911600877437,896.8494241092853,39.179690964395256,52.137994232446154,58.734284342925655,45.658842598420705,0
773.75,-464.9159039725748,902.682591095362,39.26091194122056,52.35973393477944,59.13278715588817,45.810322938,0
778.75,-467.9202070677126,908.5157580814385,39.348326486831965,52.61976499892134,59.53129179835228,45.98404574287665,0
783.75,-470.9245101628504,914.3489250675152,39.44513929271511,52.918756278405695,59.92979823356444,46.1819477855604,0
788.75,-473.9288132579882,920.1820920535919,39.54822137849336,53.27519178047287,60.32830642574779,46.411706579483116,0
793.75,-476.9331163531261,926.0152590396685,39.65765856250611,53.667999182979145,60.726816340071046,46.66282887274262,0
798.75,-479.9374194482639,931.8484260257452,39.77151853046684,54.0608562664965,61.1253279426171,46.91618739848167,0
803.75,-482.9417225434017,937.6815930118219,39.89045168761073,54.45376188138812,61.523841200352884,47.17210678449942,0
808.75,-485.9460256385395,943.5147599978985,40.013082287320174,54.84671491299262,61.92235608110151,47.42989860015639,0
813.75,-488.9503287336773,949.3479269839752,40.141337806897006,55.23971428031286,62.3208725535143,47.69052604360493,0
818.75,-491.9546318288151,955.1810939700518,40.27418700991101,55.63275893476264,62.71939058704475,47.953472972336826,0
823.75,-494.9589349239529,961.0142609561285,40.41241424303717,56.02584785896876,63.11791015192177,48.21913105100296,0
828.75,-497.9632380190907,966.8474279422052,40.55734659845196,56.418980065625306,63.51643121912723,48.48816333203863,0
833.75,-500.9675411142285,972.6805949282818,40.70939908811129,56.812154596397725,63.91495376037,48.76077684225451,0
838.75,-503.9718442093663,978.5137619143585,40.86575882087041,57.20537052087455,64.31347774806558,49.03556467087248,0
843.75,-506.9761473045041,984.346928900435,41.02588185376617,57.598626935563416,64.71200315531335,49.31225439466479,0
848.75,-509.9804503996419,990.1800958865117,41.1913242312898,57.99192296293035,65.11052995587416,49.59162359711007,0
853.75,-512.9847534947796,996.0132628725884,41.36197569604403,58.38525775047947,65.50905812415255,49.87361672326175,0
857.0,-514.9375505066192,999.8048214135382,41.47520467654334,58.64094575418448,65.76810215511728,50.058075215363914,0
158.75,-523.1912496805107,546.7455040896583,67.37908345051076,110.0718467246158,113.89882578385318,88.72546508756328,0
163.75,-530.8933074592638,555.5733672567795,66.59024295216521,108.57340707507109,112.30282541068595,87.58182501361816,0
168.75,-538.4437005857922,564.2678275433769,65.8318310422836,107.08300054736709,110.57297949593402,86.45741579482535,0
173.75,-545.8485277285309,572.8347734935484,65.10993996634059,105.67486224678422,108.89651570240149,85.3924011065624,0
178.75,-553.1134563731244,581.2796728950913,64.42210428747237,104.3527070675003,107.4027239095572,84.38740567748633,0
183.75,-560.2437644803247,589.6076137051535,63.76492178934319,103.07721760455865,106.49215856322492,83.42106969695092,0
188.75,-567.2443770930657,597.8233399957718,63.13386996296164,101.82571387440986,105.24076668915487,82.47979191868575,0
193.75,-574.1198986224723,605.9312836405444,62.52609406635811,100.58615676162948,103.90405647871862,81.5561254139938,0
198.75,-580.8746414210494,613.935592343393,61.944386199109175,99.4006345316402,102.6180201132829,80.67251036537468,0
203.75,-587.5126511525664,621.8401545126505,61.38715881418936,98.27382409802047,101.37954020026758,79.83049145610491,0
208.75,-594.0377293874636,629.6486214038855,60.85311615829308,97.20687156672788,100.18576161418346,79.02999386251048,0
213.75,-600.4534537863249,637.3644268893003,60.34072354282905,96.18800601241551,99.38441647441607,78.26436477762229,0
218.75,-606.7631961792256,644.9908051574297,59.84667746986387,95.19301860593275,98.33006207944449,77.51984803789831,0
223.75,-612.9701388033592,652.5308066019637,59.37104773999998,94.22262506003511,97.2329296270266,76.79683640001755,0
228.75,-619.0772889234936,659.9873121211216,58.91360664040099,93.2847311380459,96.17243528718465,76.09916888922345,0
233.75,-625.0874920281291,667.3630460176952,58.47354817081943,92.37756786306326,95.14659557151738,75.42555801694135,0
238.75,-631.0034437675971,674.66058766358,58.04966203829295,91.49949798542448,94.15357403091322,74.77458001185872,0
243.75,-636.8277007778646,681.8823820704135,57.64159617909451,90.64900364036446,93.19166753510518,74.14529990972949,0
248.75,-642.5626905147706,689.0307494891507,57.248569052718096,89.82467538980222,92.25929408504972,73.53662222126016,0
253.75,-648.2107202072361,696.107894145429,56.870008017223284,89.02520246851518,91.67101708620434,72.94760524286923,0
258.75,-653.7739850241813,703.115912203954,56.5026900038455,88.22165668231905,90.93989973114786,72.36217334308228,0
263.75,-659.254575538061,710.0567990434772,56.14699396373049,87.42798169878448,90.0344519621719,71.78748783125748,0
268.75,-664.654484557787,716.9324559139288,55.802703929723364,86.65129277169108,89.39071004827208,71.22699835070722,0
273.75,-669.9756133950589,723.7446960386552,55.46959046400006,85.90128669803033,88.55824929032025,70.6854385810152,0
278.75,-675.219777620579,730.4952502172647,55.14738133322811,85.18121445951107,87.9128979649453,70.16429789636959,0
283.75,-680.3887123600807,737.1857719781417,54.835096704251384,84.47983148907916,87.14459631484738,69.65746409666528,0
288.75,-685.4840771744257,743.8178423240962,54.53350835839086,83.79717294286917,86.3965814232991,69.16534065063001,0
293.75,-690.5074605630685,750.3929741097378,54.24108200785743,83.13354479786184,85.7826130959407,68.68731340285964,0
298.75,-695.4603841258761,756.9126160849158,53.95736476967671,82.48681495717454,85.0761471931886,68.22208986342562,0
303.75,-700.3443064144997,763.3781566348401,53.68329751392935,81.86177691784619,84.38737109733749,67.77253721588777,0
308.75,-705.1606265011894,769.7909272442421,53.4186462208324,81.26460827402603,83.71556272384306,67.34162724742922,0
313.75,-709.9106872900182,776.1522057100566,53.162490882563276,80.68218084056384,83.0600405625034,66.92233586156357,0
318.75,-714.5957785929138,782.4632191245878,52.915049607518114,80.11390702374412,82.42016079295132,66.51447831563112,0
323.75,-719.2171399906324,788.7251466488849,52.6750505311455,79.55923145518301,81.79531464687527,66.11714099316426,0
328.75,-723.7759634967938,794.9391220940835,52.44213144671767,79.01762875712012,81.18492599240943,65.7298801019189,0
333.75,-728.2733960413233,801.1062363267197,52.215799422035516,78.48579043091702,80.83234222357234,65.35079492647627,0
338.75,-732.7105417880595,807.227539512467,51.994919390435214,77.95357887953418,80.26694365831676,64.97424913498469,0
343.75,-737.0884642998847,813.3040432113702,51.77963927965659,77.43086297699597,79.73278483000733,64.60525112832627,0
348.75,-741.4081885634771,819.336722336413,51.569142592754744,76.90503700161861,79.12631411096515,64.23708979718668,0
353.75,-745.670702884664,825.3265169861616,51.36496881011643,76.39074788390015,78.53365279253096,63.877858347008285,0
358.75,-749.8769606643548,831.2743341612385,51.166350150514795,75.88065430693858,78.13101788143294,63.523502228726684,0
363.75,-754.0278820641317,837.1810493735034,50.97247334226259,75.37466029808408,77.56127786151477,63.173566820173335,0
368.75,-758.1243555697738,843.0475081560261,50.78473587478899,74.88877529332075,77.00394520609076,62.83675558405487,0
373.75,-762.16723946026,848.8745274812252,50.602351496929636,74.41300384307235,76.45858660957354,62.50767767000099,0
378.75,-766.1573631891522,854.6628970939095,50.425690759942775,73.95264074955367,75.92478953914559,62.18916575474822,0
383.75,-770.0955286846627,860.4133807653797,50.25467441304178,73.5074912172512,75.40216097619574,61.88108281514649,0
388.75,-773.9825115741874,866.1267174742314,50.08873312016104,73.07368116731573,74.89032624950009,61.58120714373838,0
393.75,-777.819062338601,871.8036225190284,49.92785073518523,72.65468543831749,74.38892795235822,61.29126808675136,0
398.75,-781.6059074011786,877.4447885675883,49.772281676215925,72.24386387128084,73.89762493665596,61.00807277374838,0
403.75,-785.3437501556115,883.0508866472416,49.62133967313977,71.84095905603995,73.4842680806173,60.73114936458986,0
408.75,-789.0332719372327,888.6225670800709,49.47458984271312,71.44572477117421,73.34280158081941,60.46015730694367,0
413.75,-792.675132941236,894.1604603668216,49.33168227026465,71.05459572781743,73.09751239639492,60.19313899904104,0
418.75,-796.2699730913828,899.6651780228862,49.19228992083997,70.6642001099321,72.6476419422054,59.92824501538603,0
423.75,-799.8184128624177,905.1373133695002,49.05665645657361,70.28097825392555,72.20612124208928,59.66881735524959,0
428.75,-803.3210540591712,910.5774422830481,48.924451069196564,69.9047174384537,71.77270011401654,59.41458425382513,0
433.75,-806.7784805550999,915.9861239051581,48.79643002105839,69.53521365473868,71.44253036485922,59.165821837898534,0
438.75,-810.1912589928157,921.3639013160673,48.671826174888366,69.16433790363364,71.09392302687222,58.918082039261,0
443.75,-813.5599394489598,926.7113021735491,48.551276281032784,68.79765200635308,70.67759484076878,58.67446414369293,0
448.75,-816.8850560656131,932.0288393195351,48.43413719376866,68.43190138937501,70.35475263625369,58.43301929157184,0
453.75,-820.1671276502742,937.317011356404,48.31990296412586,68.06804615671274,69.95249117931766,58.1939745604193,0
458.75,-823.4066582462887,942.5763031947707,48.20875601084076,67.71037577100705,69.55723447163818,57.959565890923905,0
463.75,-826.6041376754861,947.8071865744814,48.1006151670067,67.35872054375182,69.24669341721226,57.72966785537926,0
468.75,-829.760042054655,953.0101205603971,47.99493297946383,67.00604332877295,68.92171363969159,57.500488154118386,0
473.75,-832.8748342873752,958.1855520144429,47.89245205288523,66.66489099918132,68.54723912378132,57.27867152603328,0
478.75,-835.9489645326234,963.333916045296,47.79310973980997,66.33079525940336,68.17891864367405,57.06195249960666,0
483.75,-838.9828706514717,968.4556364369945,47.69702516720045,66.00218906967916,67.81658905954195,56.849607118439806,0
488.75,-841.9769786331102,973.5511260576616,47.60379530090768,65.67903603086874,67.46009320462456,56.64141566588821,0
493.75,-844.9317030013466,978.6207872494615,47.51362573921123,65.36098885237297,67.10927960761158,56.437307295792095,0
498.75,-847.8474472026556,983.6650122008305,47.42639929318226,65.04791730603051,66.76400223061377,56.237158299606385,0
503.75,-850.724603976785,988.684183301957,47.3416323090794,64.73969575622856,66.42412022170004,56.04066403265398,0
508.75,-853.5635557108593,993.6786734844244,47.25964172982398,64.43620295411627,66.0894976810528,55.847922341970126,0
513.75,-856.3646747778616,998.6488465458681,47.18019519203816,64.1373218429684,65.76000343986853,55.65875851750329,0
518.75,-854.9259836383499,1000.0,47.02459363537577,63.820382336278044,65.42288815294415,55.422487985826905,0
523.75,-851.8720194371922,1000.0,46.841017139053456,63.49598093937776,65.08214360231972,55.168499039215604,0
528.75,-848.7776136892396,1000.0,46.65852259140647,63.172016603976935,64.77371444973234,54.915269597691704,0
533.75,-845.6423224389848,1000.0,46.47755517701923,62.8484752195355,64.72544431909395,54.663015198277364,0
538.75,-842.4656892123263,1000.0,46.297833210374165,62.517134105392046,64.41447889508264,54.407483657883105,0
543.75,-839.247244559075,1000.0,46.11956300977522,62.18492780374698,64.06317314733099,54.1522454067611,0
548.75,-835.9865055729069,1000.0,45.94206154841829,61.853118176352574,63.712357292605354,53.89758986238543,0
553.75,-832.6829753873919,1000.0,45.7658167174211,61.52169059371967,63.36201497561943,53.643753655570386,0
558.75,-829.3361426466352,1000.0,45.59152030431153,61.19063038496045,63.012129791667974,53.39107534463599,0
563.75,-825.9454809489547,1000.0,45.41911884054595,60.859922833578636,62.66268528109479,53.13952083706229,0
568.75,-822.510448261905,1000.0,45.24936704658581,60.529553173207276,62.31366492364699,52.88946010989655,0
573.75,-819.0304863068285,1000.0,45.08111179281235,60.19950658329385,61.96505213271017,52.640309188053095,0
578.75,-815.5050199109752,1000.0,44.91529416066805,59.8698105687984,61.61683024941874,52.39255236473322,0
583.75,-811.9334563250858,1000.0,44.75360678778412,59.54419623483999,61.268982536640856,52.148901511312054,0
588.75,-808.3151845041635,1000.0,44.594270225971584,59.22264899000682,60.921492172819725,51.9084596079892,0
593.75,-804.6495743489833,1000.0,44.4372001522158,58.90637979985049,60.57434224567482,51.671789976033146,0
598.75,-800.9359759056899,1000.0,44.281585559953285,58.59618845499095,60.22751574575427,51.43888700747212,0
603.75,-797.1737185206246,1000.0,44.12937336314734,58.29035884383141,59.88099555982534,51.209866103489375,0
608.75,-793.36210994728,1000.0,43.980757139316005,57.98471486198681,59.53476446410563,50.98273600065141,0
613.75,-789.5004354020332,1000.0,43.834600247109876,57.67924159338329,59.18880511731936,50.756920920246586,0
618.75,-785.5879565650176,1000.0,43.689558322293024,57.3739240058949,58.843100053575455,50.53174116409396,0
623.75,-781.6239105221897,1000.0,43.547086624521384,57.06874694527562,58.497631675058464,50.3079167848985,0
628.75,-777.6075086443032,1000.0,43.40624719495854,56.76369512894133,58.15238224452629,50.08497116194994,0
633.75,-773.537935398129,1000.0,43.26732594124132,56.46271748563679,57.80733387760447,49.86502171343905,0
638.75,-769.4143470848461,1000.0,43.13091400887002,56.162754210308364,57.46246853487013,49.64683410958919,0
643.75,-765.2358705000701,1000.0,42.996156011354955,55.86519724342688,57.20971278198643,49.430676627390916,0
648.75,-761.0016015094843,1000.0,42.866056121756294,55.56769598599464,57.12685991380237,49.21687605387547,0
653.75,-756.7106035334776,1000.0,42.7390948854284,55.270234447150834,57.04374700028711,49.004664666289614,0
658.75,-752.361905933574,1000.0,42.61403295724735,54.969607639957495,56.8583192488982,48.791820298602424,0
663.75,-747.9545022927531,1000.0,42.490257697544735,54.664096656046176,56.51608206285908,48.57717717679546,0
668.75,-743.4873485809964,1000.0,42.368461573719514,54.35858818672466,56.20454400087617,48.36352488022209,0
673.75,-738.9593611965411,1000.0,42.2488201569586,54.04674733504379,55.90547452338339,48.147783746001195,0
678.75,-734.3694148723788,1000.0,42.13101392156823,53.733583318677255,55.56481472758799,47.932298620122744,0
683.75,-729.716340436474,1000.0,42.0172214951247,53.42863577118628,55.22416667255022,47.72292863315549,0
688.75,-724.9989224129923,1000.0,41.906365402313014,53.123826454476905,54.88351119168127,47.515095928394956,0
693.75,-720.2158964505019,1000.0,41.799841377370115,52.82042842562267,54.54282887407056,47.3101349014964,0
698.75,-715.3659465616182,1000.0,41.69725490565318,52.5242601992491,54.202100053606564,47.11075755245114,0
703.75,-710.4477021568864,1000.0,41.598283394499845,52.227973910931965,53.86130479773869,46.913128652715905,0
708.75,-705.4597348538044,1000.0,41.50413811456758,51.9315513638127,53.520422895874255,46.71784473919014,0
713.75,-700.4005550397573,1000.0,41.41509010212759,51.634974081134565,53.261141510856135,46.525032091631076,0
718.75,-695.2686081652184,1000.0,41.32985464439261,51.33822329511041,53.08316415361189,46.33403896975151,0
723.75,-690.0622707408369,1000.0,41.25070405175002,51.03706717711159,52.76997706711484,46.1438856144308,0
728.75,-684.7798460089199,1000.0,41.17618518852929,50.750178349788584,52.43793851408406,45.963181769158936,0
733.75,-679.4195592562817,1000.0,41.10635346186041,50.497095316089876,52.10570498472225,45.801724388975146,0
738.75,-673.9795527313867,1000.0,41.0408588693602,50.2810285698166,51.773256366320496,45.6609437195884,0
743.75,-668.4578801240958,1000.0,40.979823579817015,50.092514120047156,51.51616492054728,45.53616884993208,0
748.75,-662.8525005610222,1000.0,40.92341166429409,49.97052386170628,51.249538954385194,45.44696776300019,0
753.75,-657.1612720634106,1000.0,40.87128790463069,49.895848615527534,51.685444682955655,45.383568260079116,0
758.75,-651.3819444074268,1000.0,40.823736368969534,49.86926628346065,52.13611426626673,45.34650132621509,0
763.75,-645.5121513186255,1000.0,40.782317862500115,49.87594092569295,52.602326995165804,45.32912939409653,0
768.75,-639.5494019229476,1000.0,40.74641562536886,49.91208566762988,53.08492128196112,45.329250646499375,0
773.75,-633.4910713656508,1000.0,40.71548350330667,49.970493199821924,53.58480053557455,45.3429883515643,0
778.75,-627.3343904968067,1000.0,40.69088119366834,50.0506512911044,54.10293976575222,45.37076624238637,0
783.75,-621.076434507058,1000.0,40.67502901682575,50.18471628457828,54.64039302565636,45.42987265070201,0
788.75,-614.7141103797765,1000.0,40.66594581599601,50.389227689206905,55.19830182150003,45.52758675260146,0
793.75,-608.244143005093,1000.0,40.66586982309416,50.66092256440206,55.77790464122319,45.66339619374811,0
798.75,-601.6630597768157,1000.0,40.67286552749576,50.993939952686446,56.380547782435045,45.8334027400911,0
803.75,-594.9671734642172,1000.0,40.68675197614459,51.401125218225,57.00769769418641,46.04393859718479,0
808.75,-588.1525631160677,1000.0,40.70771398643046,51.917350372987976,57.66095508906231,46.31253217970922,0
813.75,-581.2150527128491,1000.0,40.737650873762746,52.47926748008569,58.342071133549496,46.608459176924214,0
818.75,-574.1501872332709,1000.0,40.77679807716986,53.06647808873119,59.05296608812233,46.92163808295052,0
823.75,-566.9532057410029,1000.0,40.82591855675676,53.6807769534641,59.795750847223374,47.253347755110426,0
828.75,-559.6190110244647,1000.0,40.886659230600024,54.32414213995614,60.57275192750963,47.605400685278084,0
833.75,-552.1421352333111,1000.0,40.96068592532676,54.998759746657896,61.38654057591575,47.97972283599233,0
838.75,-544.5167008458051,1000.0,41.047051110092745,55.70705282264768,62.23996682460256,48.37705196637022,0
843.75,-536.7363761661771,1000.0,41.14531692154945,56.451715349701004,63.13619951745689,48.79851613562523,0
848.75,-528.7943243833088,1000.0,41.25761950818471,57.235752370507655,64.07877358567897,49.24668593934618,0
853.75,-520.6831450123962,1000.0,41.384942590818426,58.06252762063784,65.0716461759524,49.72373510572813,0
857.0,-515.3164076564999,1000.0,41.47620990260825,58.62462090712454,65.74606952552287,50.05041540486639,0
158.62846165592882,523.002088289807,546.5292061755031,67.39875106067988,110.1091683825291,113.94227120546431,88.7539597216045,0
158.62846165592882,-523.002088289807,546.5292061755031,67.3987510606799,110.1091683825291,113.94227120546442,88.7539597216045,0
857.1673007021122,515.0380749100543,1000.0,41.48111944566824,58.654108270703354,65.78143701596359,50.067613858185794,0
857.1673007021122,-515.0380749100543,1000.0,41.48111944566825,58.65410827070336,65.78143701596355,50.06761385818581,0
