x_m,y_m,distance_m,mean_diameter_m,cvar_diameter_m,composite_m,cost_s
666.8144759,-526.8109672,849.8066489,71.94889784,131.5835836,101.7662407,344.6718739
666.8144759,526.8109672,849.8066489,71.94889784,131.5835836,101.7662407,344.6718739
669.2240053,-530.4243076,853.9383557,71.63023082,130.7648626,101.1975467,344.5498323
669.2240053,-525.3631758,850.8038762,71.83248859,131.4123395,101.622414,344.6314667
669.2240053,525.3631758,850.8038762,71.83248859,131.4123395,101.622414,344.6314667
669.2240053,530.4243076,853.9383557,71.63023082,130.7648626,101.1975467,344.5498323
670,-530,854.2833254,71.59106884,130.7039759,101.1475224,344.5354032
670,-525,851.190343,71.79090206,131.3439323,101.5674172,344.6170446
670,525,851.190343,71.79090206,131.3439323,101.5674172,344.6170446
670,530,854.2833254,71.59106884,130.7039759,101.1475224,344.5354032
671.6335348,-534.003978,858.0511952,71.31763645,129.9451431,100.6313898,344.4282482
671.6335348,-523.9153845,851.8092129,71.7165565,131.2422772,101.4794169,344.5940647
671.6335348,523.9153845,851.8092129,71.7165565,131.2422772,101.4794169,344.5940647
671.6335348,534.003978,858.0511952,71.31763645,129.9451431,100.6313898,344.4282482
674.0430642,-537.5506198,862.1454177,71.01271556,129.139529,100.0761223,344.3211005
674.0430642,-522.4675931,852.82263,71.60108643,131.0727359,101.3369112,344.5590984
674.0430642,522.4675931,852.82263,71.60108643,131.0727359,101.3369112,344.5590984
674.0430642,537.5506198,862.1454177,71.01271556,129.139529,100.0761223,344.3211005
675,-535,861.3071461,71.04055225,129.316668,100.1786101,344.3243601
675,-530,858.2103472,71.2321374,129.9535404,100.5928389,344.3957892
675,-525,855.1315688,71.42991135,130.6029122,101.0164118,344.4864052
675,525,855.1315688,71.42991135,130.6029122,101.0164118,344.4864052
675,530,858.2103472,71.2321374,129.9535404,100.5928389,344.3957892
675,535,861.3071461,71.04055225,129.316668,100.1786101,344.3243601
676.4525936,-541.0648525,866.2212685,70.71507058,128.3479104,99.5314905,344.228015
676.4525936,-521.0198018,853.8440989,71.48599097,130.9025352,101.1942631,344.525505
676.4525936,521.0198018,853.8440989,71.48599097,130.9025352,101.1942631,344.525505
676.4525936,541.0648525,866.2212685,70.71507058,128.3479104,99.5314905,344.228015
678.862123,-544.5472748,870.2789878,70.4240691,127.5680777,98.9960734,344.1466702
678.862123,-519.5720104,854.8735907,71.37131233,130.7311625,101.0512374,344.4928865
678.862123,519.5720104,854.8735907,71.37131233,130.7311625,101.0512374,344.4928865
678.862123,544.5472748,870.2789878,70.4240691,127.5680777,98.9960734,344.1466702
680,-545,871.4499412,70.32993767,127.346488,98.83821286,344.1176046
680,-540,868.3317338,70.5063441,127.9522178,99.22928093,344.1461281
680,-535,865.231183,70.68874527,128.5714084,99.63007683,344.1944055
680,-530,862.1484791,70.87671623,129.2008356,100.0387759,344.2594321
680,-525,859.0838143,71.07110702,129.8459915,100.4585493,344.3465344
680,-520,856.0373824,71.27206546,130.5050539,100.8885597,344.4543552
680,520,856.0373824,71.27206546,130.5050539,100.8885597,344.4543552
680,525,859.0838143,71.07110702,129.8459915,100.4585493,344.3465344
680,530,862.1484791,70.87671623,129.2008356,100.0387759,344.2594321
680,535,865.231183,70.68874527,128.5714084,99.63007683,344.1944055
680,540,868.3317338,70.5063441,127.9522178,99.22928093,344.1461281
680,545,871.4499412,70.32993767,127.346488,98.83821286,344.1176046
681.2716525,-547.9984655,874.3188107,70.14029989,126.8044781,98.47238899,344.0813121
681.2716525,-518.1242191,855.9110765,71.25705857,130.5596766,100.9083676,344.4621267
681.2716525,518.1242191,855.9110765,71.25705857,130.5596766,100.9083676,344.4621267
681.2716525,547.9984655,874.3188107,70.14029989,126.8044781,98.47238899,344.0813121
683.6811819,-551.4189843,878.3409672,69.8637713,126.0565625,97.96016688,344.0315358
683.6811819,-516.6764278,856.9565272,71.14338515,130.3857714,100.7645783,344.4314265
683.6811819,516.6764278,856.9565272,71.14338515,130.3857714,100.7645783,344.4314265
683.6811819,551.4189843,878.3409672,69.8637713,126.0565625,97.96016688,344.0315358
685,-550,878.4787988,69.82166831,126.029497,97.92558268,344.0014278
685,-545,875.35707,69.98863291,126.6139248,98.30127884,344.003612
685,-540,872.2528303,70.16155807,127.2122396,98.68689885,344.0258435
685,-535,869.1662672,70.34061123,127.8248449,99.08272808,344.0686358
685,-530,866.0975696,70.52567626,128.4521594,99.48891785,344.1322789
685,-525,863.046928,70.71643606,129.0883813,99.9024087,344.211709
685,-520,860.0145348,70.91379916,129.7409043,100.3273517,344.3138868
685,520,860.0145348,70.91379916,129.7409043,100.3273517,344.3138868
685,525,863.046928,70.71643606,129.0883813,99.9024087,344.211709
685,530,866.0975696,70.52567626,128.4521594,99.48891785,344.1322789
685,535,869.1662672,70.34061123,127.8248449,99.08272808,344.0686358
685,540,872.2528303,70.16155807,127.2122396,98.68689885,344.0258435
685,545,875.35707,69.98863291,126.6139248,98.30127884,344.003612
685,550,878.4787988,69.82166831,126.029497,97.92558268,344.0014278
686.0907113,-554.8093731,882.3456832,69.59394797,125.3215838,97.4577659,343.9946497
686.0907113,-515.2286364,858.0099136,71.03011771,130.2103211,100.6202194,344.4013636
686.0907113,515.2286364,858.0099136,71.03011771,130.2103211,100.6202194,344.4013636
686.0907113,554.8093731,882.3456832,69.59394797,125.3215838,97.4577659,343.9946497
688.5002408,-558.1701563,886.3331794,69.33018197,124.6104898,96.9703359,343.9792859
688.5002408,-513.7808451,859.0712068,70.91745498,130.0340603,100.4757577,344.3727105
688.5002408,513.7808451,859.0712068,70.91745498,130.0340603,100.4757577,344.3727105
688.5002408,558.1701563,886.3331794,69.33018197,124.6104898,96.9703359,343.9792859
690,-560,888.6506625,69.17654368,124.2030367,96.68979021,343.9749303
690,-555,885.5083286,69.32961315,124.746187,97.03790009,343.9269892
690,-550,882.3831367,69.4880121,125.3037552,97.39588365,343.8989424
690,-545,879.2752698,69.65197144,125.8846753,97.76832338,343.8984684
690,-540,876.184912,69.82144521,126.4756033,98.14852427,343.9144391
690,-535,873.1122494,69.99697695,127.0806785,98.53882775,343.9507965
690,-530,870.0574694,70.17859849,127.7003157,98.93945709,344.0079503
690,-525,867.020761,70.36630895,128.3349456,99.3506273,344.0862969
690,-520,864.0023148,70.56015739,128.9802785,99.77021794,344.1823383
690,-515,861.0023229,70.76054532,129.6391499,100.1998476,344.2988121
690,515,861.0023229,70.76054532,129.6391499,100.1998476,344.2988121
690,520,864.0023148,70.56015739,128.9802785,99.77021794,344.1823383
690,525,867.020761,70.36630895,128.3349456,99.3506273,344.0862969
690,530,870.0574694,70.17859849,127.7003157,98.93945709,344.0079503
690,535,873.1122494,69.99697695,127.0806785,98.53882775,343.9507965
690,540,876.184912,69.82144521,126.4756033,98.14852427,343.9144391
690,545,879.2752698,69.65197144,125.8846753,97.76832338,343.8984684
690,550,882.3831367,69.4880121,125.3037552,97.39588365,343.8989424
690,555,885.5083286,69.32961315,124.746187,97.03790009,343.9269892
690,560,888.6506625,69.17654368,124.2030367,96.68979021,343.9749303
690.9097702,-561.5018418,890.3036723,69.07263263,123.9169261,96.49477934,343.9803223
690.9097702,-512.3330537,860.1403772,70.80524962,129.8575584,100.331404,344.3458131
690.9097702,512.3330537,860.1403772,70.80524962,129.8575584,100.331404,344.3458131
690.9097702,561.5018418,890.3036723,69.07263263,123.9169261,96.49477934,343.9803223
693.3192996,-564.8049216,894.2573738,68.82068905,123.2359565,96.02832279,343.993176
693.3192996,-510.8852624,861.2173956,70.69377159,129.6815876,100.1876796,344.3215347
693.3192996,510.8852624,861.2173956,70.69377159,129.6815876,100.1876796,344.3215347
693.3192996,564.8049216,894.2573738,68.82068905,123.2359565,96.02832279,343.993176
695,-565,895.6840961,68.70747271,122.9847137,95.8460932,343.9746251
695,-560,892.5385146,68.85277206,123.5100007,96.18138637,343.9046607
695,-555,889.4099167,69.00296875,124.0441868,96.52357777,343.8495969
695,-550,886.2984825,69.15817629,124.5923057,96.875241,343.8137615
695,-545,883.2043931,69.31897087,125.1543427,97.23665679,343.7976589
695,-540,880.1278316,69.48560072,125.7412972,97.61344894,343.8107043
695,-535,877.0689825,69.65776393,126.3398897,97.9988268,343.8416101
695,-530,874.0280316,69.83588169,126.9518785,98.39388007,343.8922308
695,-525,871.0051665,70.02008825,127.5787091,98.79939865,343.9639211
695,-520,868.000576,70.21071463,128.2208249,99.21576974,344.0573646
695,-515,865.0144507,70.40769492,128.8754133,99.64155411,344.1701992
695,-510,862.0469825,70.61111653,129.5422669,100.0766917,344.3023631
695,510,862.0469825,70.61111653,129.5422669,100.0766917,344.3023631
695,515,865.0144507,70.40769492,128.8754133,99.64155411,344.1701992
695,520,868.000576,70.21071463,128.2208249,99.21576974,344.0573646
695,525,871.0051665,70.02008825,127.5787091,98.79939865,343.9639211
695,530,874.0280316,69.83588169,126.9518785,98.39388007,343.8922308
695,535,877.0689825,69.65776393,126.3398897,97.9988268,343.8416101
695,540,880.1278316,69.48560072,125.7412972,97.61344894,343.8107043
695,545,883.2043931,69.31897087,125.1543427,97.23665679,343.7976589
695,550,886.2984825,69.15817629,124.5923057,96.875241,343.8137615
695,555,889.4099167,69.00296875,124.0441868,96.52357777,343.8495969
695,560,892.5385146,68.85277206,123.5100007,96.18138637,343.9046607
695,565,895.6840961,68.70747271,122.9847137,95.8460932,343.9746251
695.728829,-568.0798729,898.194492,68.57348301,122.5633929,95.56843794,344.0136723
695.728829,-509.437471,862.3022326,70.58272906,129.5059599,100.0443445,344.2994692
695.728829,509.437471,862.3022326,70.58272906,129.5059599,100.0443445,344.2994692
695.728829,568.0798729,898.194492,68.57348301,122.5633929,95.56843794,344.0136723
698.1383585,-571.327158,902.1152305,68.3317964,121.9030515,95.11742393,344.0456862
698.1383585,-507.9896797,863.3948589,70.47234501,129.3302261,99.90128557,344.2794221
698.1383585,507.9896797,863.3948589,70.47234501,129.3302261,99.90128557,344.2794221
698.1383585,571.327158,902.1152305,68.3317964,121.9030515,95.11742393,344.0456862
700,-570,902.7181177,68.25128445,121.7846614,95.01797295,344.0004141
700,-565,899.5693414,68.38951472,122.2950713,95.34229298,343.9115114
700,-560,896.4373932,68.53250364,122.817912,95.6752078,343.8403074
700,-555,893.3224502,68.68010146,123.3480553,96.0140784,343.7824366
700,-550,890.2246907,68.83264504,123.889342,96.36099351,343.7414179
700,-545,887.1442949,68.99014546,124.4406545,96.71539997,343.7163649
700,-540,884.0814442,69.15341351,125.0088878,97.08115067,343.7137392
700,-535,881.0363216,69.32261746,125.5986949,97.46065618,343.7375973
700,-530,878.0091116,69.49760512,126.2068552,97.85223014,343.7851639
700,-525,875,69.67841957,126.8259159,98.25216774,343.8502978
700,-520,872.0091743,69.86538833,127.4601071,98.66274769,343.9368366
700,-515,869.0368232,70.05896761,128.109885,99.0844263,344.045579
700,-510,866.0831369,70.25921404,128.7738789,99.51654649,344.1754673
700,510,866.0831369,70.25921404,128.7738789,99.51654649,344.1754673
700,515,869.0368232,70.05896761,128.109885,99.0844263,344.045579
700,520,872.0091743,69.86538833,127.4601071,98.66274769,343.9368366
700,525,875,69.67841957,126.8259159,98.25216774,343.8502978
700,530,878.0091116,69.49760512,126.2068552,97.85223014,343.7851639
700,535,881.0363216,69.32261746,125.5986949,97.46065618,343.7375973
700,540,884.0814442,69.15341351,125.0088878,97.08115067,343.7137392
700,545,887.1442949,68.99014546,124.4406545,96.71539997,343.7163649
700,550,890.2246907,68.83264504,123.889342,96.36099351,343.7414179
700,555,893.3224502,68.68010146,123.3480553,96.0140784,343.7824366
700,560,896.4373932,68.53250364,122.817912,95.6752078,343.8403074
700,565,899.5693414,68.38951472,122.2950713,95.34229298,343.9115114
700,570,902.7181177,68.25128445,121.7846614,95.01797295,344.0004141
700.5478879,-574.5472258,906.0197889,68.09600495,121.2603497,94.67817731,344.0940879
700.5478879,-506.5418884,864.4952446,70.36284033,129.1543854,99.75861287,344.2615711
700.5478879,506.5418884,864.4952446,70.36284033,129.1543854,99.75861287,344.2615711
700.5478879,574.5472258,906.0197889,68.09600495,121.2603497,94.67817731,344.0940879
702.9574173,-577.7405115,909.9083631,67.86534116,120.6250299,94.24518552,344.1497237
702.9574173,-505.094097,865.6033603,70.25410288,128.9784367,99.61626981,344.2458157
702.9574173,505.094097,865.6033603,70.25410288,128.9784367,99.61626981,344.2458157
702.9574173,577.7405115,909.9083631,67.86534116,120.6250299,94.24518552,344.1497237
705,-580,912.9211357,67.68444233,120.1379253,93.9111838,344.19528
705,-575,909.7527137,67.8106299,120.6185193,94.21457458,344.0675454
705,-570,906.6007942,67.94145935,121.1126301,94.52704473,343.9582526
705,-565,903.46555,68.07666672,121.6125766,94.84462165,343.8608111
705,-560,900.3471553,68.21671185,122.1280585,95.17238517,343.7837273
705,-555,897.2457857,68.36173647,122.6531253,95.5074309,343.7221926
705,-550,894.1616185,68.5117303,123.1881596,95.84994493,343.6765529
705,-545,891.0948322,68.66659852,123.7366399,96.20161921,343.6496656
705,-540,888.0456069,68.8265473,124.2922161,96.55938169,343.6364434
705,-535,885.0141242,68.99236428,124.8658601,96.92911221,343.6467282
705,-530,882.0005669,69.16407803,125.4587134,97.31139574,343.6815321
705,-525,879.0051194,69.34196167,126.07589,97.70892584,343.745384
705,-520,876.0279676,69.52555,126.7028704,98.1142102,343.8258264
705,-515,873.0692985,69.71545439,127.3445949,98.53002467,343.9275258
705,-510,870.1293007,69.91213419,128.0022175,98.95717583,344.0518652
705,-505,867.2081642,70.11568535,128.6757724,99.39572885,344.1989912
705,505,867.2081642,70.11568535,128.6757724,99.39572885,344.1989912
705,510,870.1293007,69.91213419,128.0022175,98.95717583,344.0518652
705,515,873.0692985,69.71545439,127.3445949,98.53002467,343.9275258
705,520,876.0279676,69.52555,126.7028704,98.1142102,343.8258264
705,525,879.0051194,69.34196167,126.07589,97.70892584,343.745384
705,530,882.0005669,69.16407803,125.4587134,97.31139574,343.6815321
705,535,885.0141242,68.99236428,124.8658601,96.92911221,343.6467282
705,540,888.0456069,68.8265473,124.2922161,96.55938169,343.6364434
705,545,891.0948322,68.66659852,123.7366399,96.20161921,343.6496656
705,550,894.1616185,68.5117303,123.1881596,95.84994493,343.6765529
705,555,897.2457857,68.36173647,122.6531253,95.5074309,343.7221926
705,560,900.3471553,68.21671185,122.1280585,95.17238517,343.7837273
705,565,903.46555,68.07666672,121.6125766,94.84462165,343.8608111
705,570,906.6007942,67.94145935,121.1126301,94.52704473,343.9582526
705,575,909.7527137,67.8106299,120.6185193,94.21457458,344.0675454
705,580,912.9211357,67.68444233,120.1379253,93.9111838,344.19528
705.3669468,-580.9074377,913.7811449,67.63974552,120.0018713,93.82080841,344.2165673
705.3669468,-503.6463057,866.7191765,70.14624114,128.8023791,99.4743101,344.2322397
705.3669468,503.6463057,866.7191765,70.14624114,128.8023791,99.4743101,344.2322397
705.3669468,580.9074377,913.7811449,67.63974552,120.0018713,93.82080841,344.2165673
707.7764762,-584.0484149,917.6383227,67.41870337,119.3821685,93.40043595,344.2869684
707.7764762,-502.1985143,867.8426632,70.03914495,128.625947,99.33254598,344.220524
707.7764762,502.1985143,867.8426632,70.03914495,128.625947,99.33254598,344.220524
707.7764762,584.0484149,917.6383227,67.41870337,119.3821685,93.40043595,344.2869684
710,-585,919.9592382,67.26384317,118.9985285,93.13118581,344.3021363
710,-580,916.7878708,67.38322131,119.4694173,93.42631929,344.1600424
710,-575,913.6328584,67.50732202,119.9512642,93.72929311,344.0342944
710,-570,910.4943712,67.635642,120.4380814,94.0368617,343.9195139
710,-565,907.3725806,67.76861818,120.9378576,94.35323789,343.8227608
710,-560,904.2676595,67.90564682,121.4429423,94.67429457,343.737187
710,-555,901.1797823,68.04784913,121.9629433,95.00539623,343.6717735
710,-550,898.1091248,68.19498618,122.4920092,95.34349768,343.6214771
710,-545,895.0558642,68.34728308,123.0323306,95.68980682,343.5883476
710,-540,892.0201791,68.50471086,123.5861374,96.04542412,343.5742561
710,-535,889.0022497,68.66719014,124.1478771,96.40753362,343.5745424
710,-530,886.0022573,68.83548095,124.7253257,96.78040335,343.5963604
710,-525,883.0203848,69.00988404,125.3217728,97.16582845,343.6427403
710,-520,880.0568163,69.19055676,125.9457788,97.5681678,343.7209881
710,-515,877.1117375,69.37722444,126.5828245,97.98002448,343.8188054
710,-510,874.185335,69.57020701,127.2322614,98.40123418,343.9359556
710,-505,871.2777973,69.77008983,127.8979174,98.8340036,344.0761563
710,505,871.2777973,69.77008983,127.8979174,98.8340036,344.0761563
710,510,874.185335,69.57020701,127.2322614,98.40123418,343.9359556
710,515,877.1117375,69.37722444,126.5828245,97.98002448,343.8188054
710,520,880.0568163,69.19055676,125.9457788,97.5681678,343.7209881
710,525,883.0203848,69.00988404,125.3217728,97.16582845,343.6427403
710,530,886.0022573,68.83548095,124.7253257,96.78040335,343.5963604
710,535,889.0022497,68.66719014,124.1478771,96.40753362,343.5745424
710,540,892.0201791,68.50471086,123.5861374,96.04542412,343.5742561
710,545,895.0558642,68.34728308,123.0323306,95.68980682,343.5883476
710,550,898.1091248,68.19498618,122.4920092,95.34349768,343.6214771
710,555,901.1797823,68.04784913,121.9629433,95.00539623,343.6717735
710,560,904.2676595,67.90564682,121.4429423,94.67429457,343.737187
710,565,907.3725806,67.76861818,120.9378576,94.35323789,343.8227608
710,570,910.4943712,67.635642,120.4380814,94.0368617,343.9195139
710,575,913.6328584,67.50732202,119.9512642,93.72929311,344.0342944
710,580,916.7878708,67.38322131,119.4694173,93.42631929,344.1600424
710,585,919.9592382,67.26384317,118.9985285,93.13118581,344.3021363
710.1860056,-587.1638416,921.4800809,67.20249067,118.7735729,92.98803176,344.3675739
710.1860056,-500.750723,868.9737908,69.93249502,128.4476002,99.1900476,344.209112
710.1860056,500.750723,868.9737908,69.93249502,128.4476002,99.1900476,344.209112
710.1860056,587.1638416,921.4800809,67.20249067,118.7735729,92.98803176,344.3675739
712.595535,-590.2541054,925.3066008,66.99079796,118.1757603,92.58327915,344.4578919
712.595535,-499.3029316,870.1125295,69.82635442,128.2691406,99.0477475,344.1995529
712.595535,499.3029316,870.1125295,69.82635442,128.2691406,99.0477475,344.1995529
712.595535,590.2541054,925.3066008,66.99079796,118.1757603,92.58327915,344.4578919
715,-590,926.9978425,66.85663491,117.8848548,92.37074488,344.4417073
715,-585,923.8235762,66.96925449,118.3389379,92.65409621,344.2793851
715,-580,920.6655202,67.08603791,118.8035779,92.94480792,344.1325795
715,-575,917.5238417,67.20728504,119.2790618,93.24317344,344.0018132
715,-570,914.3987095,67.33332544,119.765687,93.54950621,343.8876429
715,-565,911.290294,67.46381286,120.2596076,93.86171023,343.786607
715,-560,908.1987668,67.59867594,120.7637169,94.18119644,343.701093
715,-555,905.1243009,67.73792206,121.2751354,94.50652872,343.6287404
715,-550,902.0670707,67.88236791,121.7997747,94.84107131,343.5751946
715,-545,899.0272521,68.03164716,122.3336498,95.1826485,343.5368623
715,-540,896.0050223,68.18621222,122.8798928,95.53305252,343.5167678
715,-535,893.0005599,68.34628334,123.4378899,95.89208661,343.5146188
715,-530,890.0140448,68.51129024,124.0059347,96.25861245,343.5285529
715,-525,887.0456584,68.68222798,124.5883959,96.63531193,343.5630788
715,-520,884.0955831,68.85938543,125.1894989,97.02444215,343.621997
715,-515,881.1640029,69.04291512,125.8186035,97.43075931,343.7132761
715,-510,878.251103,69.23283639,126.4658641,97.84935026,343.8287596
715,-505,875.35707,69.42898475,127.1231985,98.27609162,343.9616085
715,-500,872.4820915,69.63212329,127.7970837,98.71460347,344.1178974
715,500,872.4820915,69.63212329,127.7970837,98.71460347,344.1178974
715,505,875.35707,69.42898475,127.1231985,98.27609162,343.9616085
715,510,878.251103,69.23283639,126.4658641,97.84935026,343.8287596
715,515,881.1640029,69.04291512,125.8186035,97.43075931,343.7132761
715,520,884.0955831,68.85938543,125.1894989,97.02444215,343.621997
715,525,887.0456584,68.68222798,124.5883959,96.63531193,343.5630788
715,530,890.0140448,68.51129024,124.0059347,96.25861245,343.5285529
715,535,893.0005599,68.34628334,123.4378899,95.89208661,343.5146188
715,540,896.0050223,68.18621222,122.8798928,95.53305252,343.5167678
715,545,899.0272521,68.03164716,122.3336498,95.1826485,343.5368623
715,550,902.0670707,67.88236791,121.7997747,94.84107131,343.5751946
715,555,905.1243009,67.73792206,121.2751354,94.50652872,343.6287404
715,560,908.1987668,67.59867594,120.7637169,94.18119644,343.701093
715,565,911.290294,67.46381286,120.2596076,93.86171023,343.786607
715,570,914.3987095,67.33332544,119.765687,93.54950621,343.8876429
715,575,917.5238417,67.20728504,119.2790618,93.24317344,344.0018132
715,580,920.6655202,67.08603791,118.8035779,92.94480792,344.1325795
715,585,923.8235762,66.96925449,118.3389379,92.65409621,344.2793851
715,590,926.9978425,66.85663491,117.8848548,92.37074488,344.4417073
715.0050645,-593.3195827,929.11806,66.78399667,117.5884201,92.18620838,344.5580084
715.0050645,-497.8551403,871.2588496,69.72100881,128.0905671,98.90578797,344.192078
715.0050645,497.8551403,871.2588496,69.72100881,128.0905671,98.90578797,344.192078
715.0050645,593.3195827,929.11806,66.78399667,117.5884201,92.18620838,344.5580084
717.4145939,-596.3606398,932.9146329,66.58170559,117.0112536,91.7964796,344.6673915
717.4145939,-496.4073489,872.4127209,69.616166,127.9118788,98.76402242,344.1864368
717.4145939,496.4073489,872.4127209,69.616166,127.9118788,98.76402242,344.1864368
717.4145939,596.3606398,932.9146329,66.58170559,117.0112536,91.7964796,344.6673915
719.8241233,-599.3776327,936.6964904,66.38386177,116.4471537,91.41550774,344.788435
719.8241233,-494.9595576,873.5741137,69.5119647,127.7330746,98.62251965,344.1827382
719.8241233,494.9595576,873.5741137,69.5119647,127.7330746,98.62251965,344.1827382
719.8241233,599.3776327,936.6964904,66.38386177,116.4471537,91.41550774,344.788435
720,-595,934.0369372,66.4629131,116.7974057,91.63015942,344.6144883
720,-590,930.8598176,66.56849715,117.2345044,91.90150077,344.431567
720,-585,927.6987658,66.67845627,117.6824751,92.18046569,344.2645727
720,-580,924.5539465,66.79267956,118.1408917,92.46678565,344.1130906
720,-575,921.425526,66.911202,118.6100384,92.76062022,343.9774199
720,-570,918.3136719,67.03437401,119.0902095,93.06229176,343.8581318
720,-565,915.2185531,67.16235381,119.5817099,93.37203187,343.7556464
720,-560,912.1403401,67.2948855,120.0828076,93.68884655,343.66834
720,-555,909.0792045,67.43182514,120.5907213,94.01127321,343.5938079
720,-550,906.0353194,67.57346695,121.1092026,94.34133479,343.5354583
720,-545,903.0088593,67.72011592,121.6382393,94.67917762,343.4935702
720,-540,900,67.87156801,122.1774266,95.02449728,343.4676709
720,-535,897.0089186,68.02862178,122.7296828,95.3791523,343.4608953
720,-530,894.0357935,68.19120254,123.2939059,95.74255421,343.4722977
720,-525,891.0808044,68.35894471,123.8681716,96.11355817,343.5000049
720,-520,888.1441324,68.53263394,124.4560958,96.49436485,343.5477231
720,-515,885.2259599,68.71269385,125.0612173,96.88695556,343.6187927
720,-510,882.3264702,68.89912308,125.6944479,97.29678547,343.7223479
720,-505,879.4458482,69.09220875,126.3497262,97.72096746,343.8536109
720,-500,876.58428,69.29185755,127.0175022,98.15467989,344.0045782
720,-495,873.7419528,69.49825451,127.6998193,98.59903688,344.177145
720,495,873.7419528,69.49825451,127.6998193,98.59903688,344.177145
720,500,876.58428,69.29185755,127.0175022,98.15467989,344.0045782
720,505,879.4458482,69.09220875,126.3497262,97.72096746,343.8536109
720,510,882.3264702,68.89912308,125.6944479,97.29678547,343.7223479
720,515,885.2259599,68.71269385,125.0612173,96.88695556,343.6187927
720,520,888.1441324,68.53263394,124.4560958,96.49436485,343.5477231
720,525,891.0808044,68.35894471,123.8681716,96.11355817,343.5000049
720,530,894.0357935,68.19120254,123.2939059,95.74255421,343.4722977
720,535,897.0089186,68.02862178,122.7296828,95.3791523,343.4608953
720,540,900,67.87156801,122.1774266,95.02449728,343.4676709
720,545,903.0088593,67.72011592,121.6382393,94.67917762,343.4935702
720,550,906.0353194,67.57346695,121.1092026,94.34133479,343.5354583
720,555,909.0792045,67.43182514,120.5907213,94.01127321,343.5938079
720,560,912.1403401,67.2948855,120.0828076,93.68884655,343.66834
720,565,915.2185531,67.16235381,119.5817099,93.37203187,343.7556464
720,570,918.3136719,67.03437401,119.0902095,93.06229176,343.8581318
720,575,921.425526,66.911202,118.6100384,92.76062022,343.9774199
720,580,924.5539465,66.79267956,118.1408917,92.46678565,344.1130906
720,585,927.6987658,66.67845627,117.6824751,92.18046569,344.2645727
720,590,930.8598176,66.56849715,117.2345044,91.90150077,344.431567
720,595,934.0369372,66.4629131,116.7974057,91.63015942,344.6144883
722.2336527,-602.370908,940.4638004,66.19063043,115.8935933,91.04211185,344.919203
722.2336527,-493.5117663,874.742998,69.40859684,127.5541533,98.48137508,344.1811352
722.2336527,493.5117663,874.742998,69.40859684,127.5541533,98.48137508,344.1811352
722.2336527,602.370908,940.4638004,66.19063043,115.8935933,91.04211185,344.919203
724.6431822,-605.3408028,944.2167278,66.00131302,115.3509706,90.67614183,345.0594784
724.6431822,-492.0639749,875.9193438,69.30591111,127.3751139,98.34051252,344.1814948
724.6431822,492.0639749,875.9193438,69.30591111,127.3751139,98.34051252,344.1814948
724.6431822,605.3408028,944.2167278,66.00131302,115.3509706,90.67614183,345.0594784
725,-605,944.2722065,65.988038,115.3341495,90.66109376,345.0454792
725,-600,941.0765112,66.08302641,115.7421766,90.91260149,344.8257672
725,-595,937.8965828,66.18177842,116.1610298,91.1714041,344.6213738
725,-590,934.7325821,66.28474537,116.5898026,91.43727398,344.4319518
725,-585,931.5846714,66.39203766,117.0291466,91.71059211,344.2581688
725,-580,928.4530144,66.50366111,117.4813654,91.99251325,344.1019834
725,-575,925.3377762,66.61962108,117.9442008,92.28191092,343.96155
725,-570,922.239123,66.73996209,118.417944,92.57895306,343.8371819
725,-565,919.1572227,66.86505768,118.9028971,92.88397739,343.7294759
725,-560,916.0922443,66.99487192,119.3993729,93.19712241,343.6386967
725,-555,913.0443582,67.12965026,119.9076958,93.51867305,343.5653537
725,-550,910.0137362,67.26880643,120.4197044,93.8442554,343.5021869
725,-545,907.0005513,67.41290682,120.9451927,94.17904978,343.45787
725,-540,904.0049779,67.56169518,121.4782656,94.51998039,343.4273085
725,-535,901.0271916,67.71551573,122.0233572,94.86943647,343.4145219
725,-530,898.0673694,67.87493061,122.5817608,95.22834569,343.4210927
725,-525,895.1256895,68.04021446,123.1534373,95.59682588,343.447253
725,-520,892.2023313,68.21082119,123.7333642,95.97209268,343.4883953
725,-515,889.2974755,68.38738584,124.3273806,96.35738321,343.5499542
725,-510,886.4113041,68.57042609,124.9376117,96.75401888,343.6341696
725,-505,883.544,68.75986105,125.574753,97.16730703,343.7499291
725,-500,880.6957477,68.95618951,126.2367014,97.59644546,343.8959316
725,-495,877.8667325,69.15944205,126.9152724,98.03735724,344.0654154
725,495,877.8667325,69.15944205,126.9152724,98.03735724,344.0654154
725,500,880.6957477,68.95618951,126.2367014,97.59644546,343.8959316
725,505,883.544,68.75986105,125.574753,97.16730703,343.7499291
725,510,886.4113041,68.57042609,124.9376117,96.75401888,343.6341696
725,515,889.2974755,68.38738584,124.3273806,96.35738321,343.5499542
725,520,892.2023313,68.21082119,123.7333642,95.97209268,343.4883953
725,525,895.1256895,68.04021446,123.1534373,95.59682588,343.447253
725,530,898.0673694,67.87493061,122.5817608,95.22834569,343.4210927
725,535,901.0271916,67.71551573,122.0233572,94.86943647,343.4145219
725,540,904.0049779,67.56169518,121.4782656,94.51998039,343.4273085
725,545,907.0005513,67.41290682,120.9451927,94.17904978,343.45787
725,550,910.0137362,67.26880643,120.4197044,93.8442554,343.5021869
725,555,913.0443582,67.12965026,119.9076958,93.51867305,343.5653537
725,560,916.0922443,66.99487192,119.3993729,93.19712241,343.6386967
725,565,919.1572227,66.86505768,118.9028971,92.88397739,343.7294759
725,570,922.239123,66.73996209,118.417944,92.57895306,343.8371819
725,575,925.3377762,66.61962108,117.9442008,92.28191092,343.96155
725,580,928.4530144,66.50366111,117.4813654,91.99251325,344.1019834
725,585,931.5846714,66.39203766,117.0291466,91.71059211,344.2581688
725,590,934.7325821,66.28474537,116.5898026,91.43727398,344.4319518
725,595,937.8965828,66.18177842,116.1610298,91.1714041,344.6213738
725,600,941.0765112,66.08302641,115.7421766,90.91260149,344.8257672
725,605,944.2722065,65.988038,115.3341495,90.66109376,345.0454792
727.0527116,-608.2876457,947.9554343,65.81563304,114.8148017,90.31521736,345.2053237
727.0527116,-490.6161836,877.1031211,69.20377119,127.1959553,98.19986325,344.1836964
727.0527116,490.6161836,877.1031211,69.20377119,127.1959553,98.19986325,344.1836964
727.0527116,608.2876457,947.9554343,65.81563304,114.8148017,90.31521736,345.2053237
729.462241,-611.2117562,951.6800786,65.63406165,114.2874265,89.96074409,345.359115
729.462241,-489.1683922,878.2942997,69.10240336,127.0166764,98.05953986,344.1879218
729.462241,489.1683922,878.2942997,69.10240336,127.0166764,98.05953986,344.1879218
729.462241,611.2117562,951.6800786,65.63406165,114.2874265,89.96074409,345.359115
730,-610,951.3148795,65.62617039,114.3160226,89.9710965,345.3033394
730,-605,948.116554,65.71497623,114.7120138,90.21349501,345.0679103
730,-600,944.9338601,65.8077547,115.1171616,90.46245817,344.8465551
730,-595,941.7669563,65.90449901,115.5306056,90.7175523,344.6385823
730,-590,938.6160024,66.00488728,115.9505836,90.97773544,344.4422861
730,-585,935.4811596,66.10955179,116.383333,91.24644241,344.2634269
730,-580,932.3625904,66.21860552,116.8262337,91.52241959,344.0999466
730,-575,929.2604586,66.33187166,117.2815557,91.80671368,343.9536235
730,-570,926.1749295,66.44961148,117.7488975,92.09925451,343.8243736
730,-565,923.1061694,66.5718661,118.22733,92.39959804,343.7114897
730,-560,920.0543462,66.69880214,118.7171628,92.70798247,343.6154025
730,-555,917.019629,66.83061779,119.2187171,93.02466747,343.5365791
730,-550,914.0021882,66.96760186,119.7323261,93.34996397,343.4755718
730,-545,911.0021954,67.10924619,120.2517884,93.6805173,343.4268208
730,-540,908.0198236,67.2558745,120.7831561,94.0195153,343.3956767
730,-535,905.0552469,67.40676509,121.3203728,94.36356895,343.3765227
730,-530,902.1086409,67.56290525,121.8714999,94.71720258,343.3769388
730,-525,899.1801822,67.72491082,122.4361892,95.08055001,343.3971837
730,-520,896.2700486,67.89299226,123.0148463,95.45391926,343.4378065
730,-515,893.3784193,68.06662675,123.6011644,95.83389558,343.4931484
730,-510,890.5054744,68.24616097,124.2021997,96.22418034,343.5694181
730,-505,887.6513955,68.43216822,124.8183552,96.62526171,343.6674659
730,-500,884.8163651,68.62481992,125.4589553,97.04188762,343.7952463
730,-495,882.0005669,68.82449453,126.1283377,97.47641609,343.9567284
730,-490,879.2041856,69.03124966,126.8158495,97.9235496,344.1431147
730,490,879.2041856,69.03124966,126.8158495,97.9235496,344.1431147
730,495,882.0005669,68.82449453,126.1283377,97.47641609,343.9567284
730,500,884.8163651,68.62481992,125.4589553,97.04188762,343.7952463
730,505,887.6513955,68.43216822,124.8183552,96.62526171,343.6674659
730,510,890.5054744,68.24616097,124.2021997,96.22418034,343.5694181
730,515,893.3784193,68.06662675,123.6011644,95.83389558,343.4931484
730,520,896.2700486,67.89299226,123.0148463,95.45391926,343.4378065
730,525,899.1801822,67.72491082,122.4361892,95.08055001,343.3971837
730,530,902.1086409,67.56290525,121.8714999,94.71720258,343.3769388
730,535,905.0552469,67.40676509,121.3203728,94.36356895,343.3765227
730,540,908.0198236,67.2558745,120.7831561,94.0195153,343.3956767
730,545,911.0021954,67.10924619,120.2517884,93.6805173,343.4268208
730,550,914.0021882,66.96760186,119.7323261,93.34996397,343.4755718
730,555,917.019629,66.83061779,119.2187171,93.02466747,343.5365791
730,560,920.0543462,66.69880214,118.7171628,92.70798247,343.6154025
730,565,923.1061694,66.5718661,118.22733,92.39959804,343.7114897
730,570,926.1749295,66.44961148,117.7488975,92.09925451,343.8243736
730,575,929.2604586,66.33187166,117.2815557,91.80671368,343.9536235
730,580,932.3625904,66.21860552,116.8262337,91.52241959,344.0999466
730,585,935.4811596,66.10955179,116.383333,91.24644241,344.2634269
730,590,938.6160024,66.00488728,115.9505836,90.97773544,344.4422861
730,595,941.7669563,65.90449901,115.5306056,90.7175523,344.6385823
730,600,944.9338601,65.8077547,115.1171616,90.46245817,344.8465551
730,605,948.116554,65.71497623,114.7120138,90.21349501,345.0679103
730,610,951.3148795,65.62617039,114.3160226,89.9710965,345.3033394
731.8717705,-614.1134458,955.3908168,65.45654941,113.7686103,89.61257987,345.5206463
731.8717705,-487.7206009,879.4928499,69.0016627,126.8361701,97.91891642,344.193121
731.8717705,487.7206009,879.4928499,69.0016627,126.8361701,97.91891642,344.193121
731.8717705,614.1134458,955.3908168,65.45654941,113.7686103,89.61257987,345.5206463
734.2812999,-616.993018,959.0878018,65.28289309,113.2581269,89.27050998,345.6895902
734.2812999,-486.2728095,880.6987411,68.9014447,126.655235,97.77833986,344.1998667
734.2812999,486.2728095,880.6987411,68.9014447,126.655235,97.77833986,344.1998667
734.2812999,616.993018,959.0878018,65.28289309,113.2581269,89.27050998,345.6895902
735,-615,958.3579707,65.27714904,113.3209084,89.29902872,345.5911833
735,-610,955.1570551,65.35970508,113.7024892,89.53109716,345.3380093
735,-605,951.9716382,65.44609445,114.0928971,89.7694958,345.0984915
735,-600,948.8018761,65.53641168,114.4923629,90.01438731,344.8729326
735,-595,945.647926,65.6307588,114.9011255,90.26594213,344.6616482
735,-590,942.5099469,65.72924034,115.3194318,90.52433608,344.4649632
735,-585,939.3880987,65.83137083,115.7416006,90.78648572,344.2777676
735,-580,936.2825428,65.93778014,116.1780232,91.05790169,344.1092835
735,-575,933.1934419,66.04847209,116.6251413,91.3368067,343.9565794
735,-570,930.1209599,66.16360407,117.0830771,91.62334057,343.8199214
735,-565,927.065262,66.28312774,117.5550157,91.91907174,343.7019581
735,-560,924.0265148,66.40722148,118.0382328,92.22272713,343.6005998
735,-555,921.004886,66.53611224,118.5330461,92.53457918,343.5163344
735,-550,918.0005447,66.67011291,119.0397854,92.85494917,343.4497313
735,-545,915.0136611,66.80936639,119.5587927,93.18407956,343.4012292
735,-540,912.0444068,66.9535621,120.0857942,93.51967814,343.3670395
735,-535,909.0929545,67.10262809,120.6231451,93.86288657,343.3491009
735,-530,906.1594782,67.25559557,121.1646168,94.2101062,343.3414467
735,-525,903.244153,67.41432086,121.7219149,94.56811787,343.35542
735,-520,900.3471553,67.57905379,122.2930331,94.93604343,343.3895918
735,-515,897.4686624,67.74997434,122.8783887,95.31418152,343.4444955
735,-510,894.6088531,67.92676087,123.4733333,95.70004706,343.5160226
735,-505,891.767907,68.10935525,124.0798672,96.09461125,343.6058286
735,-500,888.9460051,68.29842308,124.7035137,96.50096837,343.71911
735,-495,886.1433293,68.49439072,125.3485869,96.92148883,343.859856
735,-490,883.3600625,68.69748567,126.0242388,97.36086223,344.0359241
735,490,883.3600625,68.69748567,126.0242388,97.36086223,344.0359241
735,495,886.1433293,68.49439072,125.3485869,96.92148883,343.859856
735,500,888.9460051,68.29842308,124.7035137,96.50096837,343.71911
735,505,891.767907,68.10935525,124.0798672,96.09461125,343.6058286
735,510,894.6088531,67.92676087,123.4733333,95.70004706,343.5160226
735,515,897.4686624,67.74997434,122.8783887,95.31418152,343.4444955
735,520,900.3471553,67.57905379,122.2930331,94.93604343,343.3895918
735,525,903.244153,67.41432086,121.7219149,94.56811787,343.35542
735,530,906.1594782,67.25559557,121.1646168,94.2101062,343.3414467
735,535,909.0929545,67.10262809,120.6231451,93.86288657,343.3491009
735,540,912.0444068,66.9535621,120.0857942,93.51967814,343.3670395
735,545,915.0136611,66.80936639,119.5587927,93.18407956,343.4012292
735,550,918.0005447,66.67011291,119.0397854,92.85494917,343.4497313
735,555,921.004886,66.53611224,118.5330461,92.53457918,343.5163344
735,560,924.0265148,66.40722148,118.0382328,92.22272713,343.6005998
735,565,927.065262,66.28312774,117.5550157,91.91907174,343.7019581
735,570,930.1209599,66.16360407,117.0830771,91.62334057,343.8199214
735,575,933.1934419,66.04847209,116.6251413,91.3368067,343.9565794
735,580,936.2825428,65.93778014,116.1780232,91.05790169,344.1092835
735,585,939.3880987,65.83137083,115.7416006,90.78648572,344.2777676
735,590,942.5099469,65.72924034,115.3194318,90.52433608,344.4649632
735,595,945.647926,65.6307588,114.9011255,90.26594213,344.6616482
735,600,948.8018761,65.53641168,114.4923629,90.01438731,344.8729326
735,605,951.9716382,65.44609445,114.0928971,89.7694958,345.0984915
735,610,955.1570551,65.35970508,113.7024892,89.53109716,345.3380093
735,615,958.3579707,65.27714904,113.3209084,89.29902872,345.5911833
736.6908293,-619.8507686,962.7711843,65.11300656,112.7595717,88.93628911,345.868903
736.6908293,-484.8250182,881.9119436,68.80181911,126.474568,97.63819356,344.2087921
736.6908293,484.8250182,881.9119436,68.80181911,126.474568,97.63819356,344.2087921
736.6908293,619.8507686,962.7711843,65.11300656,112.7595717,88.93628911,345.868903
739.1003587,-622.6869858,966.4411118,64.94673116,112.268466,88.60759856,346.0547475
739.1003587,-483.3772269,883.1324271,68.70312145,126.2937772,97.49844932,344.2198442
739.1003587,483.3772269,883.1324271,68.70312145,126.2937772,97.49844932,344.2198442
739.1003587,622.6869858,966.4411118,64.94673116,112.268466,88.60759856,346.0547475
740,-620,965.4014709,64.94057526,112.3551281,88.64785169,345.9139475
740,-615,962.1980046,65.01726855,112.721017,88.86914278,345.6422904
740,-610,959.0099061,65.09747907,113.0935447,89.0955119,345.3821754
740,-605,955.8373293,65.18147598,113.4768059,89.32914092,345.1372716
740,-600,952.6804291,65.26935647,113.8706139,89.56998521,344.9075357
740,-595,949.539362,65.36122125,114.2736178,89.81741953,344.6919563
740,-590,946.4142856,65.45717361,114.686062,90.07161782,344.490855
740,-585,943.3053588,65.55732055,115.1081997,90.33276014,344.3045638
740,-580,940.2127419,65.6613417,115.5359816,90.59866167,344.1294713
740,-575,937.1365962,65.76949018,115.9739003,90.87169523,343.9695668
740,-570,934.0770846,65.8818983,116.4253188,91.15360852,343.8277974
740,-565,931.034371,65.9988694,116.8875124,91.44319091,343.7021769
740,-560,928.0086206,66.12012479,117.3625902,91.7413575,343.5942646
740,-555,925,66.24614671,117.8506902,92.04841848,343.5046109
740,-550,922.0086767,66.37719223,118.350588,92.36389012,343.4324428
740,-545,919.0348198,66.5134332,118.8626221,92.68802763,343.3782195
740,-540,916.0785992,66.65501556,119.3871437,93.02107963,343.3423899
740,-535,913.1401864,66.80177809,119.9217725,93.36177531,343.3228687
740,-530,910.2197537,66.95293151,120.4637535,93.70834252,343.3167352
740,-525,907.3174748,67.10845471,121.0110557,94.0597552,343.322313
740,-520,904.4335244,67.26987366,121.5746647,94.4222692,343.3500697
740,-515,901.5680784,67.43741,122.1523598,94.79488491,343.3983733
740,-510,898.7213139,67.61124821,122.7445705,95.17790936,343.4677714
740,-505,895.8934088,67.7912633,123.3485739,95.56991861,343.5559249
740,-500,893.0845425,67.97692682,123.9604661,95.96869644,343.6591738
740,-495,890.294895,68.16922455,124.591786,96.38050527,343.7879976
740,-490,887.5246475,68.3685509,125.2431449,96.80584791,343.943271
740,-485,884.7739824,68.57492669,125.9237444,97.24933556,344.1327205
740,485,884.7739824,68.57492669,125.9237444,97.24933556,344.1327205
740,490,887.5246475,68.3685509,125.2431449,96.80584791,343.943271
740,495,890.294895,68.16922455,124.591786,96.38050527,343.7879976
740,500,893.0845425,67.97692682,123.9604661,95.96869644,343.6591738
740,505,895.8934088,67.7912633,123.3485739,95.56991861,343.5559249
740,510,898.7213139,67.61124821,122.7445705,95.17790936,343.4677714
740,515,901.5680784,67.43741,122.1523598,94.79488491,343.3983733
740,520,904.4335244,67.26987366,121.5746647,94.4222692,343.3500697
740,525,907.3174748,67.10845471,121.0110557,94.0597552,343.322313
740,530,910.2197537,66.95293151,120.4637535,93.70834252,343.3167352
740,535,913.1401864,66.80177809,119.9217725,93.36177531,343.3228687
740,540,916.0785992,66.65501556,119.3871437,93.02107963,343.3423899
740,545,919.0348198,66.5134332,118.8626221,92.68802763,343.3782195
740,550,922.0086767,66.37719223,118.350588,92.36389012,343.4324428
740,555,925,66.24614671,117.8506902,92.04841848,343.5046109
740,560,928.0086206,66.12012479,117.3625902,91.7413575,343.5942646
740,565,931.034371,65.9988694,116.8875124,91.44319091,343.7021769
740,570,934.0770846,65.8818983,116.4253188,91.15360852,343.8277974
740,575,937.1365962,65.76949018,115.9739003,90.87169523,343.9695668
740,580,940.2127419,65.6613417,115.5359816,90.59866167,344.1294713
740,585,943.3053588,65.55732055,115.1081997,90.33276014,344.3045638
740,590,946.4142856,65.45717361,114.686062,90.07161782,344.490855
740,595,949.539362,65.36122125,114.2736178,89.81741953,344.6919563
740,600,952.6804291,65.26935647,113.8706139,89.56998521,344.9075357
740,605,955.8373293,65.18147598,113.4768059,89.32914092,345.1372716
740,610,959.0099061,65.09747907,113.0935447,89.0955119,345.3821754
740,615,962.1980046,65.01726855,112.721017,88.86914278,345.6422904
740,620,965.4014709,64.94057526,112.3551281,88.64785169,345.9139475
741.5098882,-625.5019507,970.0977294,64.78388281,111.7824497,88.28316626,346.2450313
741.5098882,-481.9294355,884.3601614,68.60521335,126.1128614,97.35903738,344.2329006
741.5098882,481.9294355,884.3601614,68.60521335,126.1128614,97.35903738,344.2329006
741.5098882,625.5019507,970.0977294,64.78388281,111.7824497,88.28316626,346.2450313
743.9194176,-628.2959377,973.7411798,64.62458564,111.3039289,87.96425729,346.4418926
743.9194176,-480.4816442,885.5951165,68.50823413,125.932505,97.22036958,344.2486422
743.9194176,480.4816442,885.5951165,68.50823413,125.932505,97.22036958,344.2486422
743.9194176,628.2959377,973.7411798,64.62458564,111.3039289,87.96425729,346.4418926
745,-625,972.4453712,64.61564767,111.405758,88.01070282,346.2601858
745,-620,969.2393925,64.68659301,111.7590825,88.22283776,345.972757
745,-615,966.048653,64.76111046,112.1206002,88.44085531,345.6981862
745,-610,962.8733042,64.8392893,112.490522,88.66490566,345.4367542
745,-605,959.7134989,64.92121404,112.8690054,88.8951097,345.1886931
745,-600,956.5693911,65.00670029,113.2534661,89.13008317,344.9517252
745,-595,953.4411361,65.09612587,113.6493373,89.3727316,344.730727
745,-590,950.3288904,65.18959287,114.0557982,89.62269556,344.5251305
745,-585,947.2328119,65.28720702,114.4719931,89.87960006,344.3343417
745,-580,944.1530596,65.38907783,114.898035,90.14355641,344.1585783
745,-575,941.0897938,65.49504824,115.3314874,90.41326782,343.9957095
745,-570,938.043176,65.60485987,115.771207,90.68803345,343.8445991
745,-565,935.0133689,65.71915589,116.2267965,90.97297618,343.7138226
745,-560,932.0005365,65.83779908,116.693557,91.26567803,343.5993806
745,-555,929.0048439,65.96100435,117.1716571,91.56633072,343.5016257
745,-550,926.0264575,66.08914583,117.6647415,91.87694368,343.4239424
745,-545,923.0655448,66.22242464,118.1698309,92.19612778,343.3640474
745,-540,920.1222745,66.36098523,118.687273,92.5241291,343.322385
745,-535,917.1968164,66.50491413,119.2174287,92.86117142,343.2993622
745,-530,914.2893415,66.65395282,119.7597762,93.20686449,343.2943626
745,-525,911.4000219,66.80753486,120.304859,93.55619694,343.2990631
745,-520,908.5290309,66.96588402,120.8597497,93.91281685,343.3195824
745,-515,905.6765427,67.13009337,121.4298145,94.27995394,343.3613412
745,-510,902.8427327,67.30053321,122.0142396,94.65738641,343.4240047
745,-505,900.0277773,67.47739336,122.6134673,95.04543031,343.5081353
745,-500,897.2318541,67.66073945,123.2266377,95.44368858,343.6131064
745,-495,894.4551414,67.84953524,123.8440824,95.84680881,343.7300276
745,-490,891.6978188,68.04514808,124.483265,96.26420652,343.8746366
745,-485,888.9600666,68.24787331,125.1416662,96.69476973,344.0451152
745,-480,886.2420663,68.45778553,125.8289618,97.14337368,344.2496299
745,480,886.2420663,68.45778553,125.8289618,97.14337368,344.2496299
745,485,888.9600666,68.24787331,125.1416662,96.69476973,344.0451152
745,490,891.6978188,68.04514808,124.483265,96.26420652,343.8746366
745,495,894.4551414,67.84953524,123.8440824,95.84680881,343.7300276
745,500,897.2318541,67.66073945,123.2266377,95.44368858,343.6131064
745,505,900.0277773,67.47739336,122.6134673,95.04543031,343.5081353
745,510,902.8427327,67.30053321,122.0142396,94.65738641,343.4240047
745,515,905.6765427,67.13009337,121.4298145,94.27995394,343.3613412
745,520,908.5290309,66.96588402,120.8597497,93.91281685,343.3195824
745,525,911.4000219,66.80753486,120.304859,93.55619694,343.2990631
745,530,914.2893415,66.65395282,119.7597762,93.20686449,343.2943626
745,535,917.1968164,66.50491413,119.2174287,92.86117142,343.2993622
745,540,920.1222745,66.36098523,118.687273,92.5241291,343.322385
745,545,923.0655448,66.22242464,118.1698309,92.19612778,343.3640474
745,550,926.0264575,66.08914583,117.6647415,91.87694368,343.4239424
745,555,929.0048439,65.96100435,117.1716571,91.56633072,343.5016257
745,560,932.0005365,65.83779908,116.693557,91.26567803,343.5993806
745,565,935.0133689,65.71915589,116.2267965,90.97297618,343.7138226
745,570,938.043176,65.60485987,115.771207,90.68803345,343.8445991
745,575,941.0897938,65.49504824,115.3314874,90.41326782,343.9957095
745,580,944.1530596,65.38907783,114.898035,90.14355641,344.1585783
745,585,947.2328119,65.28720702,114.4719931,89.87960006,344.3343417
745,590,950.3288904,65.18959287,114.0557982,89.62269556,344.5251305
745,595,953.4411361,65.09612587,113.6493373,89.3727316,344.730727
745,600,956.5693911,65.00670029,113.2534661,89.13008317,344.9517252
745,605,959.7134989,64.92121404,112.8690054,88.8951097,345.1886931
745,610,962.8733042,64.8392893,112.490522,88.66490566,345.4367542
745,615,966.048653,64.76111046,112.1206002,88.44085531,345.6981862
745,620,969.2393925,64.68659301,111.7590825,88.22283776,345.972757
745,625,972.4453712,64.61564767,111.405758,88.01070282,346.2601858
746.328947,-631.0692142,977.3716029,64.46813624,110.8273886,87.6477624,346.6401743
746.328947,-479.0338528,886.837262,68.41203638,125.753816,97.0829262,344.2678637
746.328947,479.0338528,886.837262,68.41203638,125.753816,97.0829262,344.2678637
746.328947,631.0692142,977.3716029,64.46813624,110.8273886,87.6477624,346.6401743
748.7384765,-633.8220414,980.9891367,64.31481328,110.3597246,87.33726894,346.8458864
748.7384765,-477.5860615,888.086568,68.31660052,125.5749998,96.94580017,344.2890466
748.7384765,477.5860615,888.086568,68.31660052,125.5749998,96.94580017,344.2890466
748.7384765,633.8220414,980.9891367,64.31481328,110.3597246,87.33726894,346.8458864
750,-635,982.7130812,64.23887883,110.1350408,87.18695981,346.9400122
750,-630,979.489663,64.30140495,110.4706683,87.38603664,346.6273191
750,-625,976.2812095,64.36730742,110.8140519,87.59067964,346.3269015
750,-620,973.0878686,64.43651067,111.1660027,87.8012567,346.0394023
750,-615,969.9097896,64.50879755,111.5222067,88.01550212,345.761073
750,-610,966.7471231,64.58470477,111.8867219,88.23571332,345.4957751
750,-605,963.6000208,64.66432168,112.2597642,88.46204294,345.2437934
750,-600,960.4686356,64.74774404,112.641557,88.69465051,345.0054245
750,-595,957.3531219,64.8350702,113.0323312,88.93370071,344.780974
750,-590,954.253635,64.92616793,113.4299918,89.17807986,344.5686157
750,-585,951.1703317,65.02129514,113.8392726,89.43028386,344.3725432
750,-580,948.1033699,65.12063102,114.2589411,89.68978605,344.1919099
750,-575,945.0529086,65.2242877,114.6889621,89.9566249,344.0268116
750,-570,942.0191081,65.33216413,115.1281442,90.23015416,343.8762028
750,-565,939.0021299,65.4437889,115.572109,90.50794896,343.7360718
750,-560,936.0021367,65.55985625,116.029606,90.79473112,343.6143257
750,-555,933.0192924,65.68035296,116.5010264,91.0906897,343.5113123
750,-550,930.0537619,65.80563823,116.9839063,91.39477229,343.4253098
750,-545,927.1057113,65.93600285,117.4804272,91.70821502,343.3584127
750,-540,924.175308,66.07159126,117.9908188,92.03120504,343.3109665
750,-535,921.2627204,66.2124587,118.5137859,92.36312228,343.281971
750,-530,918.3681179,66.35861626,119.0496993,92.7041578,343.2717787
750,-525,915.4916712,66.5102112,119.5989447,93.05457794,343.2808677
750,-520,912.6335519,66.66640193,120.1491985,93.40780023,343.2982953
750,-515,909.7939327,66.82766582,120.7107614,93.7692136,343.3330827
750,-510,906.9729875,66.99476216,121.2874318,94.14109697,343.3890652
750,-505,904.1708909,67.16820627,121.8787453,94.5234758,343.4663202
750,-500,901.3878189,67.34819354,122.4851576,94.91667556,343.5654257
750,-495,898.623948,67.53491171,123.1071428,95.32102727,343.6869689
750,-490,895.8794562,67.72691919,123.732483,95.72970108,343.8195957
750,-485,893.1545219,67.92593119,124.3780474,96.15198927,343.9788381
750,-480,890.4493248,68.13221968,125.0437404,96.58798005,344.164879
750,480,890.4493248,68.13221968,125.0437404,96.58798005,344.164879
750,485,893.1545219,67.92593119,124.3780474,96.15198927,343.9788381
750,490,895.8794562,67.72691919,123.732483,95.72970108,343.8195957
750,495,898.623948,67.53491171,123.1071428,95.32102727,343.6869689
750,500,901.3878189,67.34819354,122.4851576,94.91667556,343.5654257
750,505,904.1708909,67.16820627,121.8787453,94.5234758,343.4663202
750,510,906.9729875,66.99476216,121.2874318,94.14109697,343.3890652
750,515,909.7939327,66.82766582,120.7107614,93.7692136,343.3330827
750,520,912.6335519,66.66640193,120.1491985,93.40780023,343.2982953
750,525,915.4916712,66.5102112,119.5989447,93.05457794,343.2808677
750,530,918.3681179,66.35861626,119.0496993,92.7041578,343.2717787
750,535,921.2627204,66.2124587,118.5137859,92.36312228,343.281971
750,540,924.175308,66.07159126,117.9908188,92.03120504,343.3109665
750,545,927.1057113,65.93600285,117.4804272,91.70821502,343.3584127
750,550,930.0537619,65.80563823,116.9839063,91.39477229,343.4253098
750,555,933.0192924,65.68035296,116.5010264,91.0906897,343.5113123
750,560,936.0021367,65.55985625,116.029606,90.79473112,343.6143257
750,565,939.0021299,65.4437889,115.572109,90.50794896,343.7360718
750,570,942.0191081,65.33216413,115.1281442,90.23015416,343.8762028
750,575,945.0529086,65.2242877,114.6889621,89.9566249,344.0268116
750,580,948.1033699,65.12063102,114.2589411,89.68978605,344.1919099
750,585,951.1703317,65.02129514,113.8392726,89.43028386,344.3725432
750,590,954.253635,64.92616793,113.4299918,89.17807986,344.5686157
750,595,957.3531219,64.8350702,113.0323312,88.93370071,344.780974
750,600,960.4686356,64.74774404,112.641557,88.69465051,345.0054245
750,605,963.6000208,64.66432168,112.2597642,88.46204294,345.2437934
750,610,966.7471231,64.58470477,111.8867219,88.23571332,345.4957751
750,615,969.9097896,64.50879755,111.5222067,88.01550212,345.761073
750,620,973.0878686,64.43651067,111.1660027,87.8012567,346.0394023
750,625,976.2812095,64.36730742,110.8140519,87.59067964,346.3269015
750,630,979.489663,64.30140495,110.4706683,87.38603664,346.6273191
750,635,982.7130812,64.23887883,110.1350408,87.18695981,346.9400122
751.1480059,-636.554674,984.5939162,64.16461506,109.8998865,87.03225078,347.0581785
751.1480059,-476.1382701,889.3430041,68.22179809,125.3960552,96.80892666,344.3120766
751.1480059,476.1382701,889.3430041,68.22179809,125.3960552,96.80892666,344.3120766
751.1480059,636.554674,984.5939162,64.16461506,109.8998865,87.03225078,347.0581785
753.5575353,-639.2673608,988.1860744,64.01755898,109.4468669,86.73221295,347.2762519
753.5575353,-474.6904788,890.6065403,68.12794324,125.2185075,96.67322539,344.3384816
753.5575353,474.6904788,890.6065403,68.12794324,125.2185075,96.67322539,344.3384816
753.5575353,639.2673608,988.1860744,64.01755898,109.4468669,86.73221295,347.2762519
755,-640,989.7600719,63.9406612,109.2323572,86.58650919,347.3480684
755,-635,986.534338,63.99837063,109.5581855,86.77827807,347.0227251
755,-630,983.3234463,64.05882614,109.8887668,86.97379645,346.7066031
755,-625,980.1275427,64.12259414,110.2270174,87.17480578,346.4026358
755,-620,976.9467744,64.18978349,110.5731322,87.38145785,346.1111056
755,-615,973.7812896,64.26047934,110.9273125,87.5938959,345.8322811
755,-610,970.6312379,64.334255,111.2859414,87.81009822,345.5628207
755,-605,967.49677,64.41159111,111.6535062,88.03254864,345.3068967
755,-600,964.3780379,64.4926901,112.029724,88.26120707,345.0644727
755,-595,961.2751947,64.57764907,112.4148236,88.49623633,344.8358508
755,-590,958.1883948,64.666568,112.8090413,88.73780468,344.6213424
755,-585,955.1177938,64.75955044,113.2126221,88.98608626,344.4212692
755,-580,952.0635483,64.85652129,113.6239962,89.24025873,344.234291
755,-575,949.0258163,64.95763049,114.0474658,89.50254817,344.0641517
755,-570,946.0047569,65.06312671,114.4811724,89.77214954,343.9095408
755,-565,943.0005302,65.17282793,114.9255326,90.04918027,343.770686
755,-560,940.0132978,65.28624189,115.3745185,90.33038018,343.6421827
755,-555,937.0432221,65.40423941,115.8339617,90.61910055,343.5296523
755,-550,934.0904667,65.52671386,116.3099563,90.91833508,343.4381199
755,-545,931.1551965,65.65421266,116.7977918,91.22600221,343.3641472
755,-540,928.2375773,65.78687595,117.2977893,91.54233265,343.308152
755,-535,925.3377762,65.92473551,117.8135974,91.86916644,343.2732364
755,-530,922.455961,66.06789471,118.3422102,92.20505243,343.2570139
755,-525,919.592301,66.21645511,118.8840091,92.5502321,343.259921
755,-520,916.7469662,66.37073545,119.4393906,92.90506303,343.2825881
755,-515,913.9201278,66.52971179,119.9959725,93.26284216,343.313871
755,-510,911.111958,66.69398511,120.5641559,93.62907049,343.362978
755,-505,908.3226299,66.86407625,121.1475868,94.00583153,343.4334182
755,-500,905.5523176,67.04063896,121.7459528,94.3932959,343.525511
755,-495,902.8011963,67.22387357,122.3597233,94.79179844,343.6398497
755,-490,900.0694418,67.41373226,122.9893871,95.20155968,343.7768375
755,-485,897.357231,67.60932085,123.6242881,95.61680446,343.9268786
755,-480,894.6647417,67.81198242,124.276544,96.04426323,344.1012326
755,-475,891.9921524,68.02189384,124.9494776,96.48568572,344.3028533
755,475,891.9921524,68.02189384,124.9494776,96.48568572,344.3028533
755,480,894.6647417,67.81198242,124.276544,96.04426323,344.1012326
755,485,897.357231,67.60932085,123.6242881,95.61680446,343.9268786
755,490,900.0694418,67.41373226,122.9893871,95.20155968,343.7768375
755,495,902.8011963,67.22387357,122.3597233,94.79179844,343.6398497
755,500,905.5523176,67.04063896,121.7459528,94.3932959,343.525511
755,505,908.3226299,66.86407625,121.1475868,94.00583153,343.4334182
755,510,911.111958,66.69398511,120.5641559,93.62907049,343.362978
755,515,913.9201278,66.52971179,119.9959725,93.26284216,343.313871
755,520,916.7469662,66.37073545,119.4393906,92.90506303,343.2825881
755,525,919.592301,66.21645511,118.8840091,92.5502321,343.259921
755,530,922.455961,66.06789471,118.3422102,92.20505243,343.2570139
755,535,925.3377762,65.92473551,117.8135974,91.86916644,343.2732364
755,540,928.2375773,65.78687595,117.2977893,91.54233265,343.308152
755,545,931.1551965,65.65421266,116.7977918,91.22600221,343.3641472
755,550,934.0904667,65.52671386,116.3099563,90.91833508,343.4381199
755,555,937.0432221,65.40423941,115.8339617,90.61910055,343.5296523
755,560,940.0132978,65.28624189,115.3745185,90.33038018,343.6421827
755,565,943.0005302,65.17282793,114.9255326,90.04918027,343.770686
755,570,946.0047569,65.06312671,114.4811724,89.77214954,343.9095408
755,575,949.0258163,64.95763049,114.0474658,89.50254817,344.0641517
755,580,952.0635483,64.85652129,113.6239962,89.24025873,344.234291
755,585,955.1177938,64.75955044,113.2126221,88.98608626,344.4212692
755,590,958.1883948,64.666568,112.8090413,88.73780468,344.6213424
755,595,961.2751947,64.57764907,112.4148236,88.49623633,344.8358508
755,600,964.3780379,64.4926901,112.029724,88.26120707,345.0644727
755,605,967.49677,64.41159111,111.6535062,88.03254864,345.3068967
755,610,970.6312379,64.334255,111.2859414,87.81009822,345.5628207
755,615,973.7812896,64.26047934,110.9273125,87.5938959,345.8322811
755,620,976.9467744,64.18978349,110.5731322,87.38145785,346.1111056
755,625,980.1275427,64.12259414,110.2270174,87.17480578,346.4026358
755,630,983.3234463,64.05882614,109.8887668,86.97379645,346.7066031
755,635,986.534338,63.99837063,109.5581855,86.77827807,347.0227251
755,640,989.7600719,63.9406612,109.2323572,86.58650919,347.3480684
755.9670647,-641.9603448,991.7657421,63.87325159,108.9943787,86.43381512,347.4945621
755.9670647,-473.2426875,891.8771464,68.03531182,125.0413484,96.53833013,344.3676446
755.9670647,473.2426875,891.8771464,68.03531182,125.0413484,96.53833013,344.3676446
755.9670647,641.9603448,991.7657421,63.87325159,108.9943787,86.43381512,347.4945621
758.3765942,-644.6338633,995.333048,63.73235215,108.5483041,86.14032811,347.7185894
758.3765942,-471.7948961,893.1547921,67.94376247,124.8648212,96.40429181,344.3996446
758.3765942,471.7948961,893.1547921,67.94376247,124.8648212,96.40429181,344.3996446
758.3765942,644.6338633,995.333048,63.73235215,108.5483041,86.14032811,347.7185894
760,-645,996.8074037,63.65353334,108.3400443,85.9967888,347.7740871
760,-640,993.5793879,63.70630768,108.6558469,86.18107731,347.4358128
760,-635,990.3660939,63.76223919,108.9789759,86.37060753,347.1092242
760,-630,987.1676656,63.82127816,109.3096146,86.56544637,346.7944617
760,-625,983.9842478,63.88298749,109.6429375,86.7629625,346.4871661
760,-620,980.8159868,63.94806074,109.9838543,86.96595752,346.1920386
760,-615,977.6630299,64.01660151,110.3327459,87.17467373,345.909513
760,-610,974.5255256,64.08869638,110.6898183,87.38925735,345.6398627
760,-605,971.4036236,64.16417395,111.0526964,87.60843516,345.3809943
760,-600,968.297475,64.24299821,111.4209663,87.83198228,345.1325631
760,-595,965.2072316,64.32563932,111.8004163,88.06302781,344.8998177
760,-590,962.1330469,64.41219609,112.1888825,88.3005393,344.6810669
760,-585,959.0750753,64.50277085,112.5866071,88.544689,344.476629
760,-580,956.0334722,64.5974696,112.993841,88.79565528,344.2868325
760,-575,953.0083945,64.69640215,113.4108437,89.05362291,344.1120169
760,-570,950,64.79953555,113.8370634,89.31829949,343.951726
760,-565,947.0084477,64.9067826,114.2749057,89.59084415,343.8079249
760,-560,944.0338977,65.01820117,114.7233513,89.87077624,343.6798438
760,-555,941.0765112,65.13379092,115.1783081,90.15604952,343.5641027
760,-550,938.1364506,65.25367412,115.6423616,90.44801786,343.4629918
760,-545,935.2138793,65.37835199,116.1203834,90.74936767,343.3810238
760,-540,932.3089617,65.50811612,116.6132791,91.06069761,343.3192299
760,-535,929.4218633,65.64303298,117.1183867,91.38070985,343.2754788
760,-530,926.5527508,65.7831915,117.6382139,91.71070271,343.2519691
760,-525,923.7017917,65.92881797,118.1725972,92.05070756,343.2487867
760,-520,920.8691547,66.07996085,118.7204136,92.40018722,343.2650693
760,-515,918.0550092,66.23691545,119.2811053,92.75901039,343.3006319
760,-510,915.259526,66.39885546,119.8450508,93.12195311,343.3467969
760,-505,912.4828766,66.56622534,120.4200008,93.49311308,343.4104322
760,-500,909.7252332,66.7393963,121.0103527,93.87487451,343.4955483
760,-495,906.9867695,66.9191623,121.6159411,94.26755168,343.6027039
760,-490,904.2676595,67.10559708,122.2372496,94.67142336,343.7323988
760,-485,901.5680784,67.29872387,122.8747825,95.08675318,343.8851077
760,-480,898.8882022,67.4980763,123.5193725,95.50872439,344.052833
760,-475,896.2282075,67.70442393,124.1786277,95.94152579,344.2425956
760,475,896.2282075,67.70442393,124.1786277,95.94152579,344.2425956
760,480,898.8882022,67.4980763,123.5193725,95.50872439,344.052833
760,485,901.5680784,67.29872387,122.8747825,95.08675318,343.8851077
760,490,904.2676595,67.10559708,122.2372496,94.67142336,343.7323988
760,495,906.9867695,66.9191623,121.6159411,94.26755168,343.6027039
760,500,909.7252332,66.7393963,121.0103527,93.87487451,343.4955483
760,505,912.4828766,66.56622534,120.4200008,93.49311308,343.4104322
760,510,915.259526,66.39885546,119.8450508,93.12195311,343.3467969
760,515,918.0550092,66.23691545,119.2811053,92.75901039,343.3006319
760,520,920.8691547,66.07996085,118.7204136,92.40018722,343.2650693
760,525,923.7017917,65.92881797,118.1725972,92.05070756,343.2487867
760,530,926.5527508,65.7831915,117.6382139,91.71070271,343.2519691
760,535,929.4218633,65.64303298,117.1183867,91.38070985,343.2754788
760,540,932.3089617,65.50811612,116.6132791,91.06069761,343.3192299
760,545,935.2138793,65.37835199,116.1203834,90.74936767,343.3810238
760,550,938.1364506,65.25367412,115.6423616,90.44801786,343.4629918
760,555,941.0765112,65.13379092,115.1783081,90.15604952,343.5641027
760,560,944.0338977,65.01820117,114.7233513,89.87077624,343.6798438
760,565,947.0084477,64.9067826,114.2749057,89.59084415,343.8079249
760,570,950,64.79953555,113.8370634,89.31829949,343.951726
760,575,953.0083945,64.69640215,113.4108437,89.05362291,344.1120169
760,580,956.0334722,64.5974696,112.993841,88.79565528,344.2868325
760,585,959.0750753,64.50277085,112.5866071,88.544689,344.476629
760,590,962.1330469,64.41219609,112.1888825,88.3005393,344.6810669
760,595,965.2072316,64.32563932,111.8004163,88.06302781,344.8998177
760,600,968.297475,64.24299821,111.4209663,87.83198228,345.1325631
760,605,971.4036236,64.16417395,111.0526964,87.60843516,345.3809943
760,610,974.5255256,64.08869638,110.6898183,87.38925735,345.6398627
760,615,977.6630299,64.01660151,110.3327459,87.17467373,345.909513
760,620,980.8159868,63.94806074,109.9838543,86.96595752,346.1920386
760,625,983.9842478,63.88298749,109.6429375,86.7629625,346.4871661
760,630,987.1676656,63.82127816,109.3096146,86.56544637,346.7944617
760,635,990.3660939,63.76223919,108.9789759,86.37060753,347.1092242
760,640,993.5793879,63.70630768,108.6558469,86.18107731,347.4358128
760,645,996.8074037,63.65353334,108.3400443,85.9967888,347.7740871
760.7861236,-647.288148,998.8881181,63.59434598,108.1086655,85.85150575,347.9479486
760.7861236,-470.3471048,894.4394473,67.8529171,124.6899195,96.2714183,344.4349891
760.7861236,470.3471048,894.4394473,67.8529171,124.6899195,96.2714183,344.4349891
760.7861236,647.288148,998.8881181,63.59434598,108.1086655,85.85150575,347.9479486
763.195653,-646.1674668,1000,63.49542597,107.9042759,85.69985095,347.9174178
763.195653,-468.8993134,895.7310818,67.76284455,124.5148885,96.13886652,344.4722659
763.195653,468.8993134,895.7310818,67.76284455,124.5148885,96.13886652,344.4722659
763.195653,646.1674668,1000,63.49542597,107.9042759,85.69985095,347.9174178
764,526,927.5623968,65.67281926,117.4992634,91.58604135,343.2460067
765,-640,997.4091437,63.47587729,108.0822692,85.77907324,347.5313616
765,-635,994.2082277,63.52981581,108.4004089,85.96511234,347.2014266
765,-630,991.0221995,63.58694261,108.7259729,86.15645776,346.8833183
765,-625,987.8512034,63.6470851,109.0591489,86.35311697,346.577078
765,-620,984.6953844,63.71032756,109.3975607,86.55394412,346.2808237
765,-615,981.5548889,63.77673114,109.7411877,86.75895942,345.9946185
765,-610,978.4298646,63.84664929,110.092903,86.96977612,345.7211823
765,-605,975.3204602,63.92016824,110.452917,87.18654262,345.4607922
765,-600,972.2268254,63.99738155,110.8214476,87.40941458,345.2137378
765,-595,969.1491113,64.07773148,111.1921914,87.63496143,344.9743284
765,-590,966.0874702,64.16195235,111.5718563,87.86690431,344.7487999
765,-585,963.0420552,64.2501463,111.9637507,88.10694847,344.5400267
765,-580,960.0130207,64.34241807,112.3650473,88.3537327,344.3457697
765,-575,957.0005225,64.43887623,112.7760032,88.60743972,344.1663647
765,-570,954.004717,64.53963327,113.1968845,88.86825886,344.0021589
765,-565,951.025762,64.64478162,113.6279669,89.13637425,343.8534907
765,-560,948.0638164,64.75380653,114.0698132,89.41180985,343.7204319
765,-555,945.1190401,64.86725268,114.5226542,89.69495346,343.6036613
765,-550,942.1915941,64.98494922,114.9834266,89.98418792,343.5005142
765,-545,939.2816404,65.10689439,115.4521859,90.27954013,343.4110678
765,-540,936.3893421,65.23379813,115.9325313,90.58316472,343.3389479
765,-535,933.5148633,65.36581268,116.4304098,90.89811126,343.2892729
765,-530,930.6583691,65.50300967,116.9409067,91.22195821,343.2580377
765,-525,927.8200257,65.64570751,117.4647176,91.55521253,343.2461208
765,-520,925,65.79380283,118.0050002,91.8994015,343.2561027
765,-515,922.1984602,65.9476986,118.5589706,92.25333458,343.2860315
765,-510,919.4155752,66.10734425,119.1243636,92.61585394,343.3340101
765,-505,916.651515,66.27241148,119.6964985,92.98445498,343.3958959
765,-500,913.9064504,66.44297315,120.2783666,93.36066987,343.474278
765,-495,911.1805529,66.61933389,120.8758055,93.74756972,343.5743123
765,-490,908.4739952,66.80226954,121.4887922,94.14553087,343.696661
765,-485,905.7869507,66.99202953,122.1178253,94.55492742,343.8419825
765,-480,903.1195934,67.18870442,122.7634248,94.9760646,344.0108208
765,-475,900.4720984,67.39194845,123.4178372,95.40489283,344.1964575
765,-470,897.8446413,67.60192416,124.0843331,95.84312863,344.4017903
765,470,897.8446413,67.60192416,124.0843331,95.84312863,344.4017903
765,475,900.4720984,67.39194845,123.4178372,95.40489283,344.1964575
765,480,903.1195934,67.18870442,122.7634248,94.9760646,344.0108208
765,485,905.7869507,66.99202953,122.1178253,94.55492742,343.8419825
765,490,908.4739952,66.80226954,121.4887922,94.14553087,343.696661
765,495,911.1805529,66.61933389,120.8758055,93.74756972,343.5743123
765,500,913.9064504,66.44297315,120.2783666,93.36066987,343.474278
765,505,916.651515,66.27241148,119.6964985,92.98445498,343.3958959
765,510,919.4155752,66.10734425,119.1243636,92.61585394,343.3340101
765,515,922.1984602,65.9476986,118.5589706,92.25333458,343.2860315
765,520,925,65.79380283,118.0050002,91.8994015,343.2561027
765,525,927.8200257,65.64570751,117.4647176,91.55521253,343.2461208
765,530,930.6583691,65.50300967,116.9409067,91.22195821,343.2580377
765,535,933.5148633,65.36581268,116.4304098,90.89811126,343.2892729
765,540,936.3893421,65.23379813,115.9325313,90.58316472,343.3389479
765,545,939.2816404,65.10689439,115.4521859,90.27954013,343.4110678
765,550,942.1915941,64.98494922,114.9834266,89.98418792,343.5005142
765,555,945.1190401,64.86725268,114.5226542,89.69495346,343.6036613
765,560,948.0638164,64.75380653,114.0698132,89.41180985,343.7204319
765,565,951.025762,64.64478162,113.6279669,89.13637425,343.8534907
765,570,954.004717,64.53963327,113.1968845,88.86825886,344.0021589
765,575,957.0005225,64.43887623,112.7760032,88.60743972,344.1663647
765,580,960.0130207,64.34241807,112.3650473,88.3537327,344.3457697
765,585,963.0420552,64.2501463,111.9637507,88.10694847,344.5400267
765,590,966.0874702,64.16195235,111.5718563,87.86690431,344.7487999
765,595,969.1491113,64.07773148,111.1921914,87.63496143,344.9743284
765,600,972.2268254,63.99738155,110.8214476,87.40941458,345.2137378
765,605,975.3204602,63.92016824,110.452917,87.18654262,345.4607922
765,610,978.4298646,63.84664929,110.092903,86.96977612,345.7211823
765,615,981.5548889,63.77673114,109.7411877,86.75895942,345.9946185
765,620,984.6953844,63.71032756,109.3975607,86.55394412,346.2808237
765,625,987.8512034,63.6470851,109.0591489,86.35311697,346.577078
765,630,991.0221995,63.58694261,108.7259729,86.15645776,346.8833183
765,635,994.2082277,63.52981581,108.4004089,85.96511234,347.2014266
765,640,997.4091437,63.47587729,108.0822692,85.77907324,347.5313616
765.6051824,-643.3107372,1000,63.41445573,107.8069201,85.6106879,347.7687249
765.6051824,-467.4515221,897.0296655,67.67371452,124.3397268,96.00672067,344.5116095
765.6051824,467.4515221,897.0296655,67.67371452,124.3397268,96.00672067,344.5116095
765.6051824,643.3107372,1000,63.41445573,107.8069201,85.6106879,347.7687249
768.0147119,-640.4321996,1000,63.33468522,107.7114045,85.52304484,347.6225669
768.0147119,-466.0037307,898.3351684,67.58565805,124.1644333,95.87504565,344.5531222
768.0147119,466.0037307,898.3351684,67.58565805,124.1644333,95.87504565,344.5531222
768.0147119,640.4321996,1000,63.33468522,107.7114045,85.52304484,347.6225669
770,-635,998.0606194,63.30176403,107.8248035,85.56328377,347.3017953
770,-630,994.8869282,63.35690821,108.1453165,85.75111236,346.9802895
770,-625,991.7282894,63.41513044,108.4733542,85.94424234,346.6706351
770,-620,988.5848471,63.47656271,108.8091083,86.14283552,346.3731307
770,-615,985.4567469,63.54138289,109.1526441,86.34701349,346.0880082
770,-610,982.3441352,63.6091636,109.4990266,86.55409511,345.8108257
770,-605,979.2471598,63.68050507,109.8536135,86.76705927,345.5465804
770,-600,976.1659695,63.75549993,110.21662,86.98605998,345.2955591
770,-595,973.1007142,63.83424214,110.5882692,87.21125567,345.0580558
770,-590,970.051545,63.91642844,110.9647891,87.44060876,344.8307028
770,-585,967.0186141,64.00228406,111.3476664,87.67497524,344.614958
770,-580,964.0020747,64.09217205,111.7397388,87.91595543,344.4135209
770,-575,961.0020812,64.18619972,112.1443812,88.16529048,344.229326
770,-570,958.018789,64.28447826,112.5591301,88.42180419,344.0604428
770,-565,955.0523546,64.38712295,112.9839651,88.68554401,343.9069818
770,-560,952.1029356,64.49382423,113.4191689,88.95649656,343.7689523
770,-555,949.1706907,64.60498481,113.8650349,89.23500985,343.6469661
770,-550,946.2557794,64.72062068,114.3232488,89.52193473,343.5424744
770,-545,943.3583624,64.84056732,114.7899071,89.81523719,343.4521171
770,-540,940.4786016,64.96465998,115.2634706,90.11406528,343.3745057
770,-535,937.6166594,65.09382362,115.7488259,90.42132478,343.3145188
770,-530,934.7726996,65.22810856,116.2492271,90.73866781,343.2749442
770,-525,931.9468869,65.36783636,116.7652314,91.06653386,343.2565477
770,-520,929.1393867,65.51302829,117.2942773,91.40365278,343.2572443
770,-515,926.3503657,65.66381313,117.8394746,91.75164386,343.2797677
770,-510,923.5799911,65.82054905,118.39974,92.11014453,343.3235467
770,-505,920.8284314,65.98297862,118.969947,92.47646283,343.3841257
770,-500,918.0958556,66.15126939,119.5503836,92.85082648,343.4619183
770,-495,915.3824337,66.32512517,120.1393264,93.23222577,343.5552748
770,-490,912.6883367,66.5046186,120.7440245,93.62432155,343.6703342
770,-485,910.0137362,66.69094956,121.3645918,94.02777069,343.8082263
770,-480,907.3588044,66.88415825,122.0015428,94.4428505,343.9694481
770,-475,904.7237147,67.08456268,122.6554138,94.86998823,344.1547467
770,-470,902.1086409,67.29175159,123.3197876,95.30576958,344.358463
770,-465,899.5137575,67.50552774,123.994916,95.75022189,344.5806775
770,465,899.5137575,67.50552774,123.994916,95.75022189,344.5806775
770,470,902.1086409,67.29175159,123.3197876,95.30576958,344.358463
770,475,904.7237147,67.08456268,122.6554138,94.86998823,344.1547467
770,480,907.3588044,66.88415825,122.0015428,94.4428505,343.9694481
770,485,910.0137362,66.69094956,121.3645918,94.02777069,343.8082263
770,490,912.6883367,66.5046186,120.7440245,93.62432155,343.6703342
770,495,915.3824337,66.32512517,120.1393264,93.23222577,343.5552748
770,500,918.0958556,66.15126939,119.5503836,92.85082648,343.4619183
770,505,920.8284314,65.98297862,118.969947,92.47646283,343.3841257
770,510,923.5799911,65.82054905,118.39974,92.11014453,343.3235467
770,515,926.3503657,65.66381313,117.8394746,91.75164386,343.2797677
770,520,929.1393867,65.51302829,117.2942773,91.40365278,343.2572443
770,525,931.9468869,65.36783636,116.7652314,91.06653386,343.2565477
770,530,934.7726996,65.22810856,116.2492271,90.73866781,343.2749442
770,535,937.6166594,65.09382362,115.7488259,90.42132478,343.3145188
770,540,940.4786016,64.96465998,115.2634706,90.11406528,343.3745057
770,545,943.3583624,64.84056732,114.7899071,89.81523719,343.4521171
770,550,946.2557794,64.72062068,114.3232488,89.52193473,343.5424744
770,555,949.1706907,64.60498481,113.8650349,89.23500985,343.6469661
770,560,952.1029356,64.49382423,113.4191689,88.95649656,343.7689523
770,565,955.0523546,64.38712295,112.9839651,88.68554401,343.9069818
770,570,958.018789,64.28447826,112.5591301,88.42180419,344.0604428
770,575,961.0020812,64.18619972,112.1443812,88.16529048,344.229326
770,580,964.0020747,64.09217205,111.7397388,87.91595543,344.4135209
770,585,967.0186141,64.00228406,111.3476664,87.67497524,344.614958
770,590,970.051545,63.91642844,110.9647891,87.44060876,344.8307028
770,595,973.1007142,63.83424214,110.5882692,87.21125567,345.0580558
770,600,976.1659695,63.75549993,110.21662,86.98605998,345.2955591
770,605,979.2471598,63.68050507,109.8536135,86.76705927,345.5465804
770,610,982.3441352,63.6091636,109.4990266,86.55409511,345.8108257
770,615,985.4567469,63.54138289,109.1526441,86.34701349,346.0880082
770,620,988.5848471,63.47656271,108.8091083,86.14283552,346.3731307
770,625,991.7282894,63.41513044,108.4733542,85.94424234,346.6706351
770,630,994.8869282,63.35690821,108.1453165,85.75111236,346.9802895
770,635,998.0606194,63.30176403,107.8248035,85.56328377,347.3017953
770.4242413,-637.5315588,1000,63.25595036,107.6175896,85.43676996,347.4786906
770.4242413,-464.5559394,899.6475601,67.49849582,123.9902363,95.74436605,344.5976726
770.4242413,464.5559394,899.6475601,67.49849582,123.9902363,95.74436605,344.5976726
770.4242413,637.5315588,1000,63.25595036,107.6175896,85.43676996,347.4786906
772.8337707,-634.6085115,1000,63.17819212,107.524535,85.35136355,347.3362625
772.8337707,-464.3653779,901.6136874,67.35768902,123.6446154,95.50115223,344.5853023
772.8337707,464.3653779,901.6136874,67.35768902,123.6446154,95.50115223,344.5853023
772.8337707,634.6085115,1000,63.17819212,107.524535,85.35136355,347.3362625
775,-630,998.7617333,63.13086832,107.5655662,85.34821724,347.0833622
775,-625,995.6153876,63.18736353,107.8898345,85.53859901,346.7715834
775,-620,992.4842568,63.2468484,108.221126,85.73398718,346.4711964
775,-615,989.3684854,63.3096242,108.5595001,85.93456218,346.1825312
775,-610,986.2682191,63.37584808,108.9059001,86.14087411,345.9065342
775,-605,983.1836044,63.44529034,109.2573803,86.35133532,345.640587
775,-600,980.1147892,63.51811613,109.614888,86.56650205,345.3856469
775,-595,977.0619223,63.59464784,109.9809393,86.78779356,345.1441105
775,-590,974.0251537,63.67498134,110.3557624,87.01537185,344.9162779
775,-585,971.0046344,63.75906689,110.7381032,87.24858506,344.7010922
775,-580,968.0005165,63.84662332,111.1243666,87.48549498,344.4953516
775,-575,965.0129533,63.93827348,111.5199688,87.72912114,344.3041223
775,-570,962.0420989,64.0341273,111.925167,87.97964714,344.1277413
775,-565,959.0881086,64.13429871,112.3432438,88.23877127,343.9690718
775,-560,956.1511387,64.23863356,112.7721098,88.50537169,343.8262742
775,-555,953.2313465,64.34721337,113.211517,88.77936519,343.6992412
775,-550,950.3288904,64.46037544,113.6617663,89.06107086,343.5885366
775,-545,947.4439297,64.57827988,114.1231699,89.35072487,343.4945862
775,-540,944.5766247,64.70066724,114.5977837,89.64922549,343.41892
775,-535,941.7271367,64.82704151,115.0762532,89.95164735,343.3533564
775,-530,938.8956279,64.95847461,115.5667261,90.26260037,343.3056157
775,-525,936.0822613,65.09529072,116.0699748,90.58263277,343.2766446
775,-520,933.2872012,65.23764602,116.5914091,90.91452758,343.2711172
775,-515,930.5106125,65.38539393,117.1263297,91.25586184,343.2850258
775,-510,927.752661,65.53902059,117.6760779,91.60754923,343.3199272
775,-505,925.0135134,65.69871081,118.2427844,91.97074759,343.3777857
775,-500,922.2933373,65.86402803,118.817922,92.34097503,343.4511605
775,-495,919.592301,66.03564966,119.4067766,92.72121314,343.5450576
775,-490,916.9105736,66.21272617,120.0036488,93.10818746,343.6540502
775,-485,914.2483251,66.395613,120.615092,93.50535252,343.7839331
775,-480,911.6057262,66.58549896,121.2434291,93.91446402,343.9376684
775,-475,908.9829481,66.78229493,121.8884984,94.33539666,344.1150814
775,-470,906.3801631,66.9865637,122.5508537,94.76870868,344.3171374
775,470,906.3801631,66.9865637,122.5508537,94.76870868,344.3171374
775,475,908.9829481,66.78229493,121.8884984,94.33539666,344.1150814
775,480,911.6057262,66.58549896,121.2434291,93.91446402,343.9376684
775,485,914.2483251,66.395613,120.615092,93.50535252,343.7839331
775,490,916.9105736,66.21272617,120.0036488,93.10818746,343.6540502
775,495,919.592301,66.03564966,119.4067766,92.72121314,343.5450576
775,500,922.2933373,65.86402803,118.817922,92.34097503,343.4511605
775,505,925.0135134,65.69871081,118.2427844,91.97074759,343.3777857
775,510,927.752661,65.53902059,117.6760779,91.60754923,343.3199272
775,515,930.5106125,65.38539393,117.1263297,91.25586184,343.2850258
775,520,933.2872012,65.23764602,116.5914091,90.91452758,343.2711172
775,525,936.0822613,65.09529072,116.0699748,90.58263277,343.2766446
775,530,938.8956279,64.95847461,115.5667261,90.26260037,343.3056157
775,535,941.7271367,64.82704151,115.0762532,89.95164735,343.3533564
775,540,944.5766247,64.70066724,114.5977837,89.64922549,343.41892
775,545,947.4439297,64.57827988,114.1231699,89.35072487,343.4945862
775,550,950.3288904,64.46037544,113.6617663,89.06107086,343.5885366
775,555,953.2313465,64.34721337,113.211517,88.77936519,343.6992412
775,560,956.1511387,64.23863356,112.7721098,88.50537169,343.8262742
775,565,959.0881086,64.13429871,112.3432438,88.23877127,343.9690718
775,570,962.0420989,64.0341273,111.925167,87.97964714,344.1277413
775,575,965.0129533,63.93827348,111.5199688,87.72912114,344.3041223
775,580,968.0005165,63.84662332,111.1243666,87.48549498,344.4953516
775,585,971.0046344,63.75906689,110.7381032,87.24858506,344.7010922
775,590,974.0251537,63.67498134,110.3557624,87.01537185,344.9162779
775,595,977.0619223,63.59464784,109.9809393,86.78779356,345.1441105
775,600,980.1147892,63.51811613,109.614888,86.56650205,345.3856469
775,605,983.1836044,63.44529034,109.2573803,86.35133532,345.640587
775,610,986.2682191,63.37584808,108.9059001,86.14087411,345.9065342
775,615,989.3684854,63.3096242,108.5595001,85.93456218,346.1825312
775,620,992.4842568,63.2468484,108.221126,85.73398718,346.4711964
775,625,995.6153876,63.18736353,107.8898345,85.53859901,346.7715834
775,630,998.7617333,63.13086832,107.5655662,85.34821724,347.0833622
775.2433002,-631.6627467,1000,63.10192017,107.432473,85.26719657,347.1959014
775.2433002,-465.8131692,904.424725,67.14803142,123.0778114,95.11292142,344.5000764
775.2433002,465.8131692,904.424725,67.14803142,123.0778114,95.11292142,344.5000764
775.2433002,631.6627467,1000,63.10192017,107.432473,85.26719657,347.1959014
777.6528296,-628.6939451,1000,63.02688516,107.3419122,85.1843987,347.0578234
777.6528296,-467.2609606,907.2357625,66.9406318,122.508472,94.72455193,344.4146193
777.6528296,467.2609606,907.2357625,66.9406318,122.508472,94.72455193,344.4146193
777.6528296,628.6939451,1000,63.02688516,107.3419122,85.1843987,347.0578234
780,-625,999.5123811,62.96384041,107.3054517,85.13464603,346.8773296
780,-620,996.3934966,63.02152466,107.6314551,85.32648989,346.5734812
780,-615,993.2899879,63.0824086,107.9659671,85.52418783,346.2824706
780,-610,990.2019996,63.14670863,108.3084701,85.72758935,346.0040756
780,-605,987.1296774,63.21450889,108.6591728,85.93684085,345.7385696
780,-600,984.073168,63.28569802,109.0162582,86.15097813,345.4843739
780,-595,981.0326192,63.36004708,109.3767373,86.36839219,345.2388349
780,-590,978.0081799,63.43815595,109.745887,86.59202146,345.0068825
780,-585,975,63.52012276,110.1239408,86.8220318,344.7888234
780,-580,972.0082304,63.60604913,110.5111407,87.05859492,344.5849742
780,-575,969.0330232,63.6954528,110.9018611,87.29865694,344.3902723
780,-570,966.0745313,63.78891272,111.3010594,87.54498608,344.2093649
780,-565,963.1329088,63.88664236,111.7100077,87.79832505,344.0435213
780,-560,960.2083107,63.98857674,112.1289794,88.05877805,343.8929464
780,-555,957.3008931,64.09468085,112.5613439,88.32801237,343.7604516
780,-550,954.410813,64.20527845,113.0050389,88.60515867,343.6446188
780,-545,951.5382283,64.32050883,113.4597609,88.89013489,343.5453427
780,-540,948.6832981,64.44059354,113.9258306,89.18321208,343.463107
780,-535,945.846182,64.5653695,114.4046356,89.48500254,343.3989649
780,-530,943.027041,64.69425217,114.8905725,89.79241234,343.3477889
780,-525,940.2260367,64.82819322,115.3862742,90.10723372,343.3126001
780,-520,937.4433316,64.96761412,115.8945654,90.43108976,343.2961379
780,-515,934.6790893,65.11250432,116.4197383,90.76612131,343.302005
780,-510,931.933474,65.26306144,116.9604195,91.11174049,343.329254
780,-505,929.2066509,65.41961443,117.515308,91.46746119,343.3771073
780,-500,926.4987858,65.58225617,118.0872262,91.8347412,343.448029
780,-495,923.8100454,65.75065591,118.6683578,92.20950683,343.5352591
780,-490,921.1405973,65.9254149,119.264759,92.59508696,343.6443825
780,-485,918.4906096,66.10601544,119.870318,92.98816672,343.7699047
780,-480,915.8602513,66.29251702,120.4890941,93.39080556,343.915294
780,-475,913.249692,66.48595874,121.125397,93.80567787,344.0850442
780,-470,910.659102,66.68659615,121.7787927,94.23269444,344.2790407
780,470,910.659102,66.68659615,121.7787927,94.23269444,344.2790407
780,475,913.249692,66.48595874,121.125397,93.80567787,344.0850442
780,480,915.8602513,66.29251702,120.4890941,93.39080556,343.915294
780,485,918.4906096,66.10601544,119.870318,92.98816672,343.7699047
780,490,921.1405973,65.9254149,119.264759,92.59508696,343.6443825
780,495,923.8100454,65.75065591,118.6683578,92.20950683,343.5352591
780,500,926.4987858,65.58225617,118.0872262,91.8347412,343.448029
780,505,929.2066509,65.41961443,117.515308,91.46746119,343.3771073
780,510,931.933474,65.26306144,116.9604195,91.11174049,343.329254
780,515,934.6790893,65.11250432,116.4197383,90.76612131,343.302005
780,520,937.4433316,64.96761412,115.8945654,90.43108976,343.2961379
780,525,940.2260367,64.82819322,115.3862742,90.10723372,343.3126001
780,530,943.027041,64.69425217,114.8905725,89.79241234,343.3477889
780,535,945.846182,64.5653695,114.4046356,89.48500254,343.3989649
780,540,948.6832981,64.44059354,113.9258306,89.18321208,343.463107
780,545,951.5382283,64.32050883,113.4597609,88.89013489,343.5453427
780,550,954.410813,64.20527845,113.0050389,88.60515867,343.6446188
780,555,957.3008931,64.09468085,112.5613439,88.32801237,343.7604516
780,560,960.2083107,63.98857674,112.1289794,88.05877805,343.8929464
780,565,963.1329088,63.88664236,111.7100077,87.79832505,344.0435213
780,570,966.0745313,63.78891272,111.3010594,87.54498608,344.2093649
780,575,969.0330232,63.6954528,110.9018611,87.29865694,344.3902723
780,580,972.0082304,63.60604913,110.5111407,87.05859492,344.5849742
780,585,975,63.52012276,110.1239408,86.8220318,344.7888234
780,590,978.0081799,63.43815595,109.745887,86.59202146,345.0068825
780,595,981.0326192,63.36004708,109.3767373,86.36839219,345.2388349
780,600,984.073168,63.28569802,109.0162582,86.15097813,345.4843739
780,605,987.1296774,63.21450889,108.6591728,85.93684085,345.7385696
780,610,990.2019996,63.14670863,108.3084701,85.72758935,346.0040756
780,615,993.2899879,63.0824086,107.9659671,85.52418783,346.2824706
780,620,996.3934966,63.02152466,107.6314551,85.32648989,346.5734812
780,625,999.5123811,62.96384041,107.3054517,85.13464603,346.8773296
780.062359,-625.7017788,1000,62.95318859,107.2530067,85.10309763,346.9222417
780.062359,-468.7087519,910.0467999,66.7359224,121.9407446,94.33833348,344.3327493
780.062359,468.7087519,910.0467999,66.7359224,121.9407446,94.33833348,344.3327493
780.062359,625.7017788,1000,62.95318859,107.2530067,85.10309763,346.9222417
782.4718884,-622.685911,999.9999999,62.88081131,107.1665008,85.02365606,346.7897608
782.4718884,-470.1565433,912.8578374,66.53405515,121.3779465,93.95600081,344.2573594
782.4718884,470.1565433,912.8578374,66.53405515,121.3779465,93.95600081,344.2573594
782.4718884,622.685911,999.9999999,62.88081131,107.1665008,85.02365606,346.7897608
784.8814179,-619.6459956,1000,62.80952172,107.0832678,84.94639475,346.660916
784.8814179,-471.6043346,915.668875,66.33506161,120.8200332,93.57754741,344.1884389
784.8814179,471.6043346,915.668875,66.33506161,120.8200332,93.57754741,344.1884389
784.8814179,619.6459956,1000,62.80952172,107.0832678,84.94639475,346.660916
785,-615,997.221139,62.85934752,107.3756505,85.117499,346.3904859
785,-610,994.1453616,62.92160613,107.7120528,85.31682946,346.107744
785,-605,991.0852637,62.9873252,108.056521,85.52192311,345.837749
785,-600,988.0409911,63.05659701,108.4093057,85.73295137,345.5808159
785,-595,985.0126903,63.12951278,108.7713782,85.9504455,345.33786
785,-590,982.0005092,63.20575718,109.1381221,86.17193965,345.1047986
785,-585,979.0045965,63.28559794,109.5114758,86.39853685,344.8835011
785,-580,976.0251021,63.36924961,109.8928189,86.63103423,344.6753266
785,-575,973.0621768,63.45692132,110.2834497,86.87018549,344.4815623
785,-570,970.1159724,63.54837523,110.6801671,87.11427116,344.2993711
785,-565,967.1866418,63.6437025,111.08303,87.36336627,344.1289086
785,-560,964.2743386,63.74320686,111.4958009,87.61950389,343.9735961
785,-555,961.3792176,63.84695205,111.9187601,87.8828561,343.8337514
785,-550,958.5014345,63.95502857,112.3526874,88.15385798,343.7101312
785,-545,955.641146,64.06762636,112.7997631,88.43369474,343.6047435
785,-540,952.7985097,64.18504249,113.2590503,88.72204638,343.517086
785,-535,949.9736838,64.30733385,113.7298839,89.01860885,343.4466835
785,-530,947.166828,64.43430015,114.2126058,89.32345297,343.3936859
785,-525,944.3781022,64.56599413,114.7048194,89.63540677,343.3561707
785,-520,941.6076678,64.70269114,115.2075142,89.95510265,343.3352249
785,-515,938.8556865,64.84477571,115.7213838,90.28307976,343.3317799
785,-510,936.1223211,64.99231188,116.2503318,90.62132182,343.3491764
785,-505,933.4077351,65.14577726,116.7968717,90.97132449,343.3899414
785,-500,930.712093,65.30535592,117.3579118,91.33163387,343.4516832
785,-495,928.0355597,65.47095596,117.9332396,91.70209776,343.5341809
785,-490,925.378301,65.6424154,118.5213262,92.0818708,343.6360579
785,-485,922.7404836,65.82056925,119.1249954,92.47278231,343.7603983
785,-480,920.1222745,66.00483255,119.739586,92.87220928,343.9028612
785,-475,917.5238417,66.19508243,120.3661203,93.28060134,344.0642299
785,475,917.5238417,66.19508243,120.3661203,93.28060134,344.0642299
785,480,920.1222745,66.00483255,119.739586,92.87220928,343.9028612
785,485,922.7404836,65.82056925,119.1249954,92.47278231,343.7603983
785,490,925.378301,65.6424154,118.5213262,92.0818708,343.6360579
785,495,928.0355597,65.47095596,117.9332396,91.70209776,343.5341809
785,500,930.712093,65.30535592,117.3579118,91.33163387,343.4516832
785,505,933.4077351,65.14577726,116.7968717,90.97132449,343.3899414
785,510,936.1223211,64.99231188,116.2503318,90.62132182,343.3491764
785,515,938.8556865,64.84477571,115.7213838,90.28307976,343.3317799
785,520,941.6076678,64.70269114,115.2075142,89.95510265,343.3352249
785,525,944.3781022,64.56599413,114.7048194,89.63540677,343.3561707
785,530,947.166828,64.43430015,114.2126058,89.32345297,343.3936859
785,535,949.9736838,64.30733385,113.7298839,89.01860885,343.4466835
785,540,952.7985097,64.18504249,113.2590503,88.72204638,343.517086
785,545,955.641146,64.06762636,112.7997631,88.43369474,343.6047435
785,550,958.5014345,63.95502857,112.3526874,88.15385798,343.7101312
785,555,961.3792176,63.84695205,111.9187601,87.8828561,343.8337514
785,560,964.2743386,63.74320686,111.4958009,87.61950389,343.9735961
785,565,967.1866418,63.6437025,111.08303,87.36336627,344.1289086
785,570,970.1159724,63.54837523,110.6801671,87.11427116,344.2993711
785,575,973.0621768,63.45692132,110.2834497,86.87018549,344.4815623
785,580,976.0251021,63.36924961,109.8928189,86.63103423,344.6753266
785,585,979.0045965,63.28559794,109.5114758,86.39853685,344.8835011
785,590,982.0005092,63.20575718,109.1381221,86.17193965,345.1047986
785,595,985.0126903,63.12951278,108.7713782,85.9504455,345.33786
785,600,988.0409911,63.05659701,108.4093057,85.73295137,345.5808159
785,605,991.0852637,62.9873252,108.056521,85.52192311,345.837749
785,610,994.1453616,62.92160613,107.7120528,85.31682946,346.107744
785,615,997.221139,62.85934752,107.3756505,85.117499,346.3904859
787.2909473,-616.5816769,1000,62.73951084,107.002132,84.87082141,346.534886
787.2909473,-473.0521259,918.4799124,66.13907122,120.2669608,93.20301602,344.1260588
787.2909473,473.0521259,918.4799124,66.13907122,120.2669608,93.20301602,344.1260588
787.2909473,616.5816769,1000,62.73951084,107.002132,84.87082141,346.534886
789.7004767,-613.4925892,1000,62.67137507,106.9231571,84.79726609,346.4122214
789.7004767,-474.4999173,921.2909499,65.94591357,119.7204318,92.8331727,344.0714969
789.7004767,474.4999173,921.2909499,65.94591357,119.7204318,92.8331727,344.0714969
789.7004767,613.4925892,1000,62.67137507,106.9231571,84.79726609,346.4122214
790,-610,998.0981916,62.70100969,107.1201123,84.91056099,346.2207961
790,-605,995.05025,62.76483724,107.460661,85.11274912,345.948387
790,-600,992.018145,62.83202727,107.807889,85.31995813,345.6875182
790,-595,989.0020222,62.90282137,108.1635154,85.53316837,345.4398539
790,-590,986.0020284,62.97731267,108.5277652,85.75253893,345.2056886
790,-585,983.0183111,63.05541845,108.8990796,85.977249,344.983683
790,-580,980.0510191,63.13701032,109.2754169,86.20621362,344.7720576
790,-575,977.1003019,63.22258496,109.6609587,86.44177182,344.574743
790,-570,974.1663102,63.31220776,110.0565365,86.68437215,344.3925173
790,-565,971.2491956,63.40577224,110.4593026,86.93253742,344.2229474
790,-560,968.3491106,63.50289295,110.8659005,87.18439673,344.0629437
790,-555,965.4662086,63.6042957,111.2825686,87.44343217,343.9183439
790,-550,962.6006441,63.70992655,111.7095946,87.7097606,343.7893738
790,-545,959.7525723,63.81994317,112.1478513,87.98389726,343.6769237
790,-540,956.9221494,63.93473822,112.5975305,88.26613434,343.581512
790,-535,954.1095325,64.05443332,113.0596668,88.55705006,343.5041344
790,-530,951.3148795,64.17882556,113.5353653,88.85709542,343.4455746
790,-525,948.5383493,64.30828893,114.0231661,89.16572754,343.4049592
790,-520,945.7801013,64.44270033,114.518987,89.48084366,343.3788132
790,-515,943.0402961,64.58231649,115.0294618,89.80588913,343.3729145
790,-510,940.3190948,64.72711095,115.5500656,90.13858827,343.3835002
790,-505,937.6166594,64.87754246,116.0831111,90.4803268,343.4129136
790,-500,934.9331527,65.03401993,116.6357663,90.8348931,343.467505
790,-495,932.2687381,65.19671116,117.2030784,91.19989477,343.5433174
790,-490,929.6235797,65.36519428,117.7816912,91.57344275,343.6372333
790,-485,926.9978425,65.54003728,118.3769024,91.95846982,343.7541765
790,-480,924.3916919,65.72171296,118.9880192,92.35486607,343.8939968
790,-475,921.805294,65.90976282,119.6118016,92.76078221,344.0536436
790,475,921.805294,65.90976282,119.6118016,92.76078221,344.0536436
790,480,924.3916919,65.72171296,118.9880192,92.35486607,343.8939968
790,485,926.9978425,65.54003728,118.3769024,91.95846982,343.7541765
790,490,929.6235797,65.36519428,117.7816912,91.57344275,343.6372333
790,495,932.2687381,65.19671116,117.2030784,91.19989477,343.5433174
790,500,934.9331527,65.03401993,116.6357663,90.8348931,343.467505
790,505,937.6166594,64.87754246,116.0831111,90.4803268,343.4129136
790,510,940.3190948,64.72711095,115.5500656,90.13858827,343.3835002
790,515,943.0402961,64.58231649,115.0294618,89.80588913,343.3729145
790,520,945.7801013,64.44270033,114.518987,89.48084366,343.3788132
790,525,948.5383493,64.30828893,114.0231661,89.16572754,343.4049592
790,530,951.3148795,64.17882556,113.5353653,88.85709542,343.4455746
790,535,954.1095325,64.05443332,113.0596668,88.55705006,343.5041344
790,540,956.9221494,63.93473822,112.5975305,88.26613434,343.581512
790,545,959.7525723,63.81994317,112.1478513,87.98389726,343.6769237
790,550,962.6006441,63.70992655,111.7095946,87.7097606,343.7893738
790,555,965.4662086,63.6042957,111.2825686,87.44343217,343.9183439
790,560,968.3491106,63.50289295,110.8659005,87.18439673,344.0629437
790,565,971.2491956,63.40577224,110.4593026,86.93253742,344.2229474
790,570,974.1663102,63.31220776,110.0565365,86.68437215,344.3925173
790,575,977.1003019,63.22258496,109.6609587,86.44177182,344.574743
790,580,980.0510191,63.13701032,109.2754169,86.20621362,344.7720576
790,585,983.0183111,63.05541845,108.8990796,85.977249,344.983683
790,590,986.0020284,62.97731267,108.5277652,85.75253893,345.2056886
790,595,989.0020222,62.90282137,108.1635154,85.53316837,345.4398539
790,600,992.018145,62.83202727,107.807889,85.31995813,345.6875182
790,605,995.05025,62.76483724,107.460661,85.11274912,345.948387
790,610,998.0981916,62.70100969,107.1201123,84.91056099,346.2207961
792.1100062,-610.3783566,1000,62.60440395,106.845541,84.72497247,346.291661
792.1100062,-475.9477086,924.1019875,65.75496582,119.1742825,92.46462416,344.0190941
792.1100062,475.9477086,924.1019875,65.75496582,119.1742825,92.46462416,344.0190941
792.1100062,610.3783566,1000,62.60440395,106.845541,84.72497247,346.291661
794.5195356,-607.238592,1000,62.5389913,106.7699718,84.65448156,346.1741067
794.5195356,-477.3955,926.913025,65.565905,118.6284157,92.09716034,343.9685003
794.5195356,477.3955,926.913025,65.565905,118.6284157,92.09716034,343.9685003
794.5195356,607.238592,1000,62.5389913,106.7699718,84.65448156,346.1741067
795,-605,999.0245242,62.54659534,106.8645871,84.70559123,346.0642447
795,-600,996.0045181,62.61212085,107.2092386,84.9106797,345.8022594
795,-595,993.0005035,62.68087245,107.5597249,85.12029868,345.5510277
795,-590,990.0126262,62.75323573,107.9182806,85.33575815,345.3127634
795,-585,987.0410326,62.82935123,108.2855878,85.55746953,345.0881818
795,-580,984.0858702,62.90931772,108.6618852,85.78560148,344.8775937
795,-575,981.1472876,62.9926956,109.0420004,86.01734801,344.6763495
795,-570,978.2254341,63.08006828,109.4309628,86.25551553,344.489159
795,-565,975.3204602,63.17159536,109.8295338,86.50056457,344.3168204
795,-560,972.4325169,63.26727922,110.2379839,86.75263157,344.1595915
795,-555,969.5617567,63.36655224,110.6501619,87.00835708,344.0119003
795,-550,966.7083324,63.4698658,111.0703337,87.27009977,343.8777108
795,-545,963.8723982,63.57738235,111.5015081,87.53944522,343.7596981
795,-540,961.0541088,63.68960089,111.944183,87.81689195,343.6587244
795,-535,958.2536199,63.80667281,112.3983983,88.10253556,343.5749804
795,-530,955.471088,63.92857159,112.8641402,88.39635591,343.5084638
795,-525,952.7066705,64.05532935,113.3423119,88.69882062,343.4599858
795,-520,949.9605255,64.18737452,113.8353023,89.0113384,343.4319273
795,-515,947.2328119,64.32458731,114.337749,89.33116816,343.4197489
795,-510,944.5236895,64.46692228,114.8508515,89.65888691,343.4244448
795,-505,941.8333186,64.61479444,115.3804763,89.99763539,343.4512848
795,-500,939.1618604,64.7682414,115.919804,90.34402268,343.4946461
795,-495,936.5094767,64.92780614,116.4768799,90.70234301,343.5617226
795,-490,933.8763301,65.09355263,117.0509171,91.07223488,343.6519437
795,-485,931.2625838,65.26522577,117.6340394,91.44963257,343.7585619
795,-480,928.6684015,65.44357612,118.2353805,91.83947832,343.889852
795,480,928.6684015,65.44357612,118.2353805,91.83947832,343.889852
795,485,931.2625838,65.26522577,117.6340394,91.44963257,343.7585619
795,490,933.8763301,65.09355263,117.0509171,91.07223488,343.6519437
795,495,936.5094767,64.92780614,116.4768799,90.70234301,343.5617226
795,500,939.1618604,64.7682414,115.919804,90.34402268,343.4946461
795,505,941.8333186,64.61479444,115.3804763,89.99763539,343.4512848
795,510,944.5236895,64.46692228,114.8508515,89.65888691,343.4244448
795,515,947.2328119,64.32458731,114.337749,89.33116816,343.4197489
795,520,949.9605255,64.18737452,113.8353023,89.0113384,343.4319273
795,525,952.7066705,64.05532935,113.3423119,88.69882062,343.4599858
795,530,955.471088,63.92857159,112.8641402,88.39635591,343.5084638
795,535,958.2536199,63.80667281,112.3983983,88.10253556,343.5749804
795,540,961.0541088,63.68960089,111.944183,87.81689195,343.6587244
795,545,963.8723982,63.57738235,111.5015081,87.53944522,343.7596981
795,550,966.7083324,63.4698658,111.0703337,87.27009977,343.8777108
795,555,969.5617567,63.36655224,110.6501619,87.00835708,344.0119003
795,560,972.4325169,63.26727922,110.2379839,86.75263157,344.1595915
795,565,975.3204602,63.17159536,109.8295338,86.50056457,344.3168204
795,570,978.2254341,63.08006828,109.4309628,86.25551553,344.489159
795,575,981.1472876,62.9926956,109.0420004,86.01734801,344.6763495
795,580,984.0858702,62.90931772,108.6618852,85.78560148,344.8775937
795,585,987.0410326,62.82935123,108.2855878,85.55746953,345.0881818
795,590,990.0126262,62.75323573,107.9182806,85.33575815,345.3127634
795,595,993.0005035,62.68087245,107.5597249,85.12029868,345.5510277
795,600,996.0045181,62.61212085,107.2092386,84.9106797,345.8022594
795,605,999.0245242,62.54659534,106.8645871,84.70559123,346.0642447
796.929065,-604.0728974,1000,62.4752022,106.6968013,84.58600173,346.0599063
796.929065,-478.8432913,929.7240624,65.37977253,118.087289,91.73353077,343.9243007
796.929065,478.8432913,929.7240624,65.37977253,118.087289,91.73353077,343.9243007
796.929065,604.0728974,1000,62.4752022,106.6968013,84.58600173,346.0599063
799.3385944,-600.8808629,999.9999999,62.41291289,106.6261064,84.51950965,345.9490207
799.3385944,-480.2910827,932.5350999,65.1967916,117.5526596,91.37472562,343.8881466
799.3385944,480.2910827,932.5350999,65.1967916,117.5526596,91.37472562,343.8881466
799.3385944,600.8808629,999.9999999,62.41291289,106.6261064,84.51950965,345.9490207
800,-600,1000,62.39613151,106.6071446,84.50163806,345.9192172
800,-595,997.008024,62.46351458,106.9565869,84.71005073,345.6683815
800,-590,994.0321926,62.53405795,107.3120371,84.92304755,345.4284195
800,-585,991.0726512,62.6080567,107.6735729,85.14081481,345.199671
800,-580,988.1295462,62.68586464,108.0439917,85.36492819,344.9847928
800,-575,985.2030248,62.76758295,108.4235379,85.5955604,344.7841025
800,-570,982.2932352,62.85299718,108.8092713,85.83113426,344.5949995
800,-565,979.4003267,62.94224246,109.2017181,86.07198028,344.4180648
800,-560,976.5244493,63.0356239,109.6039271,86.31977549,344.2561252
800,-555,973.6657537,63.13315764,110.0161757,86.57466666,344.1094555
800,-550,970.8243919,63.23476885,110.4351139,86.83494136,343.9752305
800,-545,968.0005165,63.34006955,110.8607912,87.10043037,343.8531983
800,-540,965.194281,63.44988988,111.2962544,87.37307217,343.7466225
800,-535,962.4058396,63.56439572,111.7417113,87.65305352,343.6558453
800,-530,959.6353474,63.68366007,112.200558,87.94210903,343.5837905
800,-525,956.8829605,63.80797054,112.6711372,88.23955389,343.5293473
800,-520,954.1488354,63.93726206,113.1538036,88.54553283,343.4927882
800,-515,951.4331295,64.07198686,113.6490563,88.86052156,343.4749383
800,-510,948.7360012,64.21209772,114.1582198,89.18515875,343.476894
800,-505,946.0576092,64.35713576,114.6746866,89.51591119,343.4927952
800,-500,943.3981132,64.50800315,115.2097261,89.85886464,343.5328225
800,-495,940.7576734,64.66485538,115.7586086,90.21173197,343.593194
800,-490,938.1364506,64.82747503,116.3202769,90.57387598,343.6728792
800,-485,935.5346065,64.99649368,116.9002528,90.94837324,343.777041
800,485,935.5346065,64.99649368,116.9002528,90.94837324,343.777041
800,490,938.1364506,64.82747503,116.3202769,90.57387598,343.6728792
800,495,940.7576734,64.66485538,115.7586086,90.21173197,343.593194
800,500,943.3981132,64.50800315,115.2097261,89.85886464,343.5328225
800,505,946.0576092,64.35713576,114.6746866,89.51591119,343.4927952
800,510,948.7360012,64.21209772,114.1582198,89.18515875,343.476894
800,515,951.4331295,64.07198686,113.6490563,88.86052156,343.4749383
800,520,954.1488354,63.93726206,113.1538036,88.54553283,343.4927882
800,525,956.8829605,63.80797054,112.6711372,88.23955389,343.5293473
800,530,959.6353474,63.68366007,112.200558,87.94210903,343.5837905
800,535,962.4058396,63.56439572,111.7417113,87.65305352,343.6558453
800,540,965.194281,63.44988988,111.2962544,87.37307217,343.7466225
800,545,968.0005165,63.34006955,110.8607912,87.10043037,343.8531983
800,550,970.8243919,63.23476885,110.4351139,86.83494136,343.9752305
800,555,973.6657537,63.13315764,110.0161757,86.57466666,344.1094555
800,560,976.5244493,63.0356239,109.6039271,86.31977549,344.2561252
800,565,979.4003267,62.94224246,109.2017181,86.07198028,344.4180648
800,570,982.2932352,62.85299718,108.8092713,85.83113426,344.5949995
800,575,985.2030248,62.76758295,108.4235379,85.5955604,344.7841025
800,580,988.1295462,62.68586464,108.0439917,85.36492819,344.9847928
800,585,991.0726512,62.6080567,107.6735729,85.14081481,345.199671
800,590,994.0321926,62.53405795,107.3120371,84.92304755,345.4284195
800,595,997.008024,62.46351458,106.9565869,84.71005073,345.6683815
800,600,1000,62.39613151,106.6071446,84.50163806,345.9192172
801.7481239,-597.6620666,1000,62.3523234,106.5579679,84.45514563,345.841684
801.7481239,-481.738874,935.3461375,65.01653124,117.0252405,91.02088589,343.860273
801.7481239,481.738874,935.3461375,65.01653124,117.0252405,91.02088589,343.860273
801.7481239,597.6620666,1000,62.3523234,106.5579679,84.45514563,345.841684
804.1576533,-594.4160737,1000,62.29316071,106.4924702,84.39281543,345.737739
804.1576533,-483.1866654,938.157175,64.83875571,116.5015635,90.67015958,343.8375915
804.1576533,483.1866654,938.157175,64.83875571,116.5015635,90.67015958,343.8375915
804.1576533,594.4160737,1000,62.29316071,106.4924702,84.39281543,345.737739
805,-590,998.0606194,62.31847139,106.70114,84.50980567,345.5449618
805,-585,995.1130589,62.39106637,107.0637287,84.72739756,345.3183169
805,-580,992.181939,62.46686027,107.4294024,84.94813133,345.1001998
805,-575,989.2674057,62.5464117,107.8029883,85.17470001,344.8951305
805,-570,986.3696062,62.62993491,108.1858423,85.40788859,344.7044477
805,-565,983.4886883,62.71743947,108.5772442,85.64734182,344.5275885
805,-560,980.6248008,62.80856022,108.9732409,85.89090058,344.360982
805,-555,977.7780934,62.90375534,109.3791577,86.14145651,344.2094803
805,-550,974.9487166,63.00333083,109.7952788,86.39930483,344.0736058
805,-545,972.1368216,63.10700297,110.2205388,86.66377087,343.9522638
805,-540,969.3425607,63.21443481,110.6503632,86.93239898,343.8413895
805,-535,966.5660867,63.32664602,111.0911142,87.20888011,343.7471687
805,-530,963.8075534,63.44355492,111.543116,87.49333545,343.6698341
805,-525,961.0671152,63.56535704,112.0050281,87.78519257,343.6084622
805,-520,958.3449275,63.69211981,112.4795634,88.0858416,343.5654023
805,-515,955.641146,63.82408393,112.9673934,88.39573868,343.5414461
805,-510,952.9559276,63.96158099,113.4679118,88.71474639,343.5363958
805,-505,950.2894296,64.10460623,113.9805904,89.04259834,343.5498387
805,-500,947.64181,64.25253499,114.502739,89.37763697,343.5790422
805,-495,945.0132274,64.40646297,115.0410154,89.72373917,343.6305033
805,-490,942.4038412,64.5664583,115.5972278,90.08184306,343.7058183
805,-485,939.8138113,64.7326685,116.1663119,90.44949022,343.8009193
805,485,939.8138113,64.7326685,116.1663119,90.44949022,343.8009193
805,490,942.4038412,64.5664583,115.5972278,90.08184306,343.7058183
805,495,945.0132274,64.40646297,115.0410154,89.72373917,343.6305033
805,500,947.64181,64.25253499,114.502739,89.37763697,343.5790422
805,505,950.2894296,64.10460623,113.9805904,89.04259834,343.5498387
805,510,952.9559276,63.96158099,113.4679118,88.71474639,343.5363958
805,515,955.641146,63.82408393,112.9673934,88.39573868,343.5414461
805,520,958.3449275,63.69211981,112.4795634,88.0858416,343.5654023
805,525,961.0671152,63.56535704,112.0050281,87.78519257,343.6084622
805,530,963.8075534,63.44355492,111.543116,87.49333545,343.6698341
805,535,966.5660867,63.32664602,111.0911142,87.20888011,343.7471687
805,540,969.3425607,63.21443481,110.6503632,86.93239898,343.8413895
805,545,972.1368216,63.10700297,110.2205388,86.66377087,343.9522638
805,550,974.9487166,63.00333083,109.7952788,86.39930483,344.0736058
805,555,977.7780934,62.90375534,109.3791577,86.14145651,344.2094803
805,560,980.6248008,62.80856022,108.9732409,85.89090058,344.360982
805,565,983.4886883,62.71743947,108.5772442,85.64734182,344.5275885
805,570,986.3696062,62.62993491,108.1858423,85.40788859,344.7044477
805,575,989.2674057,62.5464117,107.8029883,85.17470001,344.8951305
805,580,992.181939,62.46686027,107.4294024,84.94813133,345.1001998
805,585,995.1130589,62.39106637,107.0637287,84.72739756,345.3183169
805,590,998.0606194,62.31847139,106.70114,84.50980567,345.5449618
806.5671827,-591.1424361,1000,62.23580495,106.4297018,84.33275338,345.6375765
806.5671827,-484.6344567,940.9682124,64.66343714,115.9810096,90.32222337,343.8195629
806.5671827,484.6344567,940.9682124,64.66343714,115.9810096,90.32222337,343.8195629
806.5671827,591.1424361,1000,62.23580495,106.4297018,84.33275338,345.6375765
808.9767121,-587.840692,999.9999999,62.1800407,106.3697556,84.27489816,345.5410942
808.9767121,-486.082248,943.7792499,64.49015733,115.4630912,89.97662427,343.8054318
808.9767121,486.082248,943.7792499,64.49015733,115.4630912,89.97662427,343.8054318
808.9767121,587.840692,999.9999999,62.1800407,106.3697556,84.27489816,345.5410942
810,-585,999.162149,62.17738617,106.4472283,84.31230726,345.4359093
810,-580,996.2429423,62.25173106,106.8123304,84.53203074,345.21849
810,-575,993.3403244,62.32973827,107.1857792,84.75775874,345.0144019
810,-570,990.4544412,62.41109509,107.5625894,84.98684223,344.8192565
810,-565,987.5854393,62.49648729,107.9488119,85.22264959,344.6387004
810,-560,984.7334665,62.5860018,108.3447126,85.46535721,344.4730574
810,-555,981.8986709,62.67902006,108.7455482,85.71228412,344.3178861
810,-550,979.0812019,62.77623316,109.1552445,85.96573881,344.1770662
810,-545,976.2812095,62.87784794,109.5753145,86.22658123,344.0520618
810,-540,973.4988444,62.98359165,110.0060613,86.49482649,343.9429282
810,-535,970.7342582,63.09341404,110.4410139,86.76721395,343.8442581
810,-530,967.9876032,63.20778319,110.8861865,87.04698486,343.7614872
810,-525,965.2590326,63.32716864,111.3428088,87.33498874,343.696063
810,-520,962.5487001,63.45172157,111.8114776,87.63159957,343.6486397
810,-515,959.8567601,63.58122145,112.292557,87.9368892,343.6193682
810,-510,957.183368,63.71594726,112.7841338,88.25004055,343.6069169
810,-505,954.5286795,63.85631471,113.2886007,88.57245773,343.6136584
810,-500,951.8928511,64.00223487,113.807971,88.90510296,343.6412288
810,-495,949.2760399,64.15322346,114.3329882,89.24310582,343.6815373
810,-490,946.6784037,64.31019319,114.8757754,89.5929843,343.7454851
810,490,946.6784037,64.31019319,114.8757754,89.5929843,343.7454851
810,495,949.2760399,64.15322346,114.3329882,89.24310582,343.6815373
810,500,951.8928511,64.00223487,113.807971,88.90510296,343.6412288
810,505,954.5286795,63.85631471,113.2886007,88.57245773,343.6136584
810,510,957.183368,63.71594726,112.7841338,88.25004055,343.6069169
810,515,959.8567601,63.58122145,112.292557,87.9368892,343.6193682
810,520,962.5487001,63.45172157,111.8114776,87.63159957,343.6486397
810,525,965.2590326,63.32716864,111.3428088,87.33498874,343.696063
810,530,967.9876032,63.20778319,110.8861865,87.04698486,343.7614872
810,535,970.7342582,63.09341404,110.4410139,86.76721395,343.8442581
810,540,973.4988444,62.98359165,110.0060613,86.49482649,343.9429282
810,545,976.2812095,62.87784794,109.5753145,86.22658123,344.0520618
810,550,979.0812019,62.77623316,109.1552445,85.96573881,344.1770662
810,555,981.8986709,62.67902006,108.7455482,85.71228412,344.3178861
810,560,984.7334665,62.5860018,108.3447126,85.46535721,344.4730574
810,565,987.5854393,62.49648729,107.9488119,85.22264959,344.6387004
810,570,990.4544412,62.41109509,107.5625894,84.98684223,344.8192565
810,575,993.3403244,62.32973827,107.1857792,84.75775874,345.0144019
810,580,996.2429423,62.25173106,106.8123304,84.53203074,345.21849
810,585,999.162149,62.17738617,106.4472283,84.31230726,345.4359093
811.3862416,-584.5103652,1000,62.12586684,106.3127289,84.21929787,345.4483724
811.3862416,-487.5300394,946.5902875,64.31949018,114.9509088,89.63519951,343.7982621
811.3862416,487.5300394,946.5902875,64.31949018,114.9509088,89.63519951,343.7982621
811.3862416,584.5103652,1000,62.12586684,106.3127289,84.21929787,345.4483724
813.795771,-581.1509641,1000,62.07385926,106.2587239,84.16629158,345.3599764
813.795771,-488.9778307,949.4013249,64.15173166,114.4481951,89.2999634,343.8014128
813.795771,488.9778307,949.4013249,64.15173166,114.4481951,89.2999634,343.8014128
813.795771,581.1509641,1000,62.07385926,106.2587239,84.16629158,345.3599764
815,-575,997.4216761,62.1166272,106.5612458,84.33893652,345.132223
815,-570,994.5476359,62.19663317,106.9397442,84.56818869,344.9397275
815,-565,991.6904759,62.28019669,107.3231631,84.80167991,344.7576774
815,-560,988.8503426,62.36752627,107.7127594,85.04014282,344.5873235
815,-555,986.027383,62.45880055,108.1121566,85.28547855,344.4318659
815,-550,983.2217451,62.55404373,108.518744,85.53639387,344.2891775
815,-545,980.4335776,62.6533672,108.932207,85.79278712,344.1591183
815,-540,977.6630299,62.75686404,109.3563046,86.05658434,344.0449304
815,-535,974.9102523,62.86490861,109.7912611,86.32808484,343.9471429
815,-530,972.1753957,62.97710776,110.2327698,86.60493879,343.8618673
815,-525,969.4586118,63.09393961,110.6824568,86.88819819,343.7908882
815,-520,966.760053,63.21588382,111.1437981,87.17984093,343.7375347
815,-515,964.0798722,63.34302116,111.6175085,87.48026482,343.7025007
815,-510,961.4182233,63.47527919,112.1042938,87.78978649,343.6863449
815,-505,958.7752604,63.61312632,112.6038865,88.10850643,343.6892659
815,-500,956.1511387,63.75642054,113.1145781,88.4354993,343.7097514
815,-495,953.5460136,63.90530362,113.6381812,88.77174243,343.7494625
815,-490,950.9600412,64.05943035,114.1686104,89.11402035,343.803068
815,490,950.9600412,64.05943035,114.1686104,89.11402035,343.803068
815,495,953.5460136,63.90530362,113.6381812,88.77174243,343.7494625
815,500,956.1511387,63.75642054,113.1145781,88.4354993,343.7097514
815,505,958.7752604,63.61312632,112.6038865,88.10850643,343.6892659
815,510,961.4182233,63.47527919,112.1042938,87.78978649,343.6863449
815,515,964.0798722,63.34302116,111.6175085,87.48026482,343.7025007
815,520,966.760053,63.21588382,111.1437981,87.17984093,343.7375347
815,525,969.4586118,63.09393961,110.6824568,86.88819819,343.7908882
815,530,972.1753957,62.97710776,110.2327698,86.60493879,343.8618673
815,535,974.9102523,62.86490861,109.7912611,86.32808484,343.9471429
815,540,977.6630299,62.75686404,109.3563046,86.05658434,344.0449304
815,545,980.4335776,62.6533672,108.932207,85.79278712,344.1591183
815,550,983.2217451,62.55404373,108.518744,85.53639387,344.2891775
815,555,986.027383,62.45880055,108.1121566,85.28547855,344.4318659
815,560,988.8503426,62.36752627,107.7127594,85.04014282,344.5873235
815,565,991.6904759,62.28019669,107.3231631,84.80167991,344.7576774
815,570,994.5476359,62.19663317,106.9397442,84.56818869,344.9397275
815,575,997.4216761,62.1166272,106.5612458,84.33893652,345.132223
816.2053004,-577.7619817,999.9999999,62.02374527,106.2078479,84.11579659,345.2757684
816.2053004,-490.4256221,952.2123625,63.98655384,113.9554812,88.97101753,343.8150535
816.2053004,490.4256221,952.2123625,63.98655384,113.9554812,88.97101753,343.8150535
816.2053004,577.7619817,999.9999999,62.02374527,106.2078479,84.11579659,345.2757684
818.6148299,-574.3428944,1000,61.97552798,106.1617186,84.06862331,345.1970998
818.6148299,-491.8734134,955.0234,63.82371399,113.4656828,88.64469839,343.8330747
818.6148299,491.8734134,955.0234,63.82371399,113.4656828,88.64469839,343.8330747
818.6148299,574.3428944,1000,61.97552798,106.1617186,84.06862331,345.1970998
820,-570,998.6490875,61.98609258,106.3142315,84.15016202,345.0628954
820,-565,995.8036955,62.06796527,106.696,84.38198265,344.8804128
820,-560,992.975327,62.15391665,107.0873921,84.62065436,344.7127602
820,-555,990.1641278,62.24305978,107.4810463,84.86205304,344.553089
820,-550,987.3702446,62.33630612,107.8841047,85.11020542,344.4081439
820,-545,984.5938249,62.4338853,108.2966312,85.36525827,344.278199
820,-540,981.8350167,62.53524038,108.7139606,85.62460048,344.1589296
820,-535,979.0939689,62.64087632,109.1419813,85.8914288,344.0556965
820,-530,976.3708312,62.75109316,109.5810116,86.16605239,343.9690451
820,-525,973.6657537,62.86595649,110.0288864,86.44742145,343.897255
820,-520,970.9788875,62.98534224,110.4828848,86.73411353,343.837984
820,-515,968.3103841,63.10993636,110.9487082,87.0293223,343.7965884
820,-510,965.6603958,63.23970225,111.4267212,87.33321172,343.7733722
820,-505,963.0290754,63.37481375,111.9173029,87.64605831,343.7688269
820,-500,960.4165763,63.51562792,112.4221825,87.96890519,343.7847229
820,-495,957.8230526,63.66198051,112.9407749,88.30137771,343.8204662
820,495,957.8230526,63.66198051,112.9407749,88.30137771,343.8204662
820,500,960.4165763,63.51562792,112.4221825,87.96890519,343.7847229
820,505,963.0290754,63.37481375,111.9173029,87.64605831,343.7688269
820,510,965.6603958,63.23970225,111.4267212,87.33321172,343.7733722
820,515,968.3103841,63.10993636,110.9487082,87.0293223,343.7965884
820,520,970.9788875,62.98534224,110.4828848,86.73411353,343.837984
820,525,973.6657537,62.86595649,110.0288864,86.44742145,343.897255
820,530,976.3708312,62.75109316,109.5810116,86.16605239,343.9690451
820,535,979.0939689,62.64087632,109.1419813,85.8914288,344.0556965
820,540,981.8350167,62.53524038,108.7139606,85.62460048,344.1589296
820,545,984.5938249,62.4338853,108.2966312,85.36525827,344.278199
820,550,987.3702446,62.33630612,107.8841047,85.11020542,344.4081439
820,555,990.1641278,62.24305978,107.4810463,84.86205304,344.553089
820,560,992.975327,62.15391665,107.0873921,84.62065436,344.7127602
820,565,995.8036955,62.06796527,106.696,84.38198265,344.8804128
820,570,998.6490875,61.98609258,106.3142315,84.15016202,345.0628954
821.0243593,-570.8931612,1000,61.92950136,106.1195265,84.02451394,345.1235408
821.0243593,-493.3212048,957.8344375,63.66288488,112.9740207,88.31845277,343.8512185
821.0243593,493.3212048,957.8344375,63.66288488,112.9740207,88.31845277,343.8512185
821.0243593,570.8931612,1000,61.92950136,106.1195265,84.02451394,345.1235408
823.4338887,-567.4122231,1000,61.88572761,106.0808521,83.98328988,345.0547935
823.4338887,-494.7689961,960.645475,63.50466489,112.4853699,87.99501741,343.8740487
823.4338887,494.7689961,960.645475,63.50466489,112.4853699,87.99501741,343.8740487
823.4338887,567.4122231,1000,61.88572761,106.0808521,83.98328988,345.0547935
825,-565,999.9249972,61.86067675,106.0677558,83.96421625,345.0079847
825,-560,997.1083191,61.94447348,106.4528542,84.19866385,344.8356258
825,-555,994.3088052,62.03220737,106.8477287,84.43996803,344.6781341
825,-550,991.5266008,62.12378008,107.2500456,84.68691283,344.5335109
825,-545,988.761852,62.21915159,107.6568359,84.93799376,344.3992765
825,-540,986.0147058,62.31893558,108.0740457,85.19649064,344.2809297
825,-535,983.2853096,62.42242732,108.4967057,85.45956651,344.1737692
825,-530,980.5738116,62.53022784,108.9289251,85.72957646,344.0817518
825,-525,977.8803608,62.6428547,109.3723464,86.00760055,344.0067088
825,-520,975.2051066,62.7604671,109.8269245,86.29369579,343.9487649
825,-515,972.5481993,62.88247984,110.2856371,86.58405847,343.9016069
825,-510,969.9097896,63.00980302,110.7563915,86.88309728,343.8726173
825,-505,967.2900289,63.14227637,111.2395627,87.19091952,343.8620051
825,-500,964.6890691,63.28032804,111.7355407,87.50793437,343.8704832
825,500,964.6890691,63.28032804,111.7355407,87.50793437,343.8704832
825,505,967.2900289,63.14227637,111.2395627,87.19091952,343.8620051
825,510,969.9097896,63.00980302,110.7563915,86.88309728,343.8726173
825,515,972.5481993,62.88247984,110.2856371,86.58405847,343.9016069
825,520,975.2051066,62.7604671,109.8269245,86.29369579,343.9487649
825,525,977.8803608,62.6428547,109.3723464,86.00760055,344.0067088
825,530,980.5738116,62.53022784,108.9289251,85.72957646,344.0817518
825,535,983.2853096,62.42242732,108.4967057,85.45956651,344.1737692
825,540,986.0147058,62.31893558,108.0740457,85.19649064,344.2809297
825,545,988.761852,62.21915159,107.6568359,84.93799376,344.3992765
825,550,991.5266008,62.12378008,107.2500456,84.68691283,344.5335109
825,555,994.3088052,62.03220737,106.8477287,84.43996803,344.6781341
825,560,997.1083191,61.94447348,106.4528542,84.19866385,344.8356258
825,565,999.9249972,61.86067675,106.0677558,83.96421625,345.0079847
825.8434181,-563.8995023,1000,61.84423651,106.0458279,83.9450322,344.990993
825.8434181,-496.2167874,963.4565124,63.34918348,112.0033599,87.67627169,343.9046997
825.8434181,496.2167874,963.4565124,63.34918348,112.0033599,87.67627169,343.9046997
825.8434181,563.8995023,1000,61.84423651,106.0458279,83.9450322,344.990993
828.2529476,-560.3544011,1000,61.80496806,106.0145932,83.90978064,344.9322057
828.2529476,-497.6645788,966.26755,63.19604848,111.5255084,87.36077842,343.9407746
828.2529476,497.6645788,966.26755,63.19604848,111.5255084,87.36077842,343.9407746
828.2529476,560.3544011,1000,61.80496806,106.0145932,83.90978064,344.9322057
830,-555,998.4613162,61.82591009,106.2103189,84.01811449,344.805132
830,-550,995.690715,61.91554567,106.6087412,84.26214345,344.6579668
830,-545,992.937561,62.00952205,107.0173851,84.51345359,344.5264335
830,-540,990.2019996,62.10732092,107.4303678,84.76884437,344.4052239
830,-535,987.4841771,62.20918077,107.8515577,85.03036924,344.2977915
830,-530,984.7842403,62.31496725,108.2803945,85.29768089,344.2035866
830,-525,982.1023368,62.42516962,108.716899,85.57103429,344.1230639
830,-520,979.4386147,62.54034063,109.1648033,85.85257198,344.059826
830,-515,976.7932227,62.66063166,109.6244568,86.14254425,344.0143201
830,-510,974.1663102,62.78554558,110.089688,86.4376168,343.9810155
830,-505,971.5580271,62.91564203,110.5654822,86.7405621,343.9645659
830,-500,968.9685237,63.05099769,111.0539272,87.05246244,343.966806
830,500,968.9685237,63.05099769,111.0539272,87.05246244,343.966806
830,505,971.5580271,62.91564203,110.5654822,86.7405621,343.9645659
830,510,974.1663102,62.78554558,110.089688,86.4376168,343.9810155
830,515,976.7932227,62.66063166,109.6244568,86.14254425,344.0143201
830,520,979.4386147,62.54034063,109.1648033,85.85257198,344.059826
830,525,982.1023368,62.42516962,108.716899,85.57103429,344.1230639
830,530,984.7842403,62.31496725,108.2803945,85.29768089,344.2035866
830,535,987.4841771,62.20918077,107.8515577,85.03036924,344.2977915
830,540,990.2019996,62.10732092,107.4303678,84.76884437,344.4052239
830,545,992.937561,62.00952205,107.0173851,84.51345359,344.5264335
830,550,995.690715,61.91554567,106.6087412,84.26214345,344.6579668
830,555,998.4613162,61.82591009,106.2103189,84.01811449,344.805132
830.662477,-556.776301,1000,61.76828332,105.9872951,83.87778922,344.8788552
830.662477,-499.1123701,969.0785875,63.04566208,111.0517795,87.04872078,343.982579
830.662477,499.1123701,969.0785875,63.04566208,111.0517795,87.04872078,343.982579
830.662477,556.776301,1000,61.76828332,105.9872951,83.87778922,344.8788552
833.0720064,-553.1645615,1000,61.73368324,105.9640887,83.84888596,344.8306547
833.0720064,-500.5601615,971.889625,62.89774704,110.5821376,86.73994234,344.0298519
833.0720064,500.5601615,971.889625,62.89774704,110.5821376,86.73994234,344.0298519
833.0720064,553.1645615,1000,61.73368324,105.9640887,83.84888596,344.8306547
835,-550,999.8624905,61.71231185,105.9685503,83.84043106,344.789053
835,-545,997.1208553,61.80410584,106.370444,84.08727494,344.6523753
835,-540,994.3968021,61.90031696,106.7828715,84.34159421,344.5316804
835,-535,991.6904759,62.00071475,107.2042028,84.60245879,344.4254461
835,-530,989.0020222,62.10467062,107.6299686,84.86731959,344.3294507
835,-525,986.3315872,62.21305891,108.0650498,85.13905434,344.2485223
835,-520,983.6793177,62.32581913,108.5059284,85.41587377,344.1797065
835,-515,981.0453608,62.44364571,108.9584108,85.70102824,344.1284532
835,-510,978.4298646,62.56669784,109.4228559,85.99477685,344.0952241
835,-505,975.8329775,62.69467389,109.8950719,86.29487289,344.076302
835,505,975.8329775,62.69467389,109.8950719,86.29487289,344.076302
835,510,978.4298646,62.56669784,109.4228559,85.99477685,344.0952241
835,515,981.0453608,62.44364571,108.9584108,85.70102824,344.1284532
835,520,983.6793177,62.32581913,108.5059284,85.41587377,344.1797065
835,525,986.3315872,62.21305891,108.0650498,85.13905434,344.2485223
835,530,989.0020222,62.10467062,107.6299686,84.86731959,344.3294507
835,535,991.6904759,62.00071475,107.2042028,84.60245879,344.4254461
835,540,994.3968021,61.90031696,106.7828715,84.34159421,344.5316804
835,545,997.1208553,61.80410584,106.370444,84.08727494,344.6523753
835,550,999.8624905,61.71231185,105.9685503,83.84043106,344.789053
835.4815359,-549.5185195,1000,61.70164683,105.9455873,83.82361705,344.788515
835.4815359,-502.0079528,974.7006625,62.75255122,110.1165478,86.43454949,344.0827708
835.4815359,502.0079528,974.7006625,62.75255122,110.1165478,86.43454949,344.0827708
835.4815359,549.5185195,1000,61.70164683,105.9455873,83.82361705,344.788515
837.8910653,-545.8374875,1000,61.67230078,105.9319093,83.80210503,344.7526404
837.8910653,-503.4557442,977.5117,62.60951441,109.6549751,86.13224475,344.1408396
837.8910653,503.4557442,977.5117,62.60951441,109.6549751,86.13224475,344.1408396
837.8910653,545.8374875,1000,61.67230078,105.9319093,83.80210503,344.7526404
840,-540,998.5990186,61.69806408,106.1334367,83.91575038,344.6619649
840,-535,995.9041119,61.79647361,106.5491369,84.17280526,344.5516613
840,-530,993.2270637,61.89917696,106.976164,84.43767048,344.4579543
840,-525,990.5680189,62.00575276,107.4092996,84.70752616,344.3761704
840,-520,987.9271228,62.11684076,107.8499862,84.98341346,344.3080748
840,-515,985.3045215,62.23233126,108.2960398,85.26418555,344.2517843
840,-510,982.7003612,62.3529181,108.7531982,85.55305817,344.2126909
840,-505,980.1147892,62.47882978,109.2225394,85.85068458,344.1919134
840,505,980.1147892,62.47882978,109.2225394,85.85068458,344.1919134
840,510,982.7003612,62.3529181,108.7531982,85.55305817,344.2126909
840,515,985.3045215,62.23233126,108.2960398,85.26418555,344.2517843
840,520,987.9271228,62.11684076,107.8499862,84.98341346,344.3080748
840,525,990.5680189,62.00575276,107.4092996,84.70752616,344.3761704
840,530,993.2270637,61.89917696,106.976164,84.43767048,344.4579543
840,535,995.9041119,61.79647361,106.5491369,84.17280526,344.5516613
840,540,998.5990186,61.69806408,106.1334367,83.91575038,344.6619649
840.3005947,-542.1207527,1000,61.6457015,105.9228137,83.78425761,344.7228771
840.3005947,-504.9035355,980.3227375,62.46848273,109.1911211,85.8298019,344.198678
840.3005947,504.9035355,980.3227375,62.46848273,109.1911211,85.8298019,344.198678
840.3005947,542.1207527,1000,61.6457015,105.9228137,83.78425761,344.7228771
842.7101241,-538.3675758,1000,61.62202602,105.9184927,83.77025935,344.6995329
842.7101241,-506.3513268,983.1337749,62.32983985,108.7301288,85.5299843,344.2608945
842.7101241,506.3513268,983.1337749,62.32983985,108.7301288,85.5299843,344.2608945
842.7101241,538.3675758,1000,61.62202602,105.9184927,83.77025935,344.6995329
845,-530,997.4592724,61.69813516,106.3171051,84.00762014,344.5872223
845,-525,994.8115399,61.80302581,106.7474828,84.27525431,344.5039961
845,-520,992.181939,61.91247935,107.1879398,84.5502096,344.4366053
845,-515,989.570614,62.02639104,107.6346869,84.83053897,344.3818318
845,-510,986.97771,62.14483213,108.0872607,85.1160464,344.3393777
845,510,986.97771,62.14483213,108.0872607,85.1160464,344.3393777
845,515,989.570614,62.02639104,107.6346869,84.83053897,344.3818318
845,520,992.181939,61.91247935,107.1879398,84.5502096,344.4366053
845,525,994.8115399,61.80302581,106.7474828,84.27525431,344.5039961
845,530,997.4592724,61.69813516,106.3171051,84.00762014,344.5872223
845.1196536,-534.5771892,1000,61.60114917,105.9191495,83.76014934,344.682673
845.1196536,-507.7991182,985.9448125,62.19356418,108.2731215,85.23334284,344.3284077
845.1196536,507.7991182,985.9448125,62.19356418,108.2731215,85.23334284,344.3284077
845.1196536,534.5771892,1000,61.60114917,105.9191495,83.76014934,344.682673
847.529183,-530.7487956,1000,61.58295222,105.9249997,83.75397596,344.6723779
847.529183,-509.2469095,988.75585,62.05947897,107.8200654,84.93977217,344.4010418
847.529183,509.2469095,988.75585,62.05947897,107.8200654,84.93977217,344.4010418
847.529183,530.7487956,1000,61.58295222,105.9249997,83.75397596,344.6723779
849.9387124,-526.8815665,1000,61.56765594,105.9362718,83.75196387,344.6690225
849.9387124,-510.6947009,991.5668875,61.92707026,107.3654525,84.6462614,344.4737759
849.9387124,510.6947009,991.5668875,61.92707026,107.3654525,84.6462614,344.4737759
849.9387124,526.8815665,1000,61.56765594,105.9362718,83.75196387,344.6690225
850,-525,999.0620601,61.6044442,106.0881291,83.84628664,344.6387319
850,-520,996.4436763,61.71183296,106.5206643,84.11624862,344.5652574
850,-515,993.8435491,61.82411451,106.9660261,84.3950703,344.5102092
850,515,993.8435491,61.82411451,106.9660261,84.3950703,344.5102092
850,520,996.4436763,61.71183296,106.5206643,84.11624862,344.5652574
850,525,999.0620601,61.6044442,106.0881291,83.84628664,344.6387319
852.3482418,-522.9746405,1000,61.555393,105.9532084,83.75430069,344.6729195
852.3482418,-512.1424922,994.3779249,61.79633618,106.9081788,84.35225751,344.5456876
852.3482418,512.1424922,994.3779249,61.79633618,106.9081788,84.35225751,344.5456876
852.3482418,522.9746405,1000,61.555393,105.9532084,83.75430069,344.6729195
854.7577713,-519.0271211,1000,61.54662212,105.9760671,83.7613446,344.6846663
854.7577713,-513.5902836,997.1889625,61.66771446,106.4544195,84.06106696,344.622291
854.7577713,513.5902836,997.1889625,61.66771446,106.4544195,84.06106696,344.622291
854.7577713,519.0271211,1000,61.54662212,105.9760671,83.7613446,344.6846663
855,-515,998.1232389,61.62627357,106.2967945,83.96153403,344.6431601
855,515,998.1232389,61.62627357,106.2967945,83.96153403,344.6431601
857.1673007,-515.0380749,1000,61.54110431,106.005122,83.77311317,344.7042921
857.1673007,515.0380749,1000,61.54110431,106.005122,83.77311317,344.7042921
