x_m,y_m,distance_m,mean_diameter_m,cvar_diameter_m,max_diameter_m,composite_m,pareto
375.0,250.0,450.6939094329987,35.29713414012764,61.798611522613534,64.81409179628159,48.54787283137058,0
400.0,250.0,471.6990566028302,33.720492157183415,57.79513568424603,60.77453690860402,45.757813920714725,0
325.0,275.0,425.73465914816,37.846257604071084,66.72485378996215,69.50471426757449,52.28555569701662,0
350.0,275.0,445.1123453691214,36.02905928794233,62.64600761780523,65.5877668216277,49.337533452873785,0
375.0,275.0,465.02688094345683,34.40132317967943,58.81238205873388,61.52398532569825,46.606852619206656,0
400.0,275.0,485.41219597368996,32.981114728839465,55.37358479486314,58.28783329110022,44.1773497618513,0
425.0,275.0,506.2114182829147,31.774024185321473,52.18796256681709,54.72397255945949,41.98099337606928,0
450.0,275.0,527.3755777432247,30.80292940331109,49.088669739317865,51.26882853386067,39.94579957131448,0
275.0,300.0,406.97051490249265,40.76529572248984,71.40292369390593,73.92603096168322,56.084109708197886,1
300.0,300.0,424.26406871192853,38.7583329785334,67.5153098963507,69.96263030552615,53.13682143744205,0
325.0,300.0,442.2951503238533,36.916200923079316,63.62758728085469,66.32999191687217,50.27189410196701,0
350.0,300.0,460.9772228646444,35.25512511508406,59.943129378057435,62.404111671720585,47.599127246570745,0
375.0,300.0,480.23431780746364,33.775683205394145,56.57030721243545,59.06937937325345,45.1729952089148,0
400.0,300.0,500.0,32.47525594395451,53.4913659120747,56.09360302575817,42.9833109280146,1
425.0,300.0,520.2163011671203,31.365703380011304,50.49523573929951,52.90912457900556,40.93046955965541,0
450.0,300.0,540.8326913195984,30.47600952431484,47.68718599673971,49.907338267280814,39.08159776052727,0
475.0,300.0,561.8051263561058,29.81673184661486,44.98103288382117,47.203276985591714,37.398882365218014,0
250.0,325.0,410.03048667141815,41.79345705473376,72.04538006747092,74.29092020858984,56.91941856110233,0
275.0,325.0,425.73465914816,39.790079155323866,68.42058684679279,70.85517522283733,54.10533300105833,0
300.0,325.0,442.2951503238533,37.93649784195071,64.72280083617567,67.33144043328403,51.32964933906319,0
325.0,325.0,459.6194077712559,36.23771939078775,61.1390638336277,63.39209799240865,48.688391612207724,0
350.0,325.0,477.62432936357,34.71547519586379,57.83302149443591,59.8552694961961,46.27424834514985,0
375.0,325.0,496.2358310319802,33.354422940204834,54.85165163140251,57.44163728210341,44.10303728580367,0
400.0,325.0,515.3882032022076,32.15187024139136,51.955703598609624,54.276840937949494,42.05378692000049,0
425.0,325.0,535.0233639758175,31.124896529865822,49.19612800432752,51.548824727209045,40.16051226709667,0
450.0,325.0,555.0900827793629,30.30325581245286,46.57532381109287,48.808175009709764,38.439289811772866,0
475.0,325.0,575.5432216610669,29.691098701193567,44.03278596785938,46.141516305836205,36.861942334526475,0
500.0,325.0,596.3430220938282,29.279802810217525,41.62975987078592,43.3497637758737,35.454781340501725,0
525.0,325.0,617.4544517614235,29.074828837061347,39.61188474422344,41.394509165616576,34.34335679064239,0
200.0,350.0,403.11288741492746,45.043196756703225,76.25543621652884,78.79235595120832,60.64931648661603,0
225.0,350.0,416.08292442733097,42.90810342765688,72.76023923164112,75.13734827215292,57.834171329649,0
250.0,350.0,430.11626335213134,40.92098241452203,69.3806640812539,71.68648247926788,55.15082324788796,0
275.0,350.0,445.1123453691214,39.05514000011951,65.87741963801285,68.16185700164515,52.46627981906618,0
300.0,350.0,460.9772228646444,37.33339356521124,62.38883424442792,64.64526053816253,49.861113904819575,0
325.0,350.0,477.62432936357,35.764955258630735,59.16869262262788,61.155133318871705,47.46682394062931,0
350.0,350.0,494.9747468305833,34.35838153439584,56.24803941913717,58.739969974247344,45.30321047676651,0
375.0,350.0,512.9571132170797,33.09202020855915,53.434069965540836,55.86177611189042,43.26304508704999,0
400.0,350.0,531.5072906367325,31.972255486148754,50.73240925889865,53.01376895711525,41.352332372523705,0
425.0,350.0,550.567888638631,31.01359392305538,48.14989343208911,50.15886432671908,39.58174367757225,0
450.0,350.0,570.087712549569,30.252643336409395,45.7205568262851,47.80232017547712,37.98660008134725,0
475.0,350.0,590.0211860602973,29.677945948037813,43.28944952372395,45.148511741649344,36.48369773588088,0
500.0,350.0,610.3277807866851,29.299025301695256,41.09494995745849,42.61394206593903,35.196987629576874,0
525.0,350.0,630.9714732061981,29.108912847446852,39.167602488550635,40.90939944428445,34.138257667998744,0
550.0,350.0,651.9202405202649,29.144377625724623,38.36600969011262,40.94402615764014,33.755193657918625,0
575.0,350.0,673.145600891813,29.39457199366784,38.93781148596952,43.702294630979914,34.16619173981868,0
150.0,375.0,403.8873605350878,48.47646375722813,80.27492633711444,82.9694263440328,64.37569504717129,0
175.0,375.0,413.82363393117123,46.234101729071355,76.9135893791884,79.51291205841453,61.573845554129875,0
200.0,375.0,425.0,44.11112069373689,73.57770753469538,75.97566571177687,58.844414114216136,0
225.0,375.0,437.3213921133975,42.115759421516984,70.31742691313346,72.48144996150894,56.21659316732522,0
250.0,375.0,450.6939094329987,40.25982532289099,67.0840884162105,69.33397032293612,53.67195686955075,0
275.0,375.0,465.02688094345683,38.514332016886044,63.712829322134446,65.9535688982768,51.11358066951024,0
300.0,375.0,480.23431780746364,36.91304553000145,60.55264365878618,62.59393917449274,48.73284459439381,0
325.0,375.0,496.2358310319802,35.455799310704506,57.65350303025406,59.45014722656871,46.55465117047928,0
350.0,375.0,512.9571132170797,34.14153255710321,54.93580877940721,57.170711913232154,44.53867066825521,0
375.0,375.0,530.3300858899106,32.95717470750531,52.26983283786061,54.40509834167998,42.61350377268296,0
400.0,375.0,548.2928049865327,31.906074070408447,49.7415737118064,51.87053008983656,40.82382389110742,0
425.0,375.0,566.7892024377317,31.010367294477113,47.34194902196359,49.07241982752538,39.17615815822035,0
450.0,375.0,585.768725692999,30.294753220439944,45.00397993212248,47.000451441698075,37.64936657628121,0
475.0,375.0,605.1859218455102,29.759131069365296,42.73916370955103,44.51887208905984,36.24914738945816,0
500.0,375.0,625.0,29.406814642202242,40.71894539313954,42.206209916381056,35.06288001767089,0
525.0,375.0,645.174395028197,29.228621288019326,38.90744181178085,40.55078657074932,34.068031549900084,0
550.0,375.0,665.6763477847173,29.260403970311653,37.90491699162356,39.89801067230877,33.582660480967604,0
575.0,375.0,686.476510887299,29.49281255041794,38.30079496500148,42.4708236653367,33.89680375770971,0
600.0,375.0,707.5485849042453,29.92387270868695,40.088355823169934,45.16258808938254,35.006114265928446,0
125.0,400.0,419.0763653560052,49.69897667184428,80.96810288519018,83.7071971257866,65.33353977851723,0
150.0,400.0,427.20018726587654,47.48757120764117,77.6785772821724,80.1708199052171,62.58307424490678,0
175.0,400.0,436.6062299143245,45.37840256985983,74.44281807988398,76.92786835610642,59.910610324871904,0
200.0,400.0,447.21359549995793,43.38390363601174,71.29743554638267,73.54474859702812,57.340669591197205,0
225.0,400.0,458.93899376714546,41.51773666504331,68.25008475954738,70.28433135834561,54.88391071229535,0
250.0,400.0,471.6990566028302,39.77084844676605,65.10000548338033,67.30753873365585,52.43542696507319,0
275.0,400.0,485.41219597368996,38.13623927806448,61.96898488750476,64.06030550553037,50.05261208278462,0
300.0,400.0,500.0,36.64041641541251,59.1054067629758,60.95441704027054,47.87291158919415,0
325.0,400.0,515.3882032022076,35.277137596366536,56.44352328803234,58.69122377486545,45.86033044219944,0
350.0,400.0,531.5072906367325,34.04076885116541,53.8512436653783,55.961015013926634,43.94600625827185,0
375.0,400.0,548.2928049865327,32.925471049653325,51.344331557395144,53.465350220077674,42.13490130352423,0
400.0,400.0,565.685424949238,31.93542416213431,48.96124039950414,50.82813452348787,40.44833228081923,0
425.0,400.0,583.6308764964376,31.096549754773704,46.72379856769512,48.66662237327668,38.91017416123441,0
450.0,400.0,602.0797289396148,30.418678813399083,44.46931765358251,46.412427208777935,37.443998233490795,0
475.0,400.0,620.987117418711,29.917612907710872,42.34331804773976,44.09783232730699,36.130465477725316,0
500.0,400.0,640.3124237432849,29.587440339206864,40.466105730759416,41.93855125349581,35.02677303498314,0
525.0,400.0,660.0189391222043,29.41817382652831,38.78356118947498,40.326936040100634,34.10086750800164,0
550.0,400.0,680.0735254367721,29.445536095250198,37.65434267498228,39.09309560743039,33.54993938511624,0
575.0,400.0,700.446286306095,29.66296889873951,37.87620835531633,41.5038582692924,33.76958862702792,0
600.0,400.0,721.1102550927978,30.06495843449696,39.297728891155394,44.025986263488974,34.68134366282618,0
625.0,400.0,742.0411039827915,30.647915457900588,41.68910409766625,46.659580459985925,36.16850977778342,0
650.0,400.0,763.2168761236874,31.42790654866443,44.19137579268086,49.404741996132586,37.80964117067265,0
75.0,425.0,431.5669125408017,53.22971285216774,85.02266225579396,87.70735054830558,69.12618755398086,0
100.0,425.0,436.6062299143245,50.965132722889535,81.80435621489424,84.51513716559153,66.38474446889188,0
125.0,425.0,443.00112866673373,48.78329304362351,78.51770032211618,80.83779929713316,63.65049668286984,0
150.0,425.0,450.6939094329987,46.69657183548628,75.36808358153844,77.84406942339629,61.03232770851236,0
175.0,425.0,459.6194077712559,44.71000040996124,72.32752571463644,74.66442346854629,58.51876306229884,0
200.0,425.0,469.7073557013984,42.83258072152566,69.37163587190571,71.39644402087615,56.102108296715684,0
225.0,425.0,480.88460154178364,41.07872858128347,66.48883674370175,68.59636401289411,53.78378266249261,0
250.0,425.0,493.0770730829005,39.4269346201344,63.42559033353241,65.55038193978501,51.42626247683341,0
275.0,425.0,506.2114182829147,37.89297595821654,60.57216239183186,62.51565566715682,49.232569175024196,0
300.0,425.0,520.2163011671203,36.48898193947477,57.947765964312005,59.60436514884301,47.21837395189338,0
325.0,425.0,535.0233639758175,35.20146223474542,55.426023339202494,57.391826268323264,45.31374278697396,0
350.0,425.0,550.567888638631,34.032715517465405,52.94624444168355,54.92518971454325,43.489479979574476,0
375.0,425.0,566.7892024377317,32.97959460242312,50.58952571164701,52.57339853686537,41.78456015703507,0
400.0,425.0,583.6308764964376,32.046638073581704,48.357943727533794,50.00802538906329,40.20229090055775,0
425.0,425.0,601.0407640085654,31.251910742193612,46.211805304779844,47.98048135654044,38.73185802348673,0
450.0,425.0,618.9709201569974,30.612026754189614,44.090665990466775,45.98266304292338,37.351346372328194,0
475.0,425.0,637.3774391990981,30.140470375017376,42.09140939220213,43.812252728684555,36.115939883609755,0
500.0,425.0,656.2202374203343,29.828801994091712,40.31545900316227,41.847127141320485,35.07213049862699,0
525.0,425.0,675.4628043053148,29.664605421855867,38.74478932266319,40.21237215278208,34.20469737225953,0
550.0,425.0,695.0719387228922,29.689959678897967,37.53974785608942,38.69144125140936,33.61485376749369,0
575.0,425.0,715.0174823037546,29.89276094117461,37.61057118223806,40.75445495351352,33.75166606170634,0
600.0,425.0,735.2720584926371,30.269650792672344,38.71874631086603,43.127093677999895,34.49419855176919,0
625.0,425.0,755.8108228915487,30.817610277892207,40.952215420898334,45.60450972837567,35.88491284939527,0
650.0,425.0,776.6112283504533,31.548793572981236,43.306482730104165,48.18679299831065,37.4276381515427,0
675.0,425.0,797.6528066771908,32.49492278388921,45.764995031313504,50.87403355544109,39.129958907601356,0
700.0,425.0,818.91696770796,33.626807503212504,48.32771257487283,53.66632171504113,40.97726003904266,0
25.0,450.0,450.6939094329987,56.825483842391144,89.09213145412001,92.11016457529156,72.95880764825557,0
50.0,450.0,452.76925690687085,54.50111895734311,85.83334322000522,88.72728013285816,70.16723108867416,0
75.0,450.0,456.20718977236646,52.26373089218974,82.67430259282271,85.01941629106653,67.46901674250623,0
100.0,450.0,460.9772228646444,50.1134725003742,79.48451554394786,81.94174007928144,64.79899402216103,0
125.0,450.0,467.0385423067351,48.050806327157176,76.39391423336255,78.95563393312041,62.22236028025986,0
150.0,450.0,474.3416490252569,46.075683939538216,73.37141725068409,75.67094843614325,59.72355059511115,0
175.0,450.0,482.83019789569914,44.19823710868992,70.52756329985873,72.7496869078788,57.362900204274325,0
200.0,450.0,492.44289008980525,42.42890520690945,67.74194744056724,69.57853867993458,55.085426323738346,0
225.0,450.0,503.1152949374527,40.76632144298805,64.927992193391,67.0640499051793,52.84715681818953,0
250.0,450.0,514.78150704935,39.207159774791016,62.073603850101286,64.08980515494831,50.64038181244615,0
275.0,450.0,527.3755777432247,37.761492883520035,59.46949531642992,61.23150900515313,48.61549409997498,0
300.0,450.0,540.8326913195984,36.435051496964775,57.00078229588259,59.04282112682906,46.71791689642368,0
325.0,450.0,555.0900827793629,35.21304992105278,54.57702974120988,56.55936713184839,44.89503983113133,0
350.0,450.0,570.087712549569,34.10617611286037,52.24783424639357,53.932752979739575,43.177005179626974,0
375.0,450.0,585.768725692999,33.10790568454885,49.99680085813177,51.777723551419655,41.55235327134031,0
400.0,450.0,602.0797289396148,32.226110005000535,47.89778497770355,49.72449993748787,40.06194749135204,0
425.0,450.0,618.9709201569974,31.468921080446417,45.82242738395155,47.59716328081429,38.645674232198985,0
450.0,450.0,636.3961030678928,30.863382752412093,43.82921730108768,45.537719836159646,37.34630002674989,0
475.0,450.0,654.31261641512,30.4177300876172,41.95598549273732,43.63858654953759,36.18685779017726,0
500.0,450.0,672.6812023536855,30.118957086372326,40.27510650700911,41.87595805776723,35.19703179669072,0
525.0,450.0,691.4658342969666,29.961384938106836,38.77476413959027,40.187929928415,34.36807453884855,0
550.0,450.0,710.6335201775947,29.984853873115227,37.54647994054055,38.7574365137723,33.76566690682789,0
575.0,450.0,730.1540933255117,30.17397761383414,37.46641346325867,40.186158198131324,33.8201955385464,0
600.0,450.0,750.0,30.52916188939443,38.34448198666032,42.42606787445201,34.43682193802738,0
625.0,450.0,770.1460900374682,31.04575363078377,40.39368732209148,44.76482229140376,35.71972047643763,0
650.0,450.0,790.5694150420949,31.732004853085503,42.61654941141081,47.20250202166286,37.17427713224816,0
675.0,450.0,811.2490369793976,32.62699515922017,44.9377871601483,49.739187666273324,38.78239115968424,0
700.0,450.0,832.1658488546619,33.700142710634715,47.357373538536315,52.374959938920355,40.528758124585515,0
725.0,450.0,853.3024082938006,34.983934976075126,49.87527965862418,55.109899727079984,42.42960731734965,0
0.0,475.0,475.0,58.08720356119562,89.8551642394439,92.76106136080493,73.97118390031976,0
25.0,475.0,475.6574397610112,55.80325558215624,86.70691329262182,89.54295549762635,71.25508443738903,0
50.0,475.0,477.62432936357,53.59765600960093,83.5998867090687,86.08020493560583,68.59877135933482,0
75.0,475.0,480.88460154178364,51.4723397819315,80.55235195916735,83.15113262548466,66.01234587054942,0
100.0,475.0,485.41219597368996,49.42811010603499,77.4610482223608,79.9368210385369,63.4445791641979,0
125.0,475.0,491.1720676097125,47.47110957706413,74.50304310760858,76.94790917557678,60.98707634233635,0
150.0,475.0,498.1214711292819,45.60224977168343,71.70994120489836,74.08418778968775,58.656095488290894,0
175.0,475.0,506.2114182829147,43.82210404388182,68.99537956954748,71.03557603163175,56.40874180671465,0
200.0,475.0,515.3882032022076,42.147929449032006,66.35107172681306,68.4326798369748,54.24950058792253,0
225.0,475.0,525.594901040716,40.56595730586915,63.61834736800139,65.71241285514293,52.09215233693527,0
250.0,475.0,536.7727638395972,39.090783705047556,60.99529038638232,62.89981406134184,50.04303704571494,0
275.0,475.0,548.8624600025037,37.722742746618565,58.56688667867197,60.196073472231205,48.14481471264527,0
300.0,475.0,561.8051263561058,36.46162996797639,56.19808923987569,57.99891872401009,46.32985960392604,0
325.0,475.0,575.5432216610669,35.29824224188384,53.86782593094667,55.60797765749069,44.58303408641525,0
350.0,475.0,590.0211860602973,34.249810554001044,51.69880963186582,53.53880234499404,42.974310092933436,0
375.0,475.0,605.1859218455102,33.30042397194728,49.55162753446082,51.15260122654591,41.42602575320405,0
400.0,475.0,620.987117418711,32.46011317583041,47.52410888677772,49.24574543369283,39.99211103130406,0
425.0,475.0,637.3774391990981,31.739430973917713,45.546411609986535,47.22053949906277,38.64292129195212,0
450.0,475.0,654.31261641512,31.164239477800308,43.66620073372314,45.099633748075426,37.41522010576172,0
475.0,475.0,671.7514421272201,30.73900130503305,41.90644117860266,43.55860258535786,36.32272124181786,0
500.0,475.0,689.6557112066861,30.45342370404592,40.31816366110003,41.92592434695833,35.385793682572974,0
525.0,475.0,707.9901129253147,30.3015766437699,38.881688468763166,40.23893885211314,34.59163255626653,0
550.0,475.0,726.7220926874317,30.32269769528442,37.662883981489834,38.8792988184769,33.99279083838712,0
575.0,475.0,745.8216945088149,30.500212549717492,37.439346115423476,39.77022667734445,33.96977933257048,0
600.0,475.0,765.2613932506983,30.836061406096405,38.11962887491708,41.89149927661228,34.477845140506744,0
625.0,475.0,785.0159234053791,31.320398441341375,39.98526379740815,44.106318962964046,35.65283111937477,0
650.0,475.0,805.0621094052309,31.970261560434366,42.09068454308885,46.41475848234016,37.030473051761604,0
675.0,475.0,825.3787009609589,32.81949743280644,44.28922584245903,48.81689049586934,38.55436163763274,0
700.0,475.0,845.9462157844315,33.838892922002714,46.580871906828165,51.31278766897537,40.20988241441544,0
725.0,475.0,866.7467911679859,35.06075956789344,48.965603609727566,53.90252273923582,42.013181588810504,0
750.0,475.0,887.7640452282352,36.498162527959224,51.44340008500441,56.58616856695739,43.97078130648182,0
775.0,475.0,908.9829481348921,38.05770471403071,54.00442759088541,59.04980217558385,46.03106615245807,0
0.0,500.0,500.0,57.13142772687043,87.62539396138793,90.28903148528637,72.37841084412918,0
25.0,500.0,500.62460986251966,54.95835851576361,84.62717388460892,87.33504405956323,69.79276620018626,0
50.0,500.0,502.4937810560445,52.85840683482577,81.65253173822965,84.16861772354916,67.25546928652771,0
75.0,500.0,505.5937104039171,50.82891247321173,78.62249522015952,81.1705651047467,64.72570384668563,0
100.0,500.0,509.9019513592785,48.886251442499976,75.69853317010046,78.23125552184396,62.292392306300215,0
125.0,500.0,515.3882032022076,47.0265810337943,72.88976585383746,75.17634808540849,59.95817344381588,0
150.0,500.0,522.0153254455275,45.25026316237559,70.26833628497613,72.51469563789286,57.75929972367586,0
175.0,500.0,529.7405025104273,43.56104888401987,67.68906754525854,69.57484362269274,55.6250582146392,0
200.0,500.0,538.5164807134504,41.96578706826674,65.1173122225617,67.18492666357602,53.54154964541422,0
225.0,500.0,548.2928049865327,40.461858234659886,62.55666918366752,64.57507945261844,51.509263709163704,0
250.0,500.0,559.0169943749474,39.062108100297415,60.130689800096576,61.907767380052206,49.596398950197,0
275.0,500.0,570.6356105256664,37.76281293463873,57.829672238516665,59.71027338330562,47.7962425865777,0
300.0,500.0,583.09518948453,36.55650422802279,55.519067220641595,57.319299833118464,46.037785724332196,0
325.0,500.0,596.3430220938282,35.44998217563878,53.33332936611725,54.83729711306524,44.39165577087802,0
350.0,500.0,610.3277807866851,34.45107422983159,51.25370447440534,52.985064522866345,42.852389352118465,0
375.0,500.0,625.0,33.54745516895885,49.22084674353734,50.94117710456423,41.38415095624809,0
400.0,500.0,640.3124237432849,32.74394732022607,47.255119501914066,48.86034196108317,39.99953341107007,0
425.0,500.0,656.2202374203343,32.056321618487615,45.36951181322623,46.96143371104861,38.71291671585692,0
450.0,500.0,672.6812023536855,31.505776789952925,43.587718425565924,44.955482879201035,37.54674760775943,0
475.0,500.0,689.6557112066861,31.100317927195114,41.9303652216731,43.55798638530079,36.5153415744341,0
500.0,500.0,707.1067811865476,30.826409679053917,40.42655583912131,41.993901996379776,35.626482759087615,0
525.0,500.0,725.0,30.67960118150612,39.04960045130493,40.353987929641,34.86460081640553,0
550.0,500.0,743.3034373659252,30.697200564723865,37.82921584196605,39.054953617395604,34.26320820334496,0
575.0,500.0,761.9875327064085,30.86581307581306,37.49306184888689,39.483695501704254,34.17943746234997,0
600.0,500.0,781.0249675906655,31.18206120197666,38.034259608858704,41.498292419525285,34.60816040541768,0
625.0,500.0,800.3905296791061,31.63905272478472,39.704365796257775,43.60167700782188,35.67170926052125,0
650.0,500.0,820.0609733428363,32.25636487127309,41.70420126084994,45.7939153616593,36.98028306606152,0
675.0,500.0,840.0148808205721,33.064551837756696,43.79242569201744,48.07507340654077,38.428488764887064,0
700.0,500.0,860.2325267042627,34.0357375835383,45.96903298585168,50.445216987860924,40.002385284694995,0
725.0,500.0,880.6957476904269,35.20133200594373,48.23401266352198,52.90441194152098,41.71767233473285,0
750.0,500.0,901.3878188659974,36.574598786652615,50.587351419219814,55.452724148756865,43.580975102936215,0
775.0,500.0,922.2933372848358,38.063205359426846,53.02903436109206,58.0902195779331,45.54611986025945,0
800.0,500.0,943.3981132056604,39.6412445974004,55.51938394092331,60.373847771779246,47.58031426916186,0
825.0,500.0,964.6890690787369,41.31207169841914,58.081871820440824,63.195245793957554,49.696971759429985,0
0.0,525.0,525.0,56.336380506367426,85.68268426649469,88.27054520290386,71.00953238643106,0
25.0,525.0,525.594901040716,54.26315556274098,82.77735521032989,85.34952399026436,68.52025538653544,0
50.0,525.0,527.3755777432247,52.253316215832605,79.85267858189583,82.35194313376077,66.05299739886422,0
75.0,525.0,530.3300858899106,50.318175517233385,76.94498841472478,79.24591258121706,63.63158196597908,0
100.0,525.0,534.4389581607987,48.46919728627608,74.17857099957878,76.57019935402512,61.323884142927426,0
125.0,525.0,539.6758286230726,46.6983760783378,71.54118944774427,73.66276223943227,59.11978276304104,0
150.0,525.0,546.0082416960389,45.00453723408298,69.02667294093722,71.12550250934328,57.015605087510096,0
175.0,525.0,553.3985905294663,43.396708722932686,66.56939460367414,68.61663414721254,54.983051663303414,0
200.0,525.0,561.8051263561058,41.87287415634746,64.09650678624148,66.06405839928608,52.98469047129447,0
225.0,525.0,571.1829829397931,40.44107553221866,61.698868719962576,63.621153789597635,51.06997212609062,0
250.0,525.0,581.4851674806504,39.10895870054598,59.42052104960388,61.08458979765303,49.26473987507493,0
275.0,525.0,592.663479556485,37.86627740593653,57.19146858793151,58.94550174101961,47.52887299693402,0
300.0,525.0,604.6693311223912,36.712896550681165,54.97332145276473,56.58789345053517,45.84310900172295,0
325.0,525.0,617.4544517614235,35.65888966296393,52.92050118237404,54.38684039017445,44.289695422668984,0
350.0,525.0,630.9714732061981,34.70409470414728,50.9181584917893,52.53214553054487,42.81112659796829,0
375.0,525.0,645.174395028197,33.84003929642206,48.97214709084898,50.626569370265436,41.40609319363552,0
400.0,525.0,660.0189391222043,33.07141767906693,47.07980221054103,48.58580118842389,40.075609944803986,0
425.0,525.0,675.4628043053148,32.411504205383025,45.277622295870124,46.801774423083266,38.84456325062658,0
450.0,525.0,691.4658342969666,31.884180475180482,43.58160010799358,44.89759830906229,37.73289029158703,0
475.0,525.0,707.9901129253147,31.49684303955745,42.02479519840019,43.625352918586906,36.76081911897882,0
500.0,525.0,725.0,31.23320206030185,40.58986323647736,42.07737533287499,35.91153264838961,0
525.0,525.0,742.4621202458749,31.090912147486684,39.26059285786043,40.524069166077126,35.17575250267356,0
550.0,525.0,760.3453162872775,31.104870796269253,38.051280045670524,39.24203934898184,34.57807542096989,0
575.0,525.0,778.6205751198719,31.265667406311557,37.62372456666222,39.307994573958354,34.44469598648689,0
600.0,525.0,797.2609359550987,31.562305132934142,38.037447106066125,41.226155382373804,34.799876119500134,0
625.0,525.0,816.2413858657254,31.996381126780737,39.532734909361025,43.22880468354713,35.76455801807088,0
650.0,525.0,835.5387483534201,32.58436841176703,41.43713536907118,45.3160028583259,37.0107518904191,0
675.0,525.0,855.1315688243535,33.35553505106739,43.42564317825377,47.487810057489085,38.390589114660585,0
700.0,525.0,875.0,34.283288421965246,45.49826038604243,49.74428628825481,39.890774404003835,0
725.0,525.0,895.1256894984078,35.39812261753755,47.65498399457132,52.08549148458354,41.52655330605444,0
750.0,525.0,915.4916711800278,36.713103923197416,49.89580741193885,54.51148556351193,43.304455667568135,0
775.0,525.0,936.0822613424527,38.13732798805894,52.22072165017905,57.02232846963805,45.17902481911899,0
800.0,525.0,956.8829604502318,39.64759553313598,54.612830996095546,59.186471032475765,47.13021326461576,0
825.0,525.0,977.8803607803973,41.24288351438057,57.05274146545165,61.87100712065994,49.14781248991611,0
850.0,525.0,999.0620601344043,42.925851209086055,59.57499497224598,64.64222715857434,51.25042309066602,0
0.0,550.0,550.0,55.680876887194856,83.94493687854906,86.36282877530701,69.81290688287196,0
25.0,550.0,550.567888638631,53.69298036383109,81.08817427817887,83.41480165363132,67.39057732100498,0
50.0,550.0,552.268050859363,51.77035503297284,78.24714706104116,80.63674736652482,65.008751047007,0
75.0,550.0,555.0900827793629,49.924100343872,75.48921814425336,77.98748023242709,62.70665924406268,0
100.0,550.0,559.0169943749474,48.15894607308256,72.87310416602664,75.25529891046148,60.5160251195546,0
125.0,550.0,564.0257086339238,46.46931545637314,70.38268140314487,72.65422792095741,58.425998429759005,0
150.0,550.0,570.087712549569,44.851167785517674,67.96321471925722,69.93674411884018,56.40719125238745,0
175.0,550.0,577.1698190307598,43.312676267035926,65.5711670298567,67.51132544453205,54.44192164844631,0
200.0,550.0,585.2349955359813,41.85840398722243,63.25694341604325,65.15753540503495,52.55767370163284,0
225.0,550.0,594.2432162002357,40.49216823746645,61.01021482720918,62.82536992365784,50.75119153233781,0
250.0,550.0,604.1522986797286,39.22057241117432,58.83836538558563,60.57285651970147,49.029468898379974,0
275.0,550.0,614.9186938124421,38.02700552589085,56.654374202831384,58.36588302153361,47.34068986436112,0
300.0,550.0,626.4982043070834,36.924110651186965,54.55610461723444,56.001789255364024,45.7401076342107,0
325.0,550.0,638.8466169590318,35.91682559655803,52.60580195760407,54.22513345558303,44.26131377708105,0
350.0,550.0,651.9202405202649,35.002546186686004,50.68118899258741,52.28906098941053,42.841867589636706,0
375.0,550.0,665.6763477847173,34.172880896258256,48.799473116698906,50.35960389117958,41.486177006478584,0
400.0,550.0,680.0735254367721,33.43509356581911,46.99428389136478,48.40616931672786,40.214688728591945,0
425.0,550.0,695.0719387228922,32.80146119761855,45.25947775863852,46.72712691290606,39.03046947812854,0
450.0,550.0,710.6335201775947,32.29535343734635,43.63825123773789,44.91363003563618,37.96680233754212,0
475.0,550.0,726.7220926874317,31.923269744329737,42.16148139223405,43.379031802297874,37.0423755682819,0
500.0,550.0,743.3034373659252,31.669918449849263,40.80199014246655,42.17869566114702,36.23595429615791,0
525.0,550.0,760.3453162872775,31.531753778412465,39.50930998650183,40.74197285653707,35.52053188245715,0
550.0,550.0,777.8174593052023,31.54233179168584,38.32915131501682,39.47361384518609,34.935741553351335,0
575.0,550.0,795.6915231419774,31.691774606485367,37.80483712923888,39.227945367528335,34.74830586786212,0
600.0,550.0,813.9410298049853,31.974659032682958,38.13013811876317,41.05850304438612,35.05239857572306,0
625.0,550.0,832.5412902673356,32.38796836115062,39.45544769231927,42.96964665919061,35.92170802673495,0
650.0,550.0,851.46931829632,32.949397389233596,41.273168418189556,44.961431633717204,37.111282903711576,0
675.0,550.0,870.7037383633999,33.68698994195596,43.17110451668803,47.033913119311414,38.429047229321995,0
700.0,550.0,890.2246907382428,34.575370484891735,45.149264748042576,49.18714607818865,39.86231761646715,0
725.0,550.0,910.0137361600648,35.644154723407425,47.2076524462718,51.42118535117251,41.42590358483962,0
750.0,550.0,930.0537618869137,36.90622178799301,49.3462668498407,53.73608571340707,43.12624431891686,0
775.0,550.0,950.3288904374107,38.27209004841701,51.565104226205094,56.13190191959632,44.91859713731105,0
800.0,550.0,970.8243919473799,39.72065460727855,53.864158808562244,58.608688740259076,46.79240670792039,0
825.0,550.0,991.526600752597,41.24785035328581,56.19490484307881,60.74923475719203,48.721377598182315,0
0.0,575.0,575.0,55.14526413732963,82.37983291607496,84.86826377860825,68.76254852670229,0
25.0,575.0,575.5432216610669,53.23699827324517,79.59687827588698,82.0839899873439,66.41693827456608,0
50.0,575.0,577.1698190307598,51.395935908720645,76.84628208969225,79.14254939940373,64.12110899920646,0
75.0,575.0,579.8706752371601,49.63058363098618,74.23066426937262,76.61723837235672,61.9306239501794,0
100.0,575.0,583.6308764964376,47.942407900771755,71.75892562709305,73.99420458273813,59.8506667639324,0
125.0,575.0,588.430114796991,46.32509297558792,69.36513172001426,71.55047472997911,57.84511234780109,0
150.0,575.0,594.2432162002357,44.77808036312409,67.05230670619831,69.12714625876393,55.9151935346612,0
175.0,575.0,601.0407640085654,43.30292838714415,64.76045952119648,66.54839081509735,54.031693954170315,0
200.0,575.0,608.789783094296,41.91182243677254,62.555651299029854,64.42399592917873,52.2337368679012,0
225.0,575.0,617.4544517614235,40.60572663738037,60.45002978186901,62.166883167829454,50.52787820962469,0
250.0,575.0,626.9968101992226,39.38503389339745,58.34146548126893,59.947000836755805,48.863249687333195,0
275.0,575.0,637.3774391990981,38.23878730535654,56.22856765153022,57.791881265305435,47.23367747844338,0
300.0,575.0,648.5560885536423,37.183139528369885,54.249383266796336,55.54055254561915,45.71626139758311,0
325.0,575.0,660.4922406811453,36.21737106403302,52.37363530823187,53.86648134099152,44.29550318613244,0
350.0,575.0,673.145600891813,35.33888131708602,50.51139992416597,51.991140403764305,42.925140620625996,0
375.0,575.0,686.476510887299,34.54034061597655,48.70579097632431,50.17288010608271,41.62306579615043,0
400.0,575.0,700.446286306095,33.83189405749702,46.980560431639596,48.419100376762934,40.406227244568306,0
425.0,575.0,715.0174823037546,33.222515240595584,45.30455459977905,46.72583202570767,39.26353492018732,0
450.0,575.0,730.1540933255117,32.735567411436946,43.75049943371284,44.99360723432505,38.2430334225749,0
475.0,575.0,745.8216945088149,32.37711287179287,42.34477077685368,43.3605210523984,37.36094182432328,0
500.0,575.0,761.9875327064085,32.133320954165356,41.05359744809857,42.4198738295738,36.593459201131964,0
525.0,575.0,778.6205751198719,31.998984885747536,39.802721909306676,41.09541453817963,35.90085339752711,0
550.0,575.0,795.6915231419774,32.00344321895419,38.64400890429422,39.74440466054294,35.3237260616242,0
575.0,575.0,813.1727983645296,32.1442363898293,38.028018860445876,39.2310204912279,35.08612762513759,0
600.0,575.0,831.0385069297331,32.41570619348262,38.29620634097608,40.9816476818208,35.355956267229345,0
625.0,575.0,849.2643875731515,32.81011701382445,39.46018770430299,42.80930247256546,36.135152359063724,0
650.0,575.0,867.8277478854891,33.34737831497617,41.19883227303893,44.7140359422511,37.27310529400755,0
675.0,575.0,886.70739254841,34.054385035947234,43.014139877719536,46.69589887520131,38.53426245683339,0
700.0,575.0,905.883546599672,34.90686529384662,44.906124675514974,48.75494183594873,39.9064949846808,0
725.0,575.0,925.3377761660873,35.93364476016457,46.87479524660443,50.89121523285771,41.404220003384495,0
750.0,575.0,945.05290857179,37.14740959489228,48.92015578868252,53.10476937165084,43.0337826917874,0
775.0,575.0,965.0129532809391,38.46009336611013,51.04220714933726,55.39565449990792,44.751150257723694,0
800.0,575.0,985.2030247619016,39.850977527184206,53.24094770560597,57.763920843628824,46.54596261639509,0
0.0,600.0,600.0,54.71187571757305,80.95270292385494,83.22754381767352,67.832289320714,0
25.0,600.0,600.5206074732157,52.88028916489385,78.25798557214577,80.65707783812964,65.56913736851982,0
50.0,600.0,602.0797289396148,51.11763794340785,75.64395426678402,78.11728467741773,63.38079610509594,0
75.0,600.0,604.6693311223912,49.42626220665939,73.16078032429114,75.42709085508116,61.29352126547526,0
100.0,600.0,608.276253029822,47.8085075547701,70.80311522714406,72.91108882720722,59.30581139095708,0
125.0,600.0,612.8825336065631,46.257225116885664,68.49111810796904,70.57478504511019,57.374171612427354,0
150.0,600.0,618.4658438426491,44.77300468529416,66.26433619099359,68.29041401437858,55.51867043814387,0
175.0,600.0,625.0,43.35820177759096,64.08612416212623,65.73920625938976,53.722162969858594,0
200.0,600.0,632.4555320336759,42.02480617181154,61.989296691599705,63.76562351234651,52.00705143170562,0
225.0,600.0,640.8002808988149,40.773132108354964,59.990610311214475,61.628357362543404,50.38187120978472,0
250.0,600.0,650.0,39.598126364766294,57.93723345717861,59.49386863299782,48.76767991097245,0
275.0,600.0,660.0189391222043,38.4968463283021,55.9091100478331,57.33681928569044,47.202978188067604,0
300.0,600.0,670.820393249937,37.48417980819366,54.02894685426799,55.25124243965184,45.75656333123082,0
325.0,600.0,682.367203197809,36.55587040150229,52.221811580575334,53.60417016927245,44.38884099103881,0
350.0,600.0,694.6221994724903,35.70855514343637,50.41833652828654,51.80422665642754,43.06344583586146,0
375.0,600.0,707.5485849042453,34.93998402395625,48.681467370277986,50.066105300921535,41.81072569711712,0
400.0,600.0,721.1102550927978,34.258381201181386,47.0280806281756,48.48064672502204,40.6432309146785,0
425.0,600.0,735.2720584926371,33.67123735133366,45.4109128777737,46.78837448947968,39.54107511455368,0
450.0,600.0,750.0,33.20173961421136,43.9139103430481,45.129393043119116,38.55782497862973,0
475.0,600.0,765.2613932506983,32.85563942946364,42.56840269136843,43.563733836753414,37.712021060416035,0
500.0,600.0,781.0249675906655,32.61940656671297,41.328386224951245,42.40201903478474,36.97389639583211,0
525.0,600.0,797.2609359550987,32.486971147052174,40.12476376438562,41.35050089419343,36.3058674557189,0
550.0,600.0,813.9410298049853,32.48782896235906,38.98923183247645,40.06031606745744,35.738530397417755,0
575.0,600.0,831.0385069297331,32.620815718625565,38.30263880724277,39.306789097721285,35.46172726293417,0
600.0,600.0,848.5281374238571,32.88126265724728,38.51364744103547,40.98419275645187,35.69745504914137,0
625.0,600.0,866.3861725581728,33.25969753662016,39.5367000101225,42.73536633140198,36.398198773371334,0
650.0,600.0,884.5903006477066,33.77487111127387,41.20291298103303,44.560357066903435,37.48889204615345,0
675.0,600.0,903.1195934094221,34.45394110295919,42.942534469060874,46.45921190168395,38.69823778601003,0
700.0,600.0,921.9544457292888,35.27347416383256,44.75558286040224,48.43197753616844,40.0145285121174,0
725.0,600.0,941.0765112359356,36.26174886593287,46.64207098636205,50.478700491011594,41.451909926147465,0
750.0,600.0,960.4686356149273,37.43120134610418,48.60200717780454,52.59942715736044,43.016604261954356,0
775.0,600.0,980.114789195633,38.695170572367566,50.63539619573451,54.79420383950993,44.66528338405104,0
800.0,600.0,1000.0,40.03330836772053,52.74224004061157,57.06307679071041,46.38777420416605,0
0.0,625.0,625.0,54.37349512739763,79.6845643323916,82.01689889312944,67.02902972989462,0
25.0,625.0,625.4998001598402,52.61462886065308,77.09009852404243,79.4102814922044,64.85236369234775,0
50.0,625.0,626.9968101992226,50.922792966276745,74.5908303048664,76.97709230444603,62.75681163557157,0
75.0,625.0,629.4839156007085,49.30027985982335,72.2410010024948,74.39545314084285,60.77064043115907,0
100.0,625.0,632.9494450586081,47.74721178928776,69.98269300196111,71.98382332387133,58.864952395624435,0
125.0,625.0,637.3774391990981,46.25669876061862,67.75783555381997,69.74192648889331,57.007267157219296,0
150.0,625.0,642.7480066091221,44.82863000233261,65.59714154734847,67.5056513219966,55.212885774840544,0
175.0,625.0,649.0377492873585,43.470666950409786,63.523592391813736,65.06428018785111,53.497129671111765,0
200.0,625.0,656.2202374203343,42.19038513586123,61.54088323950311,63.223191892756184,51.86563418768217,0
225.0,625.0,664.2665127793211,40.98503693679045,59.59017717823678,61.12659615755615,50.28760705751361,0
250.0,625.0,673.145600891813,39.85447195382712,57.61646478207313,59.128770249637775,48.735468367950126,0
275.0,625.0,682.8250141873832,38.79576567156694,55.676457748069105,57.027806239806026,47.23611170981802,0
300.0,625.0,693.2712311931024,37.82165322218425,53.88421112076454,55.32467073222769,45.85293217147439,0
325.0,625.0,704.4501401802686,36.92572626960326,52.13008597403716,53.52885951751966,44.52790612182021,0
350.0,625.0,716.3274390947201,36.10914656411427,50.388825879900864,51.82301944887673,43.24898622200757,0
375.0,625.0,728.8689868556626,35.368426379062385,48.71758248027007,50.02935968711747,42.043004429666226,0
400.0,625.0,742.0411039827915,34.711371983059976,47.129546306407754,48.54838919629732,40.92045914473387,0
425.0,625.0,755.8108228915487,34.144742910192164,45.5747836994497,46.906913352822855,39.85976330482093,0
450.0,625.0,770.1460900374682,33.691191159244674,44.12302461112388,45.31428025615506,38.907107885184274,0
475.0,625.0,785.0159234053791,33.35639197504128,42.827465502436176,43.80972347354746,38.09192873873873,0
500.0,625.0,800.3905296791061,33.12493827788215,41.63164048377232,42.530249473154996,37.37828938082724,0
525.0,625.0,816.2413858657254,32.994812984493564,40.479791940209324,41.63986325900517,36.737302462351444,0
550.0,625.0,832.5412902673356,32.993769348308135,39.371278456470826,40.465759610613944,36.18252390238948,0
575.0,625.0,849.2643875731515,33.119533988042946,38.62728247782536,39.44649590563645,35.87340823293415,0
600.0,625.0,866.3861725581728,33.36905269854897,38.77042677545556,41.056572778919154,36.069739737002266,0
625.0,625.0,883.8834764831844,33.73356737782832,39.67637698992739,42.737426026709684,36.70497218387786,0
650.0,625.0,901.7344398435716,34.22894265975242,41.275998071629374,44.48909948341391,37.7524703656909,0
675.0,625.0,919.9184746487049,34.88235304259381,42.946035698570654,46.31163667660553,38.91419437058224,0
700.0,625.0,938.416218956173,35.671552594050596,44.686511469180296,48.205080886714654,40.17903203161545,0
725.0,625.0,957.2094859538323,36.62437193689881,46.49744157545838,50.16947519995571,41.560906756178596,0
750.0,625.0,976.2812094883318,37.75298792142594,48.37883772042634,52.20486255464191,43.065912820926144,0
775.0,625.0,995.6153875869938,38.9721327935236,50.33070794407178,54.31128578124019,44.65142036879769,0
25.0,650.0,650.4805915628843,52.42936838130207,76.0730978975555,78.34369548277536,64.25123313942879,0
50.0,650.0,651.9202405202649,50.80271134163827,73.6955561504947,75.98560676184792,62.249133746066484,0
75.0,650.0,654.31261641512,49.243499316730464,71.4550150608524,73.54248932313433,60.349257188791434,0
100.0,650.0,657.6473218982952,47.7500688459385,69.2925582840942,71.31665916235401,58.52131356501635,0
125.0,650.0,661.9101147436863,46.314593748842896,67.13777173623663,69.11924252056119,56.72618274253976,0
150.0,650.0,667.0832032063167,44.93948950357253,65.05082551144004,66.84820194768191,54.995157507506285,0
175.0,650.0,673.145600891813,43.6337332556308,63.05937645938448,64.50728439360665,53.34655485750764,0
200.0,650.0,680.0735254367721,42.40091023912062,61.1663472434275,62.78314969137824,51.78362874127406,0
225.0,650.0,687.8408246098802,41.23921973431973,59.27479699267268,60.70667930142555,50.257008363496205,0
250.0,650.0,696.419413859206,40.14999187585569,57.3841929100015,58.81337906632008,48.767092392928596,0
275.0,650.0,705.7797106746552,39.12983763646763,55.525320148854895,56.8483514717585,47.327578892661265,0
300.0,650.0,715.8910531638177,38.190318688667716,53.79911828168476,55.19318931721125,45.994718485176236,0
325.0,650.0,726.7220926874317,37.32543932347744,52.09688115623417,53.39578121261878,44.7111602398558,0
350.0,650.0,738.24115301167,36.53731624064698,50.41500988753652,51.77731078887007,43.47616306409175,0
375.0,650.0,750.4165509901817,35.82266220958952,48.80719086901478,50.05437224242015,42.31492653930215,0
400.0,650.0,763.2168761236874,35.18816576489999,47.27885327237033,48.62162330579225,41.23350951863516,0
425.0,650.0,776.6112283504533,34.64055237732822,45.78260826847919,47.07492867086906,40.2115803229037,0
450.0,650.0,790.5694150420949,34.20166278232493,44.38171550242363,45.542687833032815,39.29168914237428,0
475.0,650.0,805.0621094052309,33.87545982924115,43.120183508598195,44.09377891394775,38.49782166891967,0
500.0,650.0,820.0609733428363,33.64873379847013,41.96247445670205,42.98706943170668,37.80560412758609,0
525.0,650.0,835.5387483534201,33.520876069398966,40.848724573179716,41.989297607255615,37.184800321289345,0
550.0,650.0,851.46931829632,33.519186777668565,39.78425602018311,40.85837547923024,36.65172139892584,0
575.0,650.0,867.8277478854891,33.63845045351932,38.995693968306696,39.82359708533337,36.31707221091301,0
600.0,650.0,884.5903006477066,33.877251556907886,39.07842969284653,41.19069977045489,36.4778406248772,0
625.0,650.0,901.7344398435716,34.22865347727223,39.8805279411009,42.806677950497104,37.05459070918657,0
650.0,650.0,919.2388155425118,34.70696700578163,41.410128620899904,44.49071305584462,38.058547813340766,0
675.0,650.0,937.0832406995656,35.33680284566044,43.01597434602673,46.242845568569635,39.17638859584359,0
700.0,650.0,955.24865872714,36.097983900782666,44.689501166696836,48.06311572226718,40.393742533739754,0
725.0,650.0,973.7171047075224,37.01802195598917,46.430727854239926,49.951563549209894,41.724374905114544,0
750.0,650.0,992.4716620639604,38.10884933171918,48.23966879848153,51.9082289223576,43.17425906510036,0
25.0,675.0,675.4628043053148,52.31517345155977,75.18692913078064,77.5819927765914,63.75105129117021,0
50.0,675.0,676.8493185340442,50.74900102115689,72.92309899263844,75.12632307937628,61.836050006897665,0
75.0,675.0,679.1538853603063,49.24817107210167,70.78124604654802,72.94844977313122,60.014708559324845,0
100.0,675.0,682.367203197809,47.80927457107671,68.7119648885931,70.74183262750189,58.26061972983491,0
125.0,675.0,686.476510887299,46.42483847114471,66.61728934140746,68.46958126186787,56.52106390627608,0
150.0,675.0,691.4658342969666,45.099451315553054,64.59890996265362,66.30317915259772,54.84918063910334,0
175.0,675.0,697.3162840490677,43.841796427315906,62.684931369513116,64.4363690768314,53.26336389841451,0
200.0,675.0,704.0063920164362,42.652375204995565,60.86634933975412,62.43399414009654,51.759362272374844,0
225.0,675.0,711.5124735378854,41.5312928299287,59.04045411292148,60.40282181628827,50.28587347142509,0
250.0,675.0,719.8090024443984,40.4794740409656,57.226043939941825,58.63172602728021,48.85275899045371,0
275.0,675.0,728.8689868556626,39.49567413516783,55.44387928993635,56.738876902215644,47.46977671255209,0
300.0,675.0,738.6643351347078,38.58842972332997,53.77260544019235,55.13354472649512,46.180517581761166,0
325.0,675.0,749.1662031885849,37.752420609827624,52.12063828621186,53.330943296319326,44.93652944801974,0
350.0,675.0,760.3453162872775,36.990750722873,50.49551579981944,51.79237820957604,43.743133261346216,0
375.0,675.0,772.172260574025,36.30012709357797,48.94443781795586,50.134193303670045,42.622282455766914,0
400.0,675.0,784.6177413237608,35.686452248436844,47.47085538605889,48.69975001610021,41.57865381724787,0
425.0,675.0,797.6528066771908,35.15655263376734,46.0297561687177,47.286952686512095,40.593154401242515,0
450.0,675.0,811.2490369793976,34.729277069007146,44.68251105703045,45.80993051987117,39.7058940630188,0
475.0,675.0,825.3787009609589,34.411632447511295,43.448239182189425,44.41193795171621,38.92993581485036,0
500.0,675.0,840.0148808205721,34.19024737166024,42.31828517863149,43.49689958350704,38.254266275145866,0
525.0,675.0,855.1315688243535,34.06464433843845,41.24095530290437,42.37644978533015,37.652799820671405,0
550.0,675.0,870.7037383633999,34.06081369804368,40.20721937976453,41.20178460127807,37.134016538904106,0
575.0,675.0,886.70739254841,34.175714681457336,39.40656242815309,40.25417464752011,36.791138554805215,0
600.0,675.0,903.1195934094221,34.40467543912785,39.43036514546141,41.37968858537855,36.917520292294626,0
625.0,675.0,919.9184746487049,34.74271367600706,40.139676293457946,42.935628001442716,37.441194984732505,0
650.0,675.0,937.0832406995656,35.20511436247493,41.59852887916344,44.557068457640085,38.401821620819184,0
675.0,675.0,954.5941546018391,35.81487548837616,43.14497014745891,46.24404770128602,39.47992281791754,0
700.0,675.0,972.4325169388362,36.55008165544403,44.75654168457744,47.996603235550936,40.65331167001074,0
725.0,675.0,990.5806378079475,37.43969757067405,46.43326416694601,49.814772360927535,41.93648086881003,0
50.0,700.0,701.78344238091,50.75449606170355,72.26078587651976,74.38508598687004,61.507640969111655,0
75.0,700.0,704.0063920164362,49.30744174531435,70.22494944036349,72.32580220094759,59.76619559283892,0
100.0,700.0,707.1067811865476,47.91900351520833,68.22039122879676,70.16318798879023,58.069697372002544,0
125.0,700.0,711.0731326663946,46.582521362644506,66.19694946722834,68.097383929592,56.389735414936425,0
150.0,700.0,715.8910531638177,45.30328300765086,64.23674158526305,65.85793939172845,54.770012296456954,0
175.0,700.0,721.5434844830907,44.088056396362006,62.38181838418039,64.00934136901894,53.2349373902712,0
200.0,700.0,728.0109889280518,42.93924342031625,60.62897926170325,62.165903000862265,51.78411134100975,0
225.0,700.0,735.2720584926371,41.85608093206576,58.876602594050105,60.309657418921184,50.36634176305793,0
250.0,700.0,743.3034373659252,40.840641672015025,57.13395565412833,58.51827215923081,48.98729866307168,0
275.0,700.0,752.0804478245661,39.89056300541998,55.42170044992648,56.69193055458524,47.65613172767323,0
300.0,700.0,761.5773105863908,39.012050788999645,53.788624005727996,55.06278616494434,46.40033739736382,0
325.0,700.0,771.7674520216566,38.20397299528384,52.195271030533824,53.32681771370264,45.19962201290883,0
350.0,700.0,782.6237921249264,37.46699360734533,50.624591681511056,51.86725192143061,44.04579264442819,0
375.0,700.0,794.1190087134296,36.79861643054576,49.124352360740346,50.26294089522797,42.961484395643055,0
400.0,700.0,806.2257748298549,36.20403986369135,47.701181606079956,48.78225668920016,41.95261073488565,0
425.0,700.0,818.91696770796,35.688679380302624,46.314842086087275,47.53836319276476,41.00176073319495,0
450.0,700.0,832.1658488546619,35.273399902795894,45.01445711025251,46.112042149707655,40.143928506524205,0
475.0,700.0,845.9462157844315,34.964402256434255,43.81264225629248,44.76083902278862,39.388522256363366,0
500.0,700.0,860.2325267042627,34.74757685919636,42.70050025692136,43.89002625021651,38.72403855805886,0
525.0,700.0,875.0,34.62421694869544,41.65041664925639,42.690176707795956,38.13731679897592,0
550.0,700.0,890.2246907382428,34.61879307842539,40.6487583156498,41.64918709112609,37.63377569703759,0
575.0,700.0,905.883546599672,34.72809984531236,39.830410394204044,40.70490020326605,37.279255119758204,0
600.0,700.0,921.9544457292888,34.94934013437903,39.81902084958665,41.61764130929897,37.38418049198284,0
625.0,700.0,938.416218956173,35.27522738085525,40.45044998629497,43.11785682695284,37.862838683575106,0
650.0,700.0,955.24865872714,35.72223313232513,41.83539403687087,44.68120242147668,38.778813584598,0
675.0,700.0,972.4325169388362,36.31268268086036,43.326700657753534,46.307713371935904,39.81969166930695,0
700.0,700.0,989.9494936611666,37.02541366360502,44.88077101806066,47.997424721709294,40.95309234083284,0
100.0,725.0,731.8640584152223,48.07395275428083,67.80765005153705,69.68648874912205,57.940801402908946,0
125.0,725.0,735.6969484781081,46.7819552296519,65.8479521031613,67.65966268779266,56.3149536664066,0
150.0,725.0,740.3546447480423,45.54551821034494,63.94531246157158,65.71178544565902,54.745415335958256,0
175.0,725.0,745.8216945088149,44.369215354106394,62.14948193564619,63.66884913903193,53.2593486448763,0
200.0,725.0,752.0804478245661,43.25883003673468,60.455578455690905,61.96210049847544,51.85720424621279,0
225.0,725.0,759.1113225344488,42.21040942880729,58.765022307118045,60.15883666168653,50.48771586796266,0
250.0,725.0,766.8930825088984,41.22876535676805,57.08399388317788,58.25548367372226,49.15637961997297,0
275.0,725.0,775.4031209635411,40.31166266932942,55.45264046760635,56.70111726072946,47.88215156846789,0
300.0,725.0,784.6177413237608,39.4599310240475,53.854768724982854,55.051517083258325,46.65734987451518,0
325.0,725.0,794.5124291035352,38.67777104266531,52.315576022750314,53.41498125173621,45.49667353270782,0
350.0,725.0,805.0621094052309,37.963926903963355,50.79732186406221,52.015312260076755,44.38062438401278,0
375.0,725.0,816.2413858657254,37.315404292942645,49.34274935334377,50.44798352695526,43.32907682314321,0
400.0,725.0,828.0247580839597,36.73713925567873,47.96609285849427,48.96012298147199,42.3516160570865,0
425.0,725.0,840.3868156985806,36.23713532265687,46.63438208196951,47.825223177223116,41.435758702313194,0
450.0,725.0,853.3024082938006,35.83333378176486,45.37520605937982,46.445638804336355,40.604269920572335,0
475.0,725.0,866.7467911679859,35.53238756073678,44.200881162662235,45.137606688312644,39.86663436169951,0
500.0,725.0,880.6957476904269,35.31967260230721,43.116820280088064,44.25453922411539,39.218246441197635,0
525.0,725.0,895.1256894984078,35.198243220450635,42.08295512750173,43.09208106804114,38.640599173976184,0
550.0,725.0,910.0137361600648,35.191804805061295,41.10800925762238,42.1165323688497,38.14990703134184,0
575.0,725.0,925.3377761660873,35.29601848037249,40.28221253397469,41.174304949974285,37.78911550717359,0
600.0,725.0,941.0765112359356,35.50861701977024,40.22374559319568,41.89947642424057,37.86618130648296,0
625.0,725.0,957.2094859538323,35.82393312615074,40.79208715118338,43.34783381628773,38.30801013866706,0
650.0,725.0,973.7171047075224,36.25681033897315,42.11572206656162,44.857115899397236,39.186266202767385,0
675.0,725.0,990.5806378079475,36.82930837884015,43.55571809155641,46.427355714902184,40.19251323519828,0
125.0,750.0,760.3453162872775,47.01885218349558,65.5739035672522,67.30765846417945,56.29637787537389,0
150.0,750.0,764.8529270389178,45.82089807047092,63.71514844529204,65.37762431920729,54.76802325788148,0
175.0,750.0,770.1460900374682,44.68304103383202,61.97868860382347,63.4059025799192,53.33086481882775,0
200.0,750.0,776.2087348130012,43.60838610400167,60.33803910677357,61.81345916022163,51.973212605387616,0
225.0,750.0,783.0229881682912,42.59274937215946,58.70827011245875,60.057724954620056,50.650509742309104,0
250.0,750.0,790.5694150420949,41.64243630230804,57.08340261675816,58.248037106329896,49.3629194595331,0
275.0,750.0,798.8272654335228,40.756429760893546,55.53056681918383,56.77645365643344,48.14349829003869,0
300.0,750.0,807.7747210701756,39.92982868093914,53.96607253855872,55.11847878838365,46.94795060974893,0
325.0,750.0,817.3891362135907,39.17168762153426,52.47707783632882,53.657241100112614,45.82438272893154,0
350.0,750.0,827.6472678623425,38.478213801938395,51.009479049690704,52.205650585475645,44.74384642581455,0
375.0,750.0,838.5254915624212,37.84810102516036,49.596121762744175,50.68942015152676,43.72211139395227,0
400.0,750.0,850.0,37.286420787831574,48.262369138478036,49.24219315645631,42.774394963154805,0
425.0,750.0,862.0469824783333,36.80086608104986,46.982502166146915,48.14415527670494,41.89168412359839,0
450.0,750.0,874.642784226795,36.40780139234588,45.76138347379836,46.80781188822829,41.08459243307212,0
475.0,750.0,887.7640452282352,36.11436968538191,44.61407828581606,45.53976232794629,40.36422398559898,0
500.0,750.0,901.3878188659974,35.90553010542042,43.55320275837521,44.644042830928,39.729366431897816,0
525.0,750.0,915.4916711800278,35.785937809596845,42.54506276220021,43.516317799516486,39.16550028589853,0
550.0,750.0,930.0537618869137,35.77867734939077,41.59735144777425,42.60231092578093,38.68801439858251,0
575.0,750.0,945.05290857179,35.878201431846634,40.76956663428384,41.65592474945851,38.32388403306524,0
600.0,750.0,960.4686356149273,36.082757088204694,40.664435345919635,42.220792260003456,38.373596217062165,0
625.0,750.0,976.2812094883318,36.38729272240109,41.172886493822006,43.62076842972889,38.78008960811155,0
650.0,750.0,992.4716620639604,36.80654070406446,42.4351793320288,45.07961274249632,39.62086001804663,0
150.0,775.0,789.3826701923472,46.128514392947764,63.55522231297353,65.11826890441984,54.841868352960645,0
175.0,775.0,794.5124291035352,45.02650750789725,61.872886591504724,63.46819285765182,53.44969704970099,0
200.0,775.0,800.3905296791061,43.98461374245335,60.27448539238816,61.60899963335808,52.12954956742075,0
225.0,775.0,807.0006195784487,43.00065700162023,58.702505260438556,60.01633503977913,50.85158113102939,0
250.0,775.0,814.3248737451165,42.07956588411831,57.12986624776666,58.29112043599707,49.60471606594248,0
275.0,775.0,822.3442101699263,41.22065894321695,55.63025041137545,56.81144506838264,48.4254546772962,0
300.0,775.0,831.0385069297331,40.41885318229414,54.118239325677564,55.274853305941036,47.26854625398585,0
325.0,775.0,840.3868156985806,39.6818745461009,52.67397894792608,53.85072253215622,46.17792674701349,0
350.0,775.0,850.3675675847475,39.00896263759739,51.25740631755583,52.43422710429369,45.133184477576606,0
375.0,775.0,860.9587678861283,38.39669970158944,49.88110102565192,50.96539903353869,44.13890036362068,0
400.0,775.0,872.1381771256204,37.850545733566655,48.58725381581581,49.56264126748907,43.21889977469123,0
425.0,775.0,883.8834764831844,37.378644569731556,47.357375229115036,48.49224266806435,42.3680098994233,0
450.0,775.0,896.1724164467461,36.995667330490775,46.170781000184824,47.19604386758519,41.583224165337796,0
475.0,775.0,908.9829481348921,36.70926761844342,45.05496270731877,45.98654475491373,40.88211516288109,0
500.0,775.0,922.2933372848358,36.50410055624805,44.008106406296356,45.056498102134384,40.256103481272206,0
525.0,775.0,936.0822613424527,36.38626732496196,43.02447619637089,43.96115407691971,39.705371760666424,0
550.0,775.0,950.3288904374107,36.37775769200148,42.10442620381221,42.92458718927446,39.241091947906845,0
575.0,775.0,965.0129532809391,36.473562585573504,41.28504594606146,42.14167727676985,38.87930426581748,0
600.0,775.0,980.114789195633,36.67062616347471,41.13561285635399,42.57775696432038,38.90311950991435,0
625.0,775.0,995.6153875869938,36.964919513040755,41.58572319231909,43.932490404336455,39.275321352679924,0
175.0,800.0,818.91696770796,45.39621081357354,61.81657107368323,63.364828960756576,53.606390943628384,0
200.0,800.0,824.6211251235321,44.385734517441016,60.25762435346127,61.55624113880139,52.321679435451145,0
225.0,800.0,831.0385069297331,43.43185396760895,58.74295160445466,60.036117011022306,51.0874027860318,0
250.0,800.0,838.1527307120105,42.53730434222027,57.21900693703388,58.380076899568905,49.878155639627074,0
275.0,800.0,845.9462157844315,41.70168651762714,55.75767456102329,56.95529672116442,48.729680539325216,0
300.0,800.0,854.4003745317531,40.9251181867528,54.30753359622686,55.469984920740735,47.61632589148983,0
325.0,800.0,863.4958019585272,40.20885286981142,52.90438147818888,54.04132830670569,46.55661717400015,0
350.0,800.0,873.212459828649,39.55493741440174,51.53281182759513,52.57891587612813,45.54387462099844,0
375.0,800.0,883.5298523536146,38.95991671841965,50.19492843254129,51.2728141596429,44.57742257548047,0
400.0,800.0,894.4271909999159,38.42833365232808,48.93844093036941,49.91145222397191,43.683387291348744,0
425.0,800.0,905.883546599672,37.96939869688263,47.75615274044514,48.866950216859955,42.86277571866388,0
450.0,800.0,917.8779875342909,37.59589347770456,46.60154511942978,47.60814133941798,42.09871929856717,0
475.0,800.0,930.3897032964197,37.31611748942832,45.515825283669045,46.526198125374165,41.415971386548684,0
500.0,800.0,943.3981132056604,37.11444654995263,44.480170463212396,45.49011861888024,40.79730850658251,0
525.0,800.0,956.8829604502318,36.99830648986791,43.52200399998467,44.42506418573367,40.26015524492629,0
550.0,800.0,970.8243919473799,36.98828917116097,42.62153602499794,43.41637721397641,39.804912598079454,0
575.0,800.0,985.2030247619016,37.08114395118028,41.816847893895826,42.66415734890175,39.44899592253805,0
600.0,800.0,1000.0,37.27120835905711,41.62910638091236,42.96701917221223,39.45015736998474,0
225.0,825.0,855.1315688243535,43.88263655942582,58.82543475252893,60.11813420328931,51.35403565597737,0
250.0,825.0,862.0469824783333,43.013543990809296,57.34699857255854,58.51083099195099,50.180271281683915,0
275.0,825.0,869.6263565463044,42.200538491931084,55.92026306253408,57.09897969607306,49.06040077723259,0
300.0,825.0,877.8524933039719,41.44619193333427,54.515913104185785,55.56860212357061,47.98105251876002,0
325.0,825.0,886.70739254841,40.75138440910452,53.16658351081608,54.267817323938054,46.9589839599603,0
350.0,825.0,896.1724164467461,40.11503867143042,51.83441755259096,52.87151193867173,45.974728112010695,0
375.0,825.0,906.2284480195929,39.536614702939474,50.537565659837256,51.60895386419633,45.037090181388365,0
400.0,825.0,916.8560410446124,39.0187432427315,49.31539142174308,50.286237108977936,44.167067332237295,0
425.0,825.0,928.0355596635293,38.57165216668095,48.171745913488365,49.100350865734995,43.37169904008466,0
450.0,825.0,939.747306460625,38.207572734197115,47.053268805856085,48.04218146395276,42.6304207700266,0
475.0,825.0,951.9716382329885,37.93393588029779,45.99334818258754,47.03465753166521,41.96364203144266,0
500.0,825.0,964.6890690787369,37.735726449623634,44.978055050318126,45.943328953970365,41.35689074997088,0
525.0,825.0,977.8803607803973,37.62122320915816,44.03398193312962,44.90669578603166,40.827602571143885,0
550.0,825.0,991.526600752597,37.60982069784575,43.15169326844876,43.924220095622665,40.38075698314725,0
250.0,850.0,886.0022573334675,43.50726846746953,57.50661419236924,58.723405683210125,50.506941329919385,0
275.0,850.0,893.3784192602819,42.71605302838308,56.11660280129615,57.28086504320833,49.41632791483961,0
300.0,850.0,901.3878188659974,41.981981937641635,54.75211066838371,55.794899819553194,48.36704630301267,0
325.0,850.0,910.0137361600648,41.30744953159692,53.44988024506252,54.52711660591002,47.37866488832972,0
350.0,850.0,919.2388155425118,40.688446865576026,52.16268440450884,53.20991127924301,46.42556563504243,0
375.0,850.0,929.0452088031024,40.12578098283912,50.911285406197486,51.97143822176801,45.5185331945183,0
400.0,850.0,939.4147114027968,39.620875102450285,49.716448241415776,50.68489588618172,44.66866167193303,0
425.0,850.0,950.3288904374107,39.184558380481235,48.602965774787904,49.49514947923683,43.89376207763457,0
450.0,850.0,961.7692030835673,38.82989106497756,47.52348956304064,48.49646878379997,43.1766903140091,0
475.0,850.0,973.7171047075224,38.561838851539505,46.485495248981245,47.47725429954241,42.52366705026037,0
500.0,850.0,986.154146165801,38.367181481114,45.49201094688214,46.41473124439125,41.92959621399807,0
525.0,850.0,999.0620601344043,38.25426621687923,44.55991046989932,45.40484280745152,41.407088343389276,0
300.0,875.0,925.0,42.53196272565473,55.01683211835411,56.05340236151973,48.77439742200442,0
325.0,875.0,933.4077351297235,41.874752883009606,53.73979138337126,54.816521072464276,47.80727213319044,0
350.0,875.0,942.4038412485382,41.27402912789272,52.51409643708374,53.563069404317574,46.89406278248823,0
375.0,875.0,951.9716382329885,40.726394144666564,51.30727763252704,52.32113775402925,46.0168358885968,0
400.0,875.0,962.0940702446928,40.233867097933654,50.13768195726039,51.10678084750519,45.18577452759702,0
425.0,875.0,972.753822917186,39.80774922555645,49.05243892325176,49.952238036845976,44.43009407440411,0
450.0,875.0,983.9334327077213,39.46211493794966,48.010855379967175,48.96950017699988,43.736485158958416,0
475.0,875.0,995.6153875869938,39.199389841067905,46.99348953301424,47.93846506616539,43.09643968704107,0
350.0,900.0,965.6603957913983,41.86824958787066,52.86048742548294,53.82868741710723,47.3643685066768,0
375.0,900.0,975.0,41.33671606857902,51.714136954526246,52.731054667062075,46.52542651155264,0
400.0,900.0,984.8857801796105,40.85696600711877,50.57940060461172,51.553737082771356,45.718183305865246,0
425.0,900.0,995.3014618697191,40.44052586207788,49.518883024076416,50.426919917909785,44.979704443077146,0
375.0,-250.0,450.6939094329987,35.297134140127625,61.79861152261352,64.81409179628149,48.54787283137057,1
400.0,-250.0,471.6990566028302,33.720492157183415,57.795135684246006,60.77453690860402,45.75781392071471,1
325.0,-275.0,425.73465914816,37.846257604071084,66.72485378996214,69.50471426757437,52.28555569701661,0
350.0,-275.0,445.1123453691214,36.02905928794233,62.64600761780522,65.5877668216278,49.33753345287377,1
375.0,-275.0,465.02688094345683,34.40132317967944,58.81238205873387,61.52398532569825,46.60685261920665,1
400.0,-275.0,485.41219597368996,32.98111472883946,55.373584794863106,58.28783329110033,44.17734976185128,1
425.0,-275.0,506.2114182829147,31.77402418532145,52.187962566817085,54.7239725594596,41.980993376069264,1
450.0,-275.0,527.3755777432247,30.802929403311087,49.08866973931786,51.26882853386067,39.945799571314474,1
275.0,-300.0,406.97051490249265,40.76529572248985,71.40292369390593,73.92603096168322,56.08410970819789,0
300.0,-300.0,424.26406871192853,38.758332978533396,67.5153098963507,69.96263030552626,53.13682143744205,0
325.0,-300.0,442.2951503238533,36.91620092307931,63.627587280854684,66.32999191687217,50.27189410196699,0
350.0,-300.0,460.9772228646444,35.25512511508407,59.94312937805744,62.404111671720685,47.59912724657076,0
375.0,-300.0,480.23431780746364,33.775683205394145,56.570307212435424,59.06937937325335,45.172995208914784,0
400.0,-300.0,500.0,32.47525594395451,53.491365912074706,56.09360302575807,42.9833109280146,0
425.0,-300.0,520.2163011671203,31.365703380011304,50.495235739299524,52.909124579005756,40.930469559655414,0
450.0,-300.0,540.8326913195984,30.476009524314833,47.6871859967397,49.907338267281006,39.081597760527266,1
475.0,-300.0,561.8051263561058,29.81673184661485,44.98103288382117,47.203276985591906,37.398882365218014,0
250.0,-325.0,410.03048667141815,41.793457054733764,72.0453800674709,74.29092020858995,56.91941856110233,0
275.0,-325.0,425.73465914816,39.79007915532388,68.42058684679279,70.85517522283722,54.105333001058334,0
300.0,-325.0,442.2951503238533,37.93649784195071,64.72280083617567,67.33144043328393,51.32964933906319,0
325.0,-325.0,459.6194077712559,36.23771939078775,61.13906383362769,63.39209799240865,48.688391612207724,0
350.0,-325.0,477.62432936357,34.715475195863796,57.83302149443588,59.8552694961961,46.27424834514984,0
375.0,-325.0,496.2358310319802,33.35442294020484,54.85165163140251,57.44163728210331,44.10303728580368,0
400.0,-325.0,515.3882032022076,32.15187024139135,51.955703598609645,54.2768409379496,42.0537869200005,0
425.0,-325.0,535.0233639758175,31.12489652986583,49.196128004327534,51.548824727209244,40.16051226709668,0
450.0,-325.0,555.0900827793629,30.303255812452853,46.575323811092886,48.808175009709664,38.439289811772866,0
475.0,-325.0,575.5432216610669,29.691098701193557,44.032785967859375,46.1415163058363,36.86194233452647,0
500.0,-325.0,596.3430220938282,29.279802810217504,41.62975987078588,43.34976377587379,35.4547813405017,0
525.0,-325.0,617.4544517614235,29.07482883706133,39.61188474422344,41.39450916561649,34.34335679064238,1
200.0,-350.0,403.11288741492746,45.043196756703225,76.25543621652882,78.79235595120832,60.64931648661602,0
225.0,-350.0,416.08292442733097,42.90810342765688,72.7602392316411,75.13734827215302,57.83417132964899,0
250.0,-350.0,430.11626335213134,40.92098241452203,69.38066408125387,71.6864824792679,55.15082324788795,0
275.0,-350.0,445.1123453691214,39.05514000011951,65.87741963801288,68.16185700164515,52.466279819066195,0
300.0,-350.0,460.9772228646444,37.33339356521124,62.38883424442789,64.64526053816253,49.86111390481956,0
325.0,-350.0,477.62432936357,35.764955258630735,59.16869262262789,61.155133318871705,47.46682394062931,0
350.0,-350.0,494.9747468305833,34.358381534395846,56.24803941913713,58.73996997424745,45.30321047676649,0
375.0,-350.0,512.9571132170797,33.09202020855916,53.43406996554086,55.86177611189063,43.26304508705001,0
400.0,-350.0,531.5072906367325,31.972255486148754,50.73240925889865,53.01376895711526,41.352332372523705,0
425.0,-350.0,550.567888638631,31.01359392305537,48.1498934320891,50.15886432671899,39.581743677572234,0
450.0,-350.0,570.087712549569,30.252643336409392,45.72055682628509,47.80232017547712,37.98660008134724,0
475.0,-350.0,590.0211860602973,29.6779459480378,43.28944952372393,45.14851174164944,36.48369773588087,0
500.0,-350.0,610.3277807866851,29.299025301695238,41.09494995745847,42.61394206593911,35.19698762957685,0
525.0,-350.0,630.9714732061981,29.108912847446845,39.16760248855064,40.909399444284624,34.138257667998744,0
550.0,-350.0,651.9202405202649,29.1443776257246,38.36600969011262,40.94402615764017,33.75519365791861,1
575.0,-350.0,673.145600891813,29.39457199366782,38.93781148596951,43.70229463097991,34.166191739818665,0
150.0,-375.0,403.8873605350878,48.47646375722814,80.27492633711438,82.96942634403291,64.37569504717126,0
175.0,-375.0,413.82363393117123,46.234101729071355,76.91358937918837,79.51291205841443,61.57384555412986,0
200.0,-375.0,425.0,44.11112069373691,73.57770753469536,75.97566571177687,58.844414114216136,0
225.0,-375.0,437.3213921133975,42.115759421516984,70.31742691313343,72.48144996150884,56.21659316732521,0
250.0,-375.0,450.6939094329987,40.259825322891,67.0840884162105,69.33397032293601,53.671956869550755,0
275.0,-375.0,465.02688094345683,38.514332016886044,63.71282932213442,65.95356889827701,51.11358066951023,0
300.0,-375.0,480.23431780746364,36.91304553000145,60.55264365878617,62.59393917449263,48.73284459439381,0
325.0,-375.0,496.2358310319802,35.455799310704506,57.65350303025405,59.45014722656871,46.554651170479275,0
350.0,-375.0,512.9571132170797,34.141532557103204,54.93580877940721,57.170711913232154,44.53867066825521,0
375.0,-375.0,530.3300858899106,32.95717470750532,52.26983283786061,54.40509834167998,42.61350377268296,0
400.0,-375.0,548.2928049865327,31.906074070408444,49.741573711806375,51.87053008983637,40.82382389110741,0
425.0,-375.0,566.7892024377317,31.010367294477113,47.3419490219636,49.07241982752547,39.17615815822036,0
450.0,-375.0,585.768725692999,30.29475322043993,45.00397993212248,47.000451441698075,37.64936657628121,0
475.0,-375.0,605.1859218455102,29.759131069365285,42.73916370955103,44.518872089059656,36.24914738945816,0
500.0,-375.0,625.0,29.406814642202228,40.71894539313953,42.206209916381056,35.06288001767088,0
525.0,-375.0,645.174395028197,29.228621288019305,38.90744181178081,40.55078657074941,34.068031549900056,0
550.0,-375.0,665.6763477847173,29.26040397031164,37.90491699162353,39.898010672308786,33.58266048096758,1
575.0,-375.0,686.476510887299,29.492812550417927,38.30079496500147,42.470823665336745,33.8968037577097,0
600.0,-375.0,707.5485849042453,29.923872708686932,40.08835582316994,45.16258808938261,35.00611426592844,0
125.0,-400.0,419.0763653560052,49.698976671844285,80.96810288519016,83.70719712578651,65.33353977851722,0
150.0,-400.0,427.20018726587654,47.48757120764118,77.67857728217236,80.17081990521689,62.58307424490677,0
175.0,-400.0,436.6062299143245,45.37840256985984,74.44281807988395,76.92786835610642,59.9106103248719,0
200.0,-400.0,447.21359549995793,43.38390363601174,71.29743554638263,73.544748597028,57.340669591197184,0
225.0,-400.0,458.93899376714546,41.517736665043316,68.25008475954735,70.2843313583454,54.88391071229533,0
250.0,-400.0,471.6990566028302,39.77084844676607,65.10000548338034,67.30753873365585,52.435426965073205,0
275.0,-400.0,485.41219597368996,38.13623927806449,61.968984887504725,64.06030550553047,50.052612082784606,0
300.0,-400.0,500.0,36.64041641541252,59.1054067629758,60.95441704027054,47.87291158919416,0
325.0,-400.0,515.3882032022076,35.277137596366536,56.44352328803236,58.69122377486535,45.86033044219945,0
350.0,-400.0,531.5072906367325,34.04076885116542,53.85124366537826,55.961015013926634,43.94600625827184,0
375.0,-400.0,548.2928049865327,32.92547104965332,51.344331557395144,53.465350220077774,42.13490130352423,0
400.0,-400.0,565.685424949238,31.93542416213431,48.96124039950413,50.82813452348777,40.448332280819216,0
425.0,-400.0,583.6308764964376,31.0965497547737,46.72379856769517,48.66662237327668,38.91017416123444,0
450.0,-400.0,602.0797289396148,30.418678813399076,44.4693176535825,46.412427208777935,37.44399823349079,0
475.0,-400.0,620.987117418711,29.917612907710854,42.34331804773975,44.09783232730708,36.1304654777253,0
500.0,-400.0,640.3124237432849,29.587440339206857,40.46610573075939,41.938551253495994,35.02677303498312,0
525.0,-400.0,660.0189391222043,29.418173826528296,38.783561189474966,40.326936040100634,34.10086750800163,0
550.0,-400.0,680.0735254367721,29.445536095250176,37.65434267498224,39.093095607430406,33.549939385116204,1
575.0,-400.0,700.446286306095,29.66296889873949,37.876208355316315,41.50385826929237,33.7695886270279,0
600.0,-400.0,721.1102550927978,30.064958434496937,39.29772889115537,44.02598626348894,34.68134366282615,0
625.0,-400.0,742.0411039827915,30.647915457900574,41.689104097666245,46.65958045998588,36.16850977778341,0
650.0,-400.0,763.2168761236874,31.427906548664417,44.19137579268085,49.404741996132564,37.809641170672634,0
75.0,-425.0,431.5669125408017,53.22971285216775,85.02266225579397,87.70735054830581,69.12618755398086,0
100.0,-425.0,436.6062299143245,50.96513272288955,81.80435621489424,84.51513716559174,66.3847444688919,0
125.0,-425.0,443.00112866673373,48.78329304362351,78.51770032211617,80.83779929713327,63.65049668286984,0
150.0,-425.0,450.6939094329987,46.696571835486296,75.36808358153843,77.84406942339629,61.03232770851236,0
175.0,-425.0,459.6194077712559,44.710000409961246,72.32752571463644,74.66442346854629,58.518763062298845,0
200.0,-425.0,469.7073557013984,42.83258072152567,69.37163587190568,71.39644402087636,56.10210829671568,0
225.0,-425.0,480.88460154178364,41.07872858128349,66.48883674370175,68.59636401289421,53.78378266249263,0
250.0,-425.0,493.0770730829005,39.4269346201344,63.42559033353241,65.55038193978491,51.42626247683341,0
275.0,-425.0,506.2114182829147,37.892975958216546,60.57216239183183,62.51565566715693,49.23256917502419,0
300.0,-425.0,520.2163011671203,36.48898193947478,57.947765964312,59.6043651488429,47.21837395189339,0
325.0,-425.0,535.0233639758175,35.201462234745414,55.42602333920252,57.39182626832336,45.31374278697397,0
350.0,-425.0,550.567888638631,34.032715517465405,52.946244441683525,54.92518971454305,43.48947997957447,0
375.0,-425.0,566.7892024377317,32.97959460242311,50.58952571164697,52.57339853686537,41.784560157035045,0
400.0,-425.0,583.6308764964376,32.0466380735817,48.357943727533794,50.00802538906319,40.20229090055774,0
425.0,-425.0,601.0407640085654,31.251910742193605,46.21180530477982,47.98048135654044,38.731858023486716,0
450.0,-425.0,618.9709201569974,30.612026754189603,44.090665990466775,45.98266304292348,37.35134637232819,0
475.0,-425.0,637.3774391990981,30.140470375017365,42.09140939220211,43.81225272868446,36.11593988360974,0
500.0,-425.0,656.2202374203343,29.828801994091695,40.315459003162246,41.84712714132039,35.07213049862697,0
525.0,-425.0,675.4628043053148,29.664605421855853,38.74478932266317,40.21237215278208,34.20469737225952,0
550.0,-425.0,695.0719387228922,29.68995967889795,37.539747856089406,38.69144125140936,33.61485376749368,0
575.0,-425.0,715.0174823037546,29.892760941174597,37.61057118223805,40.75445495351361,33.751666061706324,0
600.0,-425.0,735.2720584926371,30.269650792672326,38.71874631086602,43.12709367799985,34.49419855176917,0
625.0,-425.0,755.8108228915487,30.81761027789218,40.95221542089831,45.60450972837565,35.88491284939525,0
650.0,-425.0,776.6112283504533,31.548793572981218,43.306482730104186,48.186792998310736,37.4276381515427,0
675.0,-425.0,797.6528066771908,32.494922783889194,45.76499503131352,50.87403355544112,39.129958907601356,0
700.0,-425.0,818.91696770796,33.62680750321249,48.327712574872834,53.66632171504117,40.97726003904266,0
25.0,-450.0,450.6939094329987,56.825483842391165,89.09213145412001,92.11016457529145,72.95880764825559,0
50.0,-450.0,452.76925690687085,54.501118957343124,85.83334322000518,88.72728013285816,70.16723108867416,0
75.0,-450.0,456.20718977236646,52.263730892189756,82.67430259282268,85.0194162910663,67.46901674250623,0
100.0,-450.0,460.9772228646444,50.1134725003742,79.48451554394782,81.94174007928144,64.79899402216101,0
125.0,-450.0,467.0385423067351,48.05080632715719,76.39391423336251,78.9556339331202,62.22236028025985,0
150.0,-450.0,474.3416490252569,46.07568393953822,73.37141725068405,75.67094843614325,59.723550595111135,0
175.0,-450.0,482.83019789569914,44.19823710868993,70.52756329985873,72.74968690787858,57.362900204274325,0
200.0,-450.0,492.44289008980525,42.42890520690946,67.74194744056722,69.5785386799347,55.08542632373834,0
225.0,-450.0,503.1152949374527,40.766321442988044,64.927992193391,67.0640499051794,52.847156818189525,0
250.0,-450.0,514.78150704935,39.20715977479102,62.073603850101286,64.08980515494831,50.64038181244615,0
275.0,-450.0,527.3755777432247,37.76149288352005,59.469495316429885,61.23150900515302,48.61549409997497,0
300.0,-450.0,540.8326913195984,36.43505149696479,57.0007822958826,59.04282112682927,46.717916896423695,0
325.0,-450.0,555.0900827793629,35.21304992105278,54.57702974120988,56.5593671318485,44.89503983113133,0
350.0,-450.0,570.087712549569,34.10617611286037,52.24783424639353,53.932752979739575,43.177005179626946,0
375.0,-450.0,585.768725692999,33.10790568454885,49.9968008581318,51.777723551419655,41.55235327134032,0
400.0,-450.0,602.0797289396148,32.226110005000535,47.89778497770354,49.72449993748777,40.061947491352036,0
425.0,-450.0,618.9709201569974,31.46892108044641,45.822427383951556,47.597163280814186,38.645674232198985,0
450.0,-450.0,636.3961030678928,30.863382752412086,43.82921730108769,45.53771983615956,37.34630002674989,0
475.0,-450.0,654.31261641512,30.417730087617194,41.95598549273732,43.63858654953778,36.18685779017726,0
500.0,-450.0,672.6812023536855,30.118957086372312,40.27510650700906,41.875958057767136,35.19703179669069,0
525.0,-450.0,691.4658342969666,29.961384938106818,38.77476413959025,40.187929928415166,34.36807453884853,0
550.0,-450.0,710.6335201775947,29.984853873115206,37.54647994054053,38.75743651377213,33.76566690682787,0
575.0,-450.0,730.1540933255117,30.173977613834122,37.46641346325866,40.186158198131345,33.82019553854639,0
600.0,-450.0,750.0,30.52916188939441,38.34448198666034,42.426067874452045,34.43682193802738,0
625.0,-450.0,770.1460900374682,31.04575363078375,40.39368732209147,44.76482229140372,35.719720476437615,0
650.0,-450.0,790.5694150420949,31.732004853085492,42.61654941141081,47.20250202166287,37.17427713224815,0
675.0,-450.0,811.2490369793976,32.62699515922016,44.9377871601483,49.73918766627325,38.782391159684224,0
700.0,-450.0,832.1658488546619,33.700142710634694,47.357373538536315,52.374959938920256,40.52875812458551,0
725.0,-450.0,853.3024082938006,34.98393497607511,49.87527965862416,55.1098997270799,42.429607317349635,0
0.0,-475.0,475.0,58.08720356119564,89.85516423944382,92.76106136080483,73.97118390031973,0
25.0,-475.0,475.6574397610112,55.80325558215625,86.7069132926218,89.54295549762635,71.25508443738903,0
50.0,-475.0,477.62432936357,53.59765600960094,83.59988670906863,86.08020493560572,68.59877135933479,0
75.0,-475.0,480.88460154178364,51.47233978193151,80.55235195916734,83.15113262548468,66.01234587054942,0
100.0,-475.0,485.41219597368996,49.42811010603501,77.46104822236079,79.93682103853679,63.4445791641979,0
125.0,-475.0,491.1720676097125,47.47110957706414,74.50304310760856,76.94790917557678,60.98707634233635,0
150.0,-475.0,498.1214711292819,45.602249771683454,71.70994120489833,74.08418778968775,58.65609548829089,0
175.0,-475.0,506.2114182829147,43.822104043881836,68.99537956954745,71.03557603163186,56.408741806714644,0
200.0,-475.0,515.3882032022076,42.14792944903201,66.35107172681307,68.4326798369747,54.24950058792254,0
225.0,-475.0,525.594901040716,40.56595730586916,63.6183473680014,65.71241285514293,52.092152336935285,0
250.0,-475.0,536.7727638395972,39.09078370504757,60.99529038638236,62.899814061341736,50.04303704571497,0
275.0,-475.0,548.8624600025037,37.72274274661857,58.56688667867197,60.196073472231205,48.14481471264527,0
300.0,-475.0,561.8051263561058,36.46162996797641,56.19808923987571,57.99891872400988,46.32985960392606,0
325.0,-475.0,575.5432216610669,35.29824224188384,53.867825930946665,55.60797765749069,44.58303408641525,0
350.0,-475.0,590.0211860602973,34.249810554001044,51.698809631865814,53.53880234499404,42.97431009293343,0
375.0,-475.0,605.1859218455102,33.30042397194728,49.55162753446081,51.152601226546004,41.426025753204044,0
400.0,-475.0,620.987117418711,32.460113175830415,47.52410888677777,49.24574543369273,39.99211103130409,0
425.0,-475.0,637.3774391990981,31.739430973917706,45.546411609986556,47.22053949906277,38.642921291952135,0
450.0,-475.0,654.31261641512,31.164239477800304,43.666200733723166,45.099633748075426,37.41522010576173,0
475.0,-475.0,671.7514421272201,30.739001305033035,41.90644117860265,43.55860258535768,36.322721241817845,0
500.0,-475.0,689.6557112066861,30.453423704045903,40.31816366109999,41.92592434695824,35.385793682572945,0
525.0,-475.0,707.9901129253147,30.301576643769884,38.881688468763144,40.238938852113044,34.59163255626652,0
550.0,-475.0,726.7220926874317,30.322697695284393,37.66288398148981,38.87929881847672,33.9927908383871,0
575.0,-475.0,745.8216945088149,30.500212549717467,37.439346115423454,39.770226677344446,33.96977933257046,0
600.0,-475.0,765.2613932506983,30.836061406096384,38.1196288749171,41.891499276612336,34.477845140506744,0
625.0,-475.0,785.0159234053791,31.320398441341354,39.98526379740813,44.10631896296401,35.65283111937474,0
650.0,-475.0,805.0621094052309,31.97026156043435,42.09068454308887,46.41475848234022,37.03047305176161,0
675.0,-475.0,825.3787009609589,32.81949743280642,44.289225842459004,48.81689049586933,38.55436163763271,0
700.0,-475.0,845.9462157844315,33.838892922002685,46.58087190682814,51.31278766897529,40.20988241441542,0
725.0,-475.0,866.7467911679859,35.06075956789343,48.96560360972755,53.902522739235806,42.01318158881049,0
750.0,-475.0,887.7640452282352,36.49816252795921,51.44340008500441,56.58616856695743,43.97078130648181,0
775.0,-475.0,908.9829481348921,38.057704714030706,54.0044275908854,59.04980217558372,46.03106615245805,0
0.0,-500.0,500.0,57.13142772687044,87.62539396138793,90.28903148528637,72.37841084412918,0
25.0,-500.0,500.62460986251966,54.958358515763614,84.62717388460888,87.33504405956323,69.79276620018625,0
50.0,-500.0,502.4937810560445,52.85840683482578,81.6525317382296,84.16861772354916,67.25546928652768,0
75.0,-500.0,505.5937104039171,50.82891247321175,78.62249522015954,81.1705651047467,64.72570384668565,0
100.0,-500.0,509.9019513592785,48.88625144249998,75.69853317010039,78.23125552184396,62.29239230630019,0
125.0,-500.0,515.3882032022076,47.02658103379431,72.88976585383743,75.17634808540838,59.958173443815866,0
150.0,-500.0,522.0153254455275,45.2502631623756,70.2683362849761,72.51469563789286,57.75929972367585,0
175.0,-500.0,529.7405025104273,43.561048884019876,67.68906754525851,69.57484362269274,55.625058214639196,0
200.0,-500.0,538.5164807134504,41.96578706826676,65.1173122225617,67.18492666357582,53.54154964541423,0
225.0,-500.0,548.2928049865327,40.4618582346599,62.556669183667516,64.57507945261855,51.509263709163704,0
250.0,-500.0,559.0169943749474,39.06210810029742,60.130689800096555,61.90776738005242,49.596398950196985,0
275.0,-500.0,570.6356105256664,37.76281293463873,57.82967223851664,59.710273383305406,47.79624258657769,0
300.0,-500.0,583.09518948453,36.556504228022796,55.51906722064162,57.319299833118464,46.03778572433221,0
325.0,-500.0,596.3430220938282,35.44998217563878,53.3333293661172,54.837297113065134,44.39165577087799,0
350.0,-500.0,610.3277807866851,34.45107422983159,51.25370447440534,52.985064522866345,42.852389352118465,0
375.0,-500.0,625.0,33.54745516895886,49.22084674353737,50.94117710456433,41.38415095624812,0
400.0,-500.0,640.3124237432849,32.743947320226056,47.25511950191406,48.86034196108317,39.99953341107006,0
425.0,-500.0,656.2202374203343,32.0563216184876,45.36951181322624,46.96143371104862,38.71291671585692,0
450.0,-500.0,672.6812023536855,31.505776789952918,43.58771842556591,44.95548287920094,37.546747607759414,0
475.0,-500.0,689.6557112066861,31.100317927195103,41.9303652216731,43.55798638530079,36.5153415744341,0
500.0,-500.0,707.1067811865476,30.8264096790539,40.42655583912129,41.99390199637986,35.626482759087594,0
525.0,-500.0,725.0,30.679601181506104,39.04960045130493,40.353987929641086,34.86460081640552,0
550.0,-500.0,743.3034373659252,30.697200564723836,37.82921584196601,39.054953617395604,34.263208203344924,0
575.0,-500.0,761.9875327064085,30.865813075813048,37.493061848886875,39.48369550170425,34.17943746234996,0
600.0,-500.0,781.0249675906655,31.182061201976637,38.03425960885872,41.49829241952533,34.60816040541768,0
625.0,-500.0,800.3905296791061,31.6390527247847,39.70436579625777,43.601677007821884,35.67170926052123,0
650.0,-500.0,820.0609733428363,32.25636487127308,41.704201260849935,45.79391536165934,36.9802830660615,0
675.0,-500.0,840.0148808205721,33.064551837756675,43.79242569201744,48.07507340654068,38.42848876488706,0
700.0,-500.0,860.2325267042627,34.03573758353829,45.969032985851705,50.445216987861016,40.002385284694995,0
725.0,-500.0,880.6957476904269,35.20133200594371,48.23401266352197,52.904411941520934,41.71767233473284,0
750.0,-500.0,901.3878188659974,36.5745987866526,50.58735141921981,55.45272414875683,43.58097510293621,0
775.0,-500.0,922.2933372848358,38.06320535942683,53.02903436109204,58.09021957793318,45.54611986025944,0
800.0,-500.0,943.3981132056604,39.641244597400394,55.51938394092331,60.3738477717793,47.58031426916185,0
825.0,-500.0,964.6890690787369,41.312071698419125,58.081871820440824,63.195245793957525,49.69697175942997,0
0.0,-525.0,525.0,56.33638050636745,85.68268426649468,88.27054520290386,71.00953238643106,0
25.0,-525.0,525.594901040716,54.26315556274099,82.77735521032986,85.34952399026447,68.52025538653542,0
50.0,-525.0,527.3755777432247,52.253316215832626,79.85267858189586,82.35194313376077,66.05299739886425,0
75.0,-525.0,530.3300858899106,50.31817551723339,76.94498841472478,79.24591258121706,63.63158196597908,0
100.0,-525.0,534.4389581607987,48.46919728627609,74.17857099957878,76.57019935402512,61.32388414292744,0
125.0,-525.0,539.6758286230726,46.6983760783378,71.54118944774427,73.66276223943217,59.11978276304104,0
150.0,-525.0,546.0082416960389,45.004537234083,69.02667294093722,71.12550250934328,57.01560508751011,0
175.0,-525.0,553.3985905294663,43.3967087229327,66.56939460367417,68.61663414721242,54.983051663303435,0
200.0,-525.0,561.8051263561058,41.872874156347464,64.09650678624142,66.06405839928587,52.98469047129444,0
225.0,-525.0,571.1829829397931,40.44107553221866,61.698868719962526,63.62115378959774,51.06997212609059,0
250.0,-525.0,581.4851674806504,39.10895870054599,59.42052104960388,61.08458979765303,49.26473987507494,0
275.0,-525.0,592.663479556485,37.86627740593654,57.19146858793151,58.94550174101961,47.52887299693403,0
300.0,-525.0,604.6693311223912,36.71289655068117,54.973321452764736,56.58789345053517,45.84310900172295,0
325.0,-525.0,617.4544517614235,35.65888966296394,52.92050118237403,54.38684039017425,44.289695422668984,0
350.0,-525.0,630.9714732061981,34.70409470414728,50.918158491789285,52.53214553054477,42.81112659796828,0
375.0,-525.0,645.174395028197,33.84003929642208,48.97214709084898,50.626569370265244,41.40609319363553,0
400.0,-525.0,660.0189391222043,33.071417679066926,47.079802210541004,48.58580118842399,40.075609944803965,0
425.0,-525.0,675.4628043053148,32.411504205383025,45.27762229587012,46.80177442308336,38.84456325062657,0
450.0,-525.0,691.4658342969666,31.88418047518048,43.581600107993566,44.89759830906229,37.732890291587026,0
475.0,-525.0,707.9901129253147,31.49684303955744,42.024795198400184,43.625352918587,36.760819118978816,0
500.0,-525.0,725.0,31.233202060301842,40.58986323647738,42.07737533287491,35.91153264838961,0
525.0,-525.0,742.4621202458749,31.090912147486662,39.260592857860416,40.524069166077126,35.17575250267354,0
550.0,-525.0,760.3453162872775,31.10487079626924,38.051280045670495,39.24203934898184,34.57807542096987,0
575.0,-525.0,778.6205751198719,31.265667406311543,37.62372456666221,39.307994573958425,34.44469598648688,0
600.0,-525.0,797.2609359550987,31.562305132934124,38.037447106066125,41.226155382373776,34.79987611950013,0
625.0,-525.0,816.2413858657254,31.99638112678072,39.532734909361004,43.228804683547075,35.76455801807086,0
650.0,-525.0,835.5387483534201,32.58436841176702,41.43713536907117,45.31600285832592,37.010751890419094,0
675.0,-525.0,855.1315688243535,33.35553505106738,43.425643178253765,47.487810057489085,38.39058911466057,0
700.0,-525.0,875.0,34.283288421965224,45.49826038604242,49.74428628825481,39.89077440400382,0
725.0,-525.0,895.1256894984078,35.39812261753754,47.654983994571325,52.085491484583535,41.52655330605443,0
750.0,-525.0,915.4916711800278,36.71310392319741,49.89580741193885,54.51148556351199,43.30445566756813,0
775.0,-525.0,936.0822613424527,38.137327988058935,52.22072165017902,57.02232846963804,45.17902481911898,0
800.0,-525.0,956.8829604502318,39.647595533135956,54.612830996095546,59.18647103247572,47.13021326461575,0
825.0,-525.0,977.8803607803973,41.24288351438056,57.05274146545164,61.87100712065993,49.1478124899161,0
850.0,-525.0,999.0620601344043,42.92585120908604,59.57499497224598,64.6422271585743,51.25042309066601,0
0.0,-550.0,550.0,55.680876887194884,83.94493687854906,86.36282877530701,69.81290688287197,0
25.0,-550.0,550.567888638631,53.6929803638311,81.08817427817883,83.41480165363132,67.39057732100497,0
50.0,-550.0,552.268050859363,51.770355032972844,78.24714706104119,80.63674736652493,65.00875104700702,0
75.0,-550.0,555.0900827793629,49.92410034387201,75.48921814425334,77.98748023242709,62.70665924406268,0
100.0,-550.0,559.0169943749474,48.158946073082575,72.87310416602661,75.25529891046148,60.51602511955459,0
125.0,-550.0,564.0257086339238,46.46931545637314,70.38268140314484,72.65422792095741,58.42599842975899,0
150.0,-550.0,570.087712549569,44.85116778551767,67.96321471925715,69.93674411884018,56.407191252387406,0
175.0,-550.0,577.1698190307598,43.31267626703593,65.5711670298567,67.51132544453215,54.44192164844631,0
200.0,-550.0,585.2349955359813,41.85840398722245,63.256943416043235,65.15753540503485,52.557673701632844,0
225.0,-550.0,594.2432162002357,40.49216823746646,61.010214827209175,62.82536992365773,50.75119153233781,0
250.0,-550.0,604.1522986797286,39.22057241117433,58.83836538558564,60.572856519701574,49.02946889837999,0
275.0,-550.0,614.9186938124421,38.02700552589085,56.65437420283134,58.36588302153361,47.340689864361096,0
300.0,-550.0,626.4982043070834,36.924110651186965,54.5561046172344,56.001789255364024,45.74010763421069,0
325.0,-550.0,638.8466169590318,35.916825596558034,52.60580195760407,54.22513345558313,44.26131377708106,0
350.0,-550.0,651.9202405202649,35.002546186686004,50.68118899258737,52.28906098941053,42.84186758963669,0
375.0,-550.0,665.6763477847173,34.172880896258256,48.79947311669888,50.35960389117958,41.48617700647857,0
400.0,-550.0,680.0735254367721,33.435093565819116,46.99428389136478,48.40616931672786,40.21468872859195,0
425.0,-550.0,695.0719387228922,32.801461197618536,45.25947775863851,46.727126912905966,39.03046947812852,0
450.0,-550.0,710.6335201775947,32.295353437346336,43.6382512377379,44.91363003563628,37.96680233754212,0
475.0,-550.0,726.7220926874317,31.923269744329723,42.161481392233995,43.37903180229778,37.042375568281855,0
500.0,-550.0,743.3034373659252,31.66991844984924,40.80199014246653,42.17869566114702,36.235954296157885,0
525.0,-550.0,760.3453162872775,31.53175377841244,39.50930998650182,40.74197285653689,35.52053188245713,0
550.0,-550.0,777.8174593052023,31.54233179168582,38.32915131501683,39.47361384518626,34.93574155335133,0
575.0,-550.0,795.6915231419774,31.69177460648534,37.80483712923886,39.227945367528285,34.7483058678621,0
600.0,-550.0,813.9410298049853,31.974659032682943,38.130138118763185,41.05850304438614,35.05239857572306,0
625.0,-550.0,832.5412902673356,32.38796836115061,39.455447692319254,42.96964665919063,35.92170802673493,0
650.0,-550.0,851.46931829632,32.94939738923358,41.273168418189556,44.96143163371713,37.11128290371157,0
675.0,-550.0,870.7037383633999,33.68698994195594,43.171104516688025,47.03391311931139,38.42904722932198,0
700.0,-550.0,890.2246907382428,34.575370484891714,45.149264748042555,49.187146078188675,39.86231761646714,0
725.0,-550.0,910.0137361600648,35.64415472340741,47.2076524462718,51.42118535117253,41.4259035848396,0
750.0,-550.0,930.0537618869137,36.906221787993,49.34626684984071,53.736085713407036,43.126244318916854,0
775.0,-550.0,950.3288904374107,38.272090048417,51.565104226205094,56.131901919596324,44.918597137311046,0
800.0,-550.0,970.8243919473799,39.72065460727853,53.864158808562216,58.608688740259055,46.79240670792038,0
825.0,-550.0,991.526600752597,41.24785035328579,56.1949048430788,60.74923475719204,48.7213775981823,0
0.0,-575.0,575.0,55.14526413732963,82.3798329160749,84.86826377860825,68.76254852670226,0
25.0,-575.0,575.5432216610669,53.23699827324519,79.59687827588697,82.0839899873439,66.41693827456608,0
50.0,-575.0,577.1698190307598,51.39593590872066,76.84628208969224,79.14254939940372,64.12110899920646,0
75.0,-575.0,579.8706752371601,49.630583630986195,74.23066426937257,76.61723837235672,61.93062395017938,0
100.0,-575.0,583.6308764964376,47.94240790077176,71.75892562709303,73.99420458273804,59.850666763932395,0
125.0,-575.0,588.430114796991,46.325092975587935,69.36513172001422,71.55047472997933,57.84511234780108,0
150.0,-575.0,594.2432162002357,44.77808036312411,67.0523067061983,69.12714625876404,55.9151935346612,0
175.0,-575.0,601.0407640085654,43.30292838714416,64.76045952119651,66.54839081509766,54.031693954170336,0
200.0,-575.0,608.789783094296,41.91182243677254,62.55565129902984,64.42399592917863,52.233736867901186,0
225.0,-575.0,617.4544517614235,40.60572663738037,60.45002978186896,62.166883167829354,50.52787820962467,0
250.0,-575.0,626.9968101992226,39.38503389339748,58.34146548126893,59.947000836755905,48.86324968733321,0
275.0,-575.0,637.3774391990981,38.23878730535655,56.2285676515302,57.79188126530564,47.233677478443376,0
300.0,-575.0,648.5560885536423,37.18313952836989,54.249383266796315,55.54055254561905,45.716261397583104,0
325.0,-575.0,660.4922406811453,36.21737106403302,52.37363530823185,53.86648134099152,44.295503186132436,0
350.0,-575.0,673.145600891813,35.33888131708602,50.51139992416598,51.9911404037644,42.925140620625996,0
375.0,-575.0,686.476510887299,34.54034061597655,48.70579097632429,50.17288010608261,41.623065796150414,0
400.0,-575.0,700.446286306095,33.83189405749702,46.98056043163961,48.419100376762934,40.40622724456831,0
425.0,-575.0,715.0174823037546,33.22251524059558,45.30455459977903,46.72583202570766,39.263534920187304,0
450.0,-575.0,730.1540933255117,32.73556741143693,43.75049943371285,44.99360723432505,38.24303342257489,0
475.0,-575.0,745.8216945088149,32.377112871792846,42.344770776853665,43.3605210523984,37.360941824323255,0
500.0,-575.0,761.9875327064085,32.13332095416534,41.05359744809855,42.4198738295738,36.59345920113195,0
525.0,-575.0,778.6205751198719,31.998984885747518,39.802721909306655,41.095414538179455,35.90085339752709,0
550.0,-575.0,795.6915231419774,32.00344321895416,38.644008904294196,39.74440466054294,35.32372606162418,0
575.0,-575.0,813.1727983645296,32.14423638982929,38.028018860445854,39.23102049122781,35.08612762513757,0
600.0,-575.0,831.0385069297331,32.415706193482606,38.29620634097606,40.98164768182064,35.35595626722933,0
625.0,-575.0,849.2643875731515,32.81011701382444,39.460187704302975,42.80930247256545,36.13515235906371,0
650.0,-575.0,867.8277478854891,33.347378314976154,41.19883227303893,44.71403594225114,37.27310529400754,0
675.0,-575.0,886.70739254841,34.05438503594722,43.01413987771955,46.695898875201365,38.53426245683339,0
700.0,-575.0,905.883546599672,34.90686529384661,44.90612467551497,48.7549418359487,39.90649498468079,0
725.0,-575.0,925.3377761660873,35.933644760164555,46.87479524660442,50.89121523285765,41.40422000338449,0
750.0,-575.0,945.05290857179,37.14740959489227,48.92015578868255,53.104769371650825,43.03378269178741,0
775.0,-575.0,965.0129532809391,38.46009336611011,51.04220714933724,55.39565449990785,44.75115025772367,0
800.0,-575.0,985.2030247619016,39.8509775271842,53.24094770560599,57.76392084362881,46.545962616395094,0
0.0,-600.0,600.0,54.711875717573065,80.95270292385491,83.22754381767352,67.83228932071398,0
25.0,-600.0,600.5206074732157,52.88028916489387,78.25798557214574,80.65707783812954,65.5691373685198,0
50.0,-600.0,602.0797289396148,51.11763794340786,75.64395426678404,78.11728467741773,63.380796105095946,0
75.0,-600.0,604.6693311223912,49.42626220665939,73.1607803242911,75.42709085508095,61.29352126547524,0
100.0,-600.0,608.276253029822,47.80850755477012,70.80311522714405,72.91108882720712,59.30581139095708,0
125.0,-600.0,612.8825336065631,46.25722511688567,68.49111810796904,70.57478504511019,57.37417161242736,0
150.0,-600.0,618.4658438426491,44.773004685294175,66.26433619099357,68.2904140143787,55.51867043814387,0
175.0,-600.0,625.0,43.35820177759096,64.0861241621262,65.73920625938986,53.72216296985858,0
200.0,-600.0,632.4555320336759,42.02480617181155,61.98929669159968,63.765623512346615,52.00705143170561,0
225.0,-600.0,640.8002808988149,40.77313210835497,59.99061031121445,61.628357362543404,50.38187120978471,0
250.0,-600.0,650.0,39.5981263647663,57.93723345717864,59.49386863299771,48.767679910972475,0
275.0,-600.0,660.0189391222043,38.4968463283021,55.90911004783311,57.336819285690545,47.202978188067604,0
300.0,-600.0,670.820393249937,37.48417980819366,54.02894685426798,55.251242439651634,45.75656333123082,0
325.0,-600.0,682.367203197809,36.555870401502304,52.221811580575334,53.60417016927245,44.38884099103882,0
350.0,-600.0,694.6221994724903,35.70855514343637,50.41833652828656,51.80422665642763,43.063445835861465,0
375.0,-600.0,707.5485849042453,34.93998402395624,48.68146737027799,50.066105300921734,41.81072569711712,0
400.0,-600.0,721.1102550927978,34.25838120118138,47.0280806281756,48.48064672502194,40.64323091467849,0
425.0,-600.0,735.2720584926371,33.67123735133365,45.41091287777373,46.78837448947968,39.54107511455369,0
450.0,-600.0,750.0,33.20173961421135,43.913910343048094,45.129393043119116,38.557824978629725,0
475.0,-600.0,765.2613932506983,32.855639429463636,42.568402691368405,43.5637338367536,37.71202106041602,0
500.0,-600.0,781.0249675906655,32.619406566712954,41.32838622495122,42.40201903478456,36.973896395832085,0
525.0,-600.0,797.2609359550987,32.48697114705215,40.124763764385605,41.35050089419344,36.30586745571888,0
550.0,-600.0,813.9410298049853,32.487828962359046,38.98923183247644,40.06031606745753,35.73853039741775,0
575.0,-600.0,831.0385069297331,32.62081571862554,38.30263880724276,39.30678909772132,35.46172726293415,0
600.0,-600.0,848.5281374238571,32.881262657247255,38.513647441035424,40.984192756451826,35.69745504914134,0
625.0,-600.0,866.3861725581728,33.25969753662015,39.536700010122495,42.73536633140184,36.39819877337132,0
650.0,-600.0,884.5903006477066,33.77487111127385,41.20291298103301,44.560357066903535,37.48889204615343,0
675.0,-600.0,903.1195934094221,34.45394110295918,42.942534469060895,46.45921190168398,38.69823778601004,0
700.0,-600.0,921.9544457292888,35.273474163832546,44.75558286040225,48.431977536168354,40.014528512117394,0
725.0,-600.0,941.0765112359356,36.26174886593286,46.64207098636203,50.47870049101157,41.451909926147444,0
750.0,-600.0,960.4686356149273,37.43120134610417,48.60200717780453,52.599427157360445,43.01660426195435,0
775.0,-600.0,980.114789195633,38.69517057236756,50.6353961957345,54.79420383950995,44.66528338405103,0
800.0,-600.0,1000.0,40.033308367720515,52.742240040611584,57.063076790710454,46.38777420416605,0
0.0,-625.0,625.0,54.373495127397646,79.68456433239157,82.01689889312934,67.0290297298946,0
25.0,-625.0,625.4998001598402,52.614628860653085,77.09009852404242,79.4102814922044,64.85236369234775,0
50.0,-625.0,626.9968101992226,50.92279296627675,74.59083030486644,76.97709230444624,62.756811635571594,0
75.0,-625.0,629.4839156007085,49.30027985982335,72.24100100249474,74.39545314084253,60.770640431159045,0
100.0,-625.0,632.9494450586081,47.74721178928776,69.9826930019611,71.98382332387123,58.86495239562443,0
125.0,-625.0,637.3774391990981,46.25669876061863,67.75783555381994,69.74192648889331,57.00726715721929,0
150.0,-625.0,642.7480066091221,44.82863000233263,65.59714154734847,67.5056513219966,55.21288577484055,0
175.0,-625.0,649.0377492873585,43.47066695040979,63.52359239181371,65.06428018785101,53.49712967111175,0
200.0,-625.0,656.2202374203343,42.190385135861234,61.54088323950306,63.22319189275628,51.86563418768215,0
225.0,-625.0,664.2665127793211,40.98503693679046,59.59017717823679,61.12659615755615,50.287607057513625,0
250.0,-625.0,673.145600891813,39.854471953827115,57.61646478207308,59.12877024963767,48.7354683679501,0
275.0,-625.0,682.8250141873832,38.795765671566954,55.676457748069105,57.027806239806026,47.23611170981803,0
300.0,-625.0,693.2712311931024,37.82165322218427,53.88421112076454,55.32467073222758,45.85293217147441,0
325.0,-625.0,704.4501401802686,36.92572626960326,52.130085974037144,53.52885951751966,44.5279061218202,0
350.0,-625.0,716.3274390947201,36.10914656411427,50.388825879900864,51.82301944887653,43.24898622200757,0
375.0,-625.0,728.8689868556626,35.3684263790624,48.71758248027006,50.02935968711737,42.043004429666226,0
400.0,-625.0,742.0411039827915,34.71137198305997,47.12954630640779,48.54838919629713,40.92045914473388,0
425.0,-625.0,755.8108228915487,34.14474291019216,45.574783699449696,46.906913352822855,39.85976330482093,0
450.0,-625.0,770.1460900374682,33.69119115924467,44.123024611123896,45.31428025615506,38.90710788518428,0
475.0,-625.0,785.0159234053791,33.35639197504126,42.82746550243618,43.80972347354746,38.09192873873872,0
500.0,-625.0,800.3905296791061,33.12493827788214,41.63164048377233,42.53024947315499,37.37828938082723,0
525.0,-625.0,816.2413858657254,32.99481298449355,40.479791940209296,41.63986325900517,36.73730246235142,0
550.0,-625.0,832.5412902673356,32.99376934830812,39.371278456470826,40.46575961061394,36.18252390238948,0
575.0,-625.0,849.2643875731515,33.119533988042924,38.627282477825375,39.4464959056364,35.87340823293415,0
600.0,-625.0,866.3861725581728,33.36905269854895,38.77042677545555,41.056572778919076,36.06973973700225,0
625.0,-625.0,883.8834764831844,33.733567377828294,39.676376989927384,42.73742602670966,36.70497218387784,0
650.0,-625.0,901.7344398435716,34.228942659752406,41.275998071629395,44.48909948341405,37.7524703656909,0
675.0,-625.0,919.9184746487049,34.88235304259379,42.94603569857066,46.31163667660557,38.91419437058222,0
700.0,-625.0,938.416218956173,35.67155259405058,44.686511469180296,48.205080886714704,40.179032031615435,0
725.0,-625.0,957.2094859538323,36.62437193689878,46.49744157545839,50.169475199955684,41.56090675617858,0
750.0,-625.0,976.2812094883318,37.75298792142593,48.378837720426354,52.20486255464192,43.065912820926144,0
775.0,-625.0,995.6153875869938,38.972132793523585,50.330707944071754,54.31128578124021,44.65142036879767,0
25.0,-650.0,650.4805915628843,52.42936838130208,76.07309789755547,78.34369548277525,64.25123313942878,0
50.0,-650.0,651.9202405202649,50.802711341638286,73.69555615049468,75.98560676184782,62.249133746066484,0
75.0,-650.0,654.31261641512,49.24349931673048,71.45501506085239,73.54248932313412,60.349257188791434,0
100.0,-650.0,657.6473218982952,47.75006884593851,69.29255828409418,71.31665916235391,58.52131356501634,0
125.0,-650.0,661.9101147436863,46.31459374884292,67.13777173623662,69.1192425205615,56.72618274253976,0
150.0,-650.0,667.0832032063167,44.93948950357253,65.05082551144,66.8482019476818,54.99515750750626,0
175.0,-650.0,673.145600891813,43.633733255630816,63.0593764593845,64.50728439360677,53.346554857507655,0
200.0,-650.0,680.0735254367721,42.400910239120634,61.16634724342747,62.78314969137803,51.78362874127405,0
225.0,-650.0,687.8408246098802,41.23921973431975,59.27479699267268,60.70667930142566,50.25700836349621,0
250.0,-650.0,696.419413859206,40.14999187585569,57.3841929100015,58.81337906632008,48.767092392928596,0
275.0,-650.0,705.7797106746552,39.12983763646765,55.525320148854895,56.8483514717585,47.32757889266127,0
300.0,-650.0,715.8910531638177,38.19031868866773,53.79911828168474,55.193189317210944,45.994718485176236,0
325.0,-650.0,726.7220926874317,37.325439323477454,52.096881156234176,53.395781212618886,44.711160239855815,0
350.0,-650.0,738.24115301167,36.53731624064698,50.415009887536506,51.77731078887007,43.47616306409174,0
375.0,-650.0,750.4165509901817,35.82266220958951,48.80719086901475,50.05437224242005,42.31492653930213,0
400.0,-650.0,763.2168761236874,35.18816576489999,47.27885327237032,48.62162330579205,41.23350951863516,0
425.0,-650.0,776.6112283504533,34.64055237732822,45.78260826847921,47.074928670869156,40.211580322903714,0
450.0,-650.0,790.5694150420949,34.20166278232493,44.38171550242362,45.54268783303281,39.291689142374274,0
475.0,-650.0,805.0621094052309,33.87545982924114,43.12018350859818,44.09377891394766,38.497821668919656,0
500.0,-650.0,820.0609733428363,33.64873379847011,41.96247445670205,42.98706943170659,37.80560412758608,0
525.0,-650.0,835.5387483534201,33.52087606939895,40.8487245731797,41.98929760725552,37.18480032128933,0
550.0,-650.0,851.46931829632,33.51918677766855,39.784256020183086,40.85837547923023,36.651721398925815,0
575.0,-650.0,867.8277478854891,33.6384504535193,38.9956939683067,39.82359708533337,36.317072210913,0
600.0,-650.0,884.5903006477066,33.877251556907865,39.078429692846505,41.19069977045486,36.47784062487719,0
625.0,-650.0,901.7344398435716,34.22865347727222,39.88052794110088,42.80667795049707,37.05459070918655,0
650.0,-650.0,919.2388155425118,34.70696700578161,41.4101286208999,44.49071305584465,38.05854781334075,0
675.0,-650.0,937.0832406995656,35.33680284566043,43.01597434602674,46.24284556856973,39.176388595843584,0
700.0,-650.0,955.24865872714,36.09798390078265,44.68950116669682,48.063115722267014,40.39374253373974,0
725.0,-650.0,973.7171047075224,37.018021955989155,46.43072785423992,49.95156354920988,41.72437490511454,0
750.0,-650.0,992.4716620639604,38.108849331719156,48.23966879848153,51.90822892235767,43.174259065100344,0
25.0,-675.0,675.4628043053148,52.31517345155979,75.18692913078058,77.58199277659119,63.751051291170185,0
50.0,-675.0,676.8493185340442,50.7490010211569,72.92309899263842,75.12632307937628,61.83605000689766,0
75.0,-675.0,679.1538853603063,49.248171072101684,70.781246046548,72.9484497731311,60.014708559324845,0
100.0,-675.0,682.367203197809,47.809274571076735,68.71196488859314,70.7418326275021,58.26061972983494,0
125.0,-675.0,686.476510887299,46.42483847114472,66.61728934140746,68.46958126186787,56.52106390627608,0
150.0,-675.0,691.4658342969666,45.09945131555307,64.59890996265358,66.30317915259782,54.849180639103324,0
175.0,-675.0,697.3162840490677,43.84179642731591,62.684931369513095,64.4363690768315,53.263363898414504,0
200.0,-675.0,704.0063920164362,42.652375204995586,60.8663493397541,62.433994140096644,51.759362272374844,0
225.0,-675.0,711.5124735378854,41.53129282992871,59.04045411292147,60.40282181628806,50.28587347142509,0
250.0,-675.0,719.8090024443984,40.479474040965606,57.22604393994184,58.63172602728031,48.85275899045372,0
275.0,-675.0,728.8689868556626,39.49567413516783,55.44387928993635,56.738876902215644,47.46977671255209,0
300.0,-675.0,738.6643351347078,38.588429723329966,53.77260544019235,55.13354472649522,46.18051758176116,0
325.0,-675.0,749.1662031885849,37.752420609827624,52.12063828621188,53.33094329631923,44.936529448019755,0
350.0,-675.0,760.3453162872775,36.990750722873,50.49551579981942,51.79237820957605,43.743133261346216,0
375.0,-675.0,772.172260574025,36.300127093577984,48.94443781795585,50.134193303670145,42.62228245576692,0
400.0,-675.0,784.6177413237608,35.68645224843684,47.47085538605891,48.69975001610011,41.57865381724787,0
425.0,-675.0,797.6528066771908,35.15655263376733,46.029756168717725,47.286952686511995,40.59315440124253,0
450.0,-675.0,811.2490369793976,34.72927706900713,44.68251105703044,45.80993051987117,39.70589406301879,0
475.0,-675.0,825.3787009609589,34.411632447511295,43.44823918218942,44.41193795171612,38.92993581485035,0
500.0,-675.0,840.0148808205721,34.19024737166022,42.318285178631484,43.49689958350704,38.25426627514585,0
525.0,-675.0,855.1315688243535,34.06464433843843,41.24095530290436,42.37644978533015,37.65279982067139,0
550.0,-675.0,870.7037383633999,34.060813698043674,40.20721937976453,41.201784601277986,37.134016538904106,0
575.0,-675.0,886.70739254841,34.17571468145731,39.406562428153066,40.25417464752011,36.79113855480519,0
600.0,-675.0,903.1195934094221,34.40467543912784,39.4303651454614,41.379688585378595,36.917520292294626,0
625.0,-675.0,919.9184746487049,34.74271367600704,40.13967629345792,42.93562800144271,37.441194984732476,0
650.0,-675.0,937.0832406995656,35.205114362474916,41.598528879163425,44.55706845763996,38.40182162081917,0
675.0,-675.0,954.5941546018391,35.81487548837613,43.14497014745889,46.24404770128597,39.47992281791751,0
700.0,-675.0,972.4325169388362,36.55008165544402,44.75654168457745,47.9966032355509,40.65331167001074,0
725.0,-675.0,990.5806378079475,37.43969757067404,46.43326416694599,49.81477236092752,41.936480868810015,0
50.0,-700.0,701.78344238091,50.75449606170357,72.26078587651979,74.38508598687004,61.50764096911168,0
75.0,-700.0,704.0063920164362,49.307441745314364,70.2249494403635,72.32580220094738,59.76619559283893,0
100.0,-700.0,707.1067811865476,47.91900351520833,68.22039122879676,70.16318798879023,58.069697372002544,0
125.0,-700.0,711.0731326663946,46.58252136264452,66.19694946722834,68.09738392959211,56.389735414936425,0
150.0,-700.0,715.8910531638177,45.30328300765089,64.23674158526305,65.85793939172845,54.77001229645697,0
175.0,-700.0,721.5434844830907,44.088056396362006,62.381818384180356,64.00934136901894,53.234937390271185,0
200.0,-700.0,728.0109889280518,42.93924342031626,60.628979261703236,62.165903000862365,51.78411134100975,0
225.0,-700.0,735.2720584926371,41.85608093206577,58.87660259405013,60.30965741892108,50.366341763057946,0
250.0,-700.0,743.3034373659252,40.84064167201504,57.133955654128336,58.51827215923081,48.987298663071684,0
275.0,-700.0,752.0804478245661,39.890563005419985,55.42170044992647,56.69193055458545,47.65613172767323,0
300.0,-700.0,761.5773105863908,39.01205078899965,53.788624005728025,55.06278616494434,46.40033739736384,0
325.0,-700.0,771.7674520216566,38.203972995283834,52.195271030533824,53.32681771370254,45.19962201290883,0
350.0,-700.0,782.6237921249264,37.46699360734534,50.624591681511056,51.86725192143041,44.0457926444282,0
375.0,-700.0,794.1190087134296,36.79861643054577,49.12435236074034,50.26294089522797,42.961484395643055,0
400.0,-700.0,806.2257748298549,36.20403986369135,47.701181606079956,48.78225668920016,41.95261073488565,0
425.0,-700.0,818.91696770796,35.688679380302624,46.314842086087275,47.53836319276466,41.00176073319495,0
450.0,-700.0,832.1658488546619,35.27339990279588,45.01445711025251,46.112042149707655,40.14392850652419,0
475.0,-700.0,845.9462157844315,34.964402256434255,43.81264225629248,44.76083902278872,39.388522256363366,0
500.0,-700.0,860.2325267042627,34.74757685919634,42.700500256921345,43.89002625021659,38.724038558058844,0
525.0,-700.0,875.0,34.62421694869543,41.65041664925638,42.69017670779604,38.1373167989759,0
550.0,-700.0,890.2246907382428,34.61879307842537,40.64875831564978,41.64918709112609,37.63377569703758,0
575.0,-700.0,905.883546599672,34.72809984531234,39.83041039420406,40.70490020326604,37.279255119758204,0
600.0,-700.0,921.9544457292888,34.949340134379014,39.81902084958663,41.61764130929895,37.38418049198282,0
625.0,-700.0,938.416218956173,35.27522738085523,40.45044998629496,43.11785682695282,37.86283868357509,0
650.0,-700.0,955.24865872714,35.722233132325115,41.83539403687086,44.68120242147665,38.778813584597984,0
675.0,-700.0,972.4325169388362,36.312682680860334,43.32670065775353,46.307713371935904,39.819691669306934,0
700.0,-700.0,989.9494936611666,37.02541366360499,44.88077101806067,47.99742472170931,40.95309234083283,0
100.0,-725.0,731.8640584152223,48.07395275428083,67.807650051537,69.68648874912205,57.94080140290892,0
125.0,-725.0,735.6969484781081,46.78195522965192,65.8479521031613,67.65966268779287,56.31495366640661,0
150.0,-725.0,740.3546447480423,45.545518210344966,63.94531246157157,65.71178544565882,54.74541533595827,0
175.0,-725.0,745.8216945088149,44.36921535410641,62.14948193564618,63.66884913903203,53.2593486448763,0
200.0,-725.0,752.0804478245661,43.2588300367347,60.45557845569091,61.96210049847534,51.8572042462128,0
225.0,-725.0,759.1113225344488,42.210409428807296,58.76502230711802,60.15883666168642,50.48771586796266,0
250.0,-725.0,766.8930825088984,41.228765356768065,57.08399388317788,58.25548367372236,49.156379619972974,0
275.0,-725.0,775.4031209635411,40.31166266932943,55.45264046760634,56.70111726072946,47.88215156846788,0
300.0,-725.0,784.6177413237608,39.45993102404751,53.85476872498287,55.051517083258524,46.65734987451519,0
325.0,-725.0,794.5124291035352,38.67777104266531,52.31557602275032,53.41498125173621,45.49667353270782,0
350.0,-725.0,805.0621094052309,37.963926903963355,50.79732186406222,52.01531226007695,44.38062438401279,0
375.0,-725.0,816.2413858657254,37.31540429294265,49.34274935334374,50.44798352695526,43.3290768231432,0
400.0,-725.0,828.0247580839597,36.73713925567873,47.966092858494264,48.96012298147208,42.351616057086495,0
425.0,-725.0,840.3868156985806,36.23713532265686,46.63438208196951,47.82522317722331,41.43575870231319,0
450.0,-725.0,853.3024082938006,35.83333378176486,45.37520605937981,46.445638804336355,40.604269920572335,0
475.0,-725.0,866.7467911679859,35.532387560736765,44.20088116266221,45.137606688312644,39.86663436169949,0
500.0,-725.0,880.6957476904269,35.3196726023072,43.11682028008804,44.25453922411539,39.21824644119762,0
525.0,-725.0,895.1256894984078,35.19824322045062,42.082955127501734,43.09208106804114,38.64059917397618,0
550.0,-725.0,910.0137361600648,35.191804805061274,41.10800925762238,42.11653236884961,38.149907031341826,0
575.0,-725.0,925.3377761660873,35.29601848037247,40.28221253397468,41.1743049499742,37.78911550717358,0
600.0,-725.0,941.0765112359356,35.50861701977022,40.22374559319566,41.899476424240554,37.86618130648294,0
625.0,-725.0,957.2094859538323,35.82393312615073,40.79208715118337,43.347833816287725,38.30801013866704,0
650.0,-725.0,973.7171047075224,36.256810338973125,42.115722066561595,44.85711589939724,39.18626620276736,0
675.0,-725.0,990.5806378079475,36.82930837884014,43.55571809155642,46.42735571490217,40.19251323519828,0
125.0,-750.0,760.3453162872775,47.018852183495596,65.5739035672522,67.30765846417945,56.2963778753739,0
150.0,-750.0,764.8529270389178,45.82089807047093,63.71514844529202,65.3776243192074,54.76802325788148,0
175.0,-750.0,770.1460900374682,44.68304103383203,61.97868860382342,63.4059025799193,53.33086481882773,0
200.0,-750.0,776.2087348130012,43.60838610400169,60.33803910677351,61.813459160221626,51.9732126053876,0
225.0,-750.0,783.0229881682912,42.592749372159474,58.70827011245873,60.05772495461996,50.6505097423091,0
250.0,-750.0,790.5694150420949,41.64243630230804,57.08340261675816,58.248037106329896,49.3629194595331,0
275.0,-750.0,798.8272654335228,40.75642976089355,55.53056681918383,56.77645365643333,48.14349829003869,0
300.0,-750.0,807.7747210701756,39.92982868093915,53.96607253855874,55.11847878838365,46.94795060974894,0
325.0,-750.0,817.3891362135907,39.171687621534275,52.477077836328846,53.65724110011261,45.82438272893156,0
350.0,-750.0,827.6472678623425,38.4782138019384,51.00947904969075,52.20565058547574,44.74384642581458,0
375.0,-750.0,838.5254915624212,37.84810102516037,49.59612176274418,50.68942015152686,43.722111393952275,0
400.0,-750.0,850.0,37.286420787831574,48.26236913847804,49.24219315645631,42.774394963154805,0
425.0,-750.0,862.0469824783333,36.80086608104986,46.98250216614689,48.14415527670494,41.891684123598374,0
450.0,-750.0,874.642784226795,36.407801392345874,45.76138347379835,46.80781188822829,41.08459243307211,0
475.0,-750.0,887.7640452282352,36.1143696853819,44.614078285816035,45.53976232794629,40.36422398559897,0
500.0,-750.0,901.3878188659974,35.9055301054204,43.5532027583752,44.644042830928,39.7293664318978,0
525.0,-750.0,915.4916711800278,35.78593780959683,42.545062762200224,43.516317799516486,39.16550028589853,0
550.0,-750.0,930.0537618869137,35.77867734939075,41.597351447774216,42.60231092578093,38.68801439858248,0
575.0,-750.0,945.05290857179,35.87820143184661,40.769566634283855,41.655924749458414,38.323884033065234,0
600.0,-750.0,960.4686356149273,36.08275708820467,40.66443534591961,42.22079226000351,38.37359621706214,0
625.0,-750.0,976.2812094883318,36.387292722401085,41.172886493822,43.62076842972891,38.78008960811154,0
650.0,-750.0,992.4716620639604,36.80654070406444,42.4351793320288,45.079612742496316,39.62086001804662,0
150.0,-775.0,789.3826701923472,46.12851439294778,63.55522231297355,65.11826890442003,54.84186835296066,0
175.0,-775.0,794.5124291035352,45.026507507897264,61.872886591504745,63.46819285765182,53.449697049701,0
200.0,-775.0,800.3905296791061,43.984613742453355,60.27448539238814,61.60899963335829,52.129549567420746,0
225.0,-775.0,807.0006195784487,43.00065700162025,58.70250526043852,60.01633503977913,50.851581131029384,0
250.0,-775.0,814.3248737451165,42.07956588411831,57.129866247766664,58.29112043599707,49.60471606594248,0
275.0,-775.0,822.3442101699263,41.220658943216954,55.63025041137546,56.81144506838254,48.4254546772962,0
300.0,-775.0,831.0385069297331,40.41885318229413,54.11823932567752,55.274853305941036,47.268546253985825,0
325.0,-775.0,840.3868156985806,39.68187454610091,52.67397894792611,53.85072253215622,46.17792674701351,0
350.0,-775.0,850.3675675847475,39.008962637597406,51.25740631755582,52.43422710429369,45.13318447757661,0
375.0,-775.0,860.9587678861283,38.39669970158944,49.88110102565191,50.965399033538894,44.13890036362068,0
400.0,-775.0,872.1381771256204,37.85054573356666,48.587253815815785,49.56264126748907,43.218899774691224,0
425.0,-775.0,883.8834764831844,37.37864456973156,47.35737522911503,48.49224266806425,42.3680098994233,0
450.0,-775.0,896.1724164467461,36.995667330490775,46.170781000184846,47.19604386758519,41.58322416533781,0
475.0,-775.0,908.9829481348921,36.709267618443405,45.05496270731878,45.98654475491373,40.88211516288109,0
500.0,-775.0,922.2933372848358,36.504100556248034,44.00810640629632,45.05649810213438,40.25610348127218,0
525.0,-775.0,936.0822613424527,36.38626732496194,43.0244761963709,43.96115407691963,39.705371760666424,0
550.0,-775.0,950.3288904374107,36.37775769200147,42.10442620381218,42.92458718927446,39.241091947906824,0
575.0,-775.0,965.0129532809391,36.47356258557349,41.28504594606146,42.14167727676993,38.879304265817474,0
600.0,-775.0,980.114789195633,36.67062616347469,41.13561285635399,42.57775696432033,38.90311950991433,0
625.0,-775.0,995.6153875869938,36.96491951304073,41.58572319231907,43.932490404336505,39.2753213526799,0
175.0,-800.0,818.91696770796,45.39621081357355,61.81657107368322,63.36482896075637,53.606390943628384,0
200.0,-800.0,824.6211251235321,44.38573451744102,60.25762435346127,61.55624113880139,52.321679435451145,0
225.0,-800.0,831.0385069297331,43.43185396760896,58.74295160445464,60.036117011022405,51.0874027860318,0
250.0,-800.0,838.1527307120105,42.537304342220274,57.21900693703385,58.380076899569005,49.87815563962707,0
275.0,-800.0,845.9462157844315,41.70168651762714,55.757674561023265,56.95529672116443,48.7296805393252,0
300.0,-800.0,854.4003745317531,40.92511818675281,54.30753359622687,55.469984920740934,47.616325891489836,0
325.0,-800.0,863.4958019585272,40.20885286981143,52.90438147818886,54.04132830670558,46.556617174000145,0
350.0,-800.0,873.212459828649,39.55493741440175,51.532811827595104,52.57891587612813,45.54387462099842,0
375.0,-800.0,883.5298523536146,38.95991671841964,50.19492843254131,51.272814159643,44.577422575480476,0
400.0,-800.0,894.4271909999159,38.42833365232809,48.93844093036941,49.91145222397191,43.68338729134875,0
425.0,-800.0,905.883546599672,37.96939869688262,47.756152740445145,48.866950216859955,42.86277571866388,0
450.0,-800.0,917.8779875342909,37.59589347770454,46.60154511942973,47.60814133941798,42.09871929856713,0
475.0,-800.0,930.3897032964197,37.31611748942831,45.51582528366907,46.52619812537407,41.41597138654869,0
500.0,-800.0,943.3981132056604,37.11444654995262,44.480170463212396,45.490118618880146,40.79730850658251,0
525.0,-800.0,956.8829604502318,36.9983064898679,43.52200399998469,44.42506418573376,40.260155244926295,0
550.0,-800.0,970.8243919473799,36.98828917116096,42.62153602499793,43.41637721397641,39.80491259807944,0
575.0,-800.0,985.2030247619016,37.08114395118026,41.816847893895826,42.66415734890175,39.448995922538046,0
600.0,-800.0,1000.0,37.2712083590571,41.629106380912354,42.96701917221225,39.45015736998472,0
225.0,-825.0,855.1315688243535,43.88263655942584,58.82543475252889,60.1181342032891,51.35403565597737,0
250.0,-825.0,862.0469824783333,43.013543990809296,57.34699857255852,58.51083099195099,50.18027128168391,0
275.0,-825.0,869.6263565463044,42.2005384919311,55.92026306253408,57.09897969607306,49.06040077723259,0
300.0,-825.0,877.8524933039719,41.446191933334276,54.51591310418577,55.56860212357071,47.98105251876002,0
325.0,-825.0,886.70739254841,40.75138440910453,53.166583510816054,54.267817323938054,46.95898395996029,0
350.0,-825.0,896.1724164467461,40.11503867143042,51.83441755259096,52.87151193867173,45.974728112010695,0
375.0,-825.0,906.2284480195929,39.536614702939474,50.537565659837306,51.60895386419633,45.03709018138839,0
400.0,-825.0,916.8560410446124,39.01874324273151,49.31539142174308,50.286237108977836,44.167067332237295,0
425.0,-825.0,928.0355596635293,38.57165216668095,48.171745913488344,49.100350865734804,43.37169904008465,0
450.0,-825.0,939.747306460625,38.207572734197115,47.053268805856085,48.04218146395276,42.6304207700266,0
475.0,-825.0,951.9716382329885,37.93393588029778,45.993348182587546,47.03465753166531,41.96364203144266,0
500.0,-825.0,964.6890690787369,37.73572644962363,44.978055050318126,45.943328953970365,41.35689074997087,0
525.0,-825.0,977.8803607803973,37.62122320915816,44.033981933129624,44.90669578603156,40.82760257114389,0
550.0,-825.0,991.526600752597,37.609820697845734,43.151693268448746,43.924220095622665,40.380756983147236,0
250.0,-850.0,886.0022573334675,43.50726846746955,57.506614192369256,58.723405683210224,50.5069413299194,0
275.0,-850.0,893.3784192602819,42.7160530283831,56.11660280129617,57.28086504320822,49.416327914839634,0
300.0,-850.0,901.3878188659974,41.98198193764164,54.752110668383715,55.79489981955309,48.36704630301268,0
325.0,-850.0,910.0137361600648,41.30744953159693,53.4498802450625,54.52711660591002,47.378664888329716,0
350.0,-850.0,919.2388155425118,40.688446865576026,52.16268440450882,53.20991127924301,46.425565635042425,0
375.0,-850.0,929.0452088031024,40.125780982839125,50.911285406197514,51.971438221767905,45.51853319451832,0
400.0,-850.0,939.4147114027968,39.62087510245028,49.71644824141573,50.68489588618181,44.66866167193301,0
425.0,-850.0,950.3288904374107,39.184558380481235,48.60296577478792,49.49514947923683,43.89376207763458,0
450.0,-850.0,961.7692030835673,38.829891064977545,47.523489563040656,48.49646878379997,43.1766903140091,0
475.0,-850.0,973.7171047075224,38.56183885153949,46.485495248981216,47.47725429954241,42.52366705026036,0
500.0,-850.0,986.154146165801,38.367181481113995,45.49201094688215,46.414731244391156,41.92959621399807,0
525.0,-850.0,999.0620601344043,38.25426621687922,44.559910469899314,45.40484280745162,41.40708834338927,0
300.0,-875.0,925.0,42.531962725654736,55.01683211835409,56.05340236151983,48.77439742200441,0
325.0,-875.0,933.4077351297235,41.87475288300962,53.73979138337125,54.81652107246437,47.80727213319044,0
350.0,-875.0,942.4038412485382,41.27402912789273,52.51409643708373,53.563069404317474,46.894062782488234,0
375.0,-875.0,951.9716382329885,40.72639414466657,51.30727763252707,52.32113775402935,46.016835888596816,0
400.0,-875.0,962.0940702446928,40.233867097933654,50.13768195726039,51.10678084750529,45.18577452759702,0
425.0,-875.0,972.753822917186,39.80774922555644,49.05243892325174,49.952238036845976,44.430094074404096,0
450.0,-875.0,983.9334327077213,39.46211493794966,48.01085537996716,48.96950017699998,43.73648515895841,0
475.0,-875.0,995.6153875869938,39.1993898410679,46.99348953301424,47.93846506616539,43.09643968704107,0
350.0,-900.0,965.6603957913983,41.86824958787068,52.860487425482916,53.82868741710733,47.3643685066768,0
375.0,-900.0,975.0,41.33671606857904,51.714136954526246,52.731054667062075,46.52542651155264,0
400.0,-900.0,984.8857801796105,40.85696600711877,50.5794006046117,51.553737082771356,45.71818330586524,0
425.0,-900.0,995.3014618697191,40.44052586207789,49.51888302407642,50.426919917909785,44.97970444307715,0
0.0,463.73676296683345,463.73676296683345,58.57677192203927,90.97177014672636,94.09349889885904,74.77427103438282,0
5.0,460.73245987169565,460.75958978563176,58.23736890069968,90.62208918772573,93.68603745577708,74.4297290442127,0
10.0,457.72815677655785,457.83737888694185,57.8982786690067,90.2722572307652,93.27842404680734,74.08526794988595,0
15.0,454.72385368142005,454.9711893151933,57.559508186225095,89.92227075083233,92.87065509103692,73.7408894685287,0
20.0,451.71955058628225,452.1620864047237,57.221064615031835,89.57212612227856,92.462726904438,73.3965953686552,0
25.0,448.71524749114445,449.41114063965864,56.88295532853485,89.22219959376866,92.1411888004795,73.05257746115176,0
30.0,445.71094439600665,446.71942643496055,56.54459127080919,88.8718421358584,91.91230805107435,72.70821670333379,0
35.0,442.70664130086885,444.08802083809485,56.20592883366912,88.51464310481278,91.46958943586765,72.36028596924095,0
40.0,439.70233820573105,441.51800215120005,55.867727509622185,88.16166183286417,91.02661702308383,72.01469467124318,0
45.0,436.69803511059325,439.01044847412567,55.52995167936714,87.81587285459123,90.70257493520604,71.67291226697918,0
50.0,433.69373201545545,436.5664361692201,55.192519786174685,87.46891348753512,90.49728640110429,71.3307166368549,0
55.0,430.68942892031765,434.1870382493118,54.854902229337135,87.11540622670725,90.0878759144891,70.9851542280222,0
60.0,427.68512582517985,431.8733226909251,54.51788621948488,86.76172010532167,89.68001676731308,70.63980316240327,0
65.0,424.68082273004205,429.62635067540424,54.18059377685021,86.40021082935336,89.36869832606483,70.29040230310179,0
70.0,421.67651963490425,427.4471747612865,53.84338324919087,86.03522167829078,88.93174763463931,69.93930246374083,0
75.0,418.6722165397664,425.3368369919552,53.507131338723624,85.6773845096601,88.49457153450248,69.59225792419187,0
80.0,415.6679134446286,423.29636694331697,53.17172149386181,85.32952546872328,88.05716463639406,69.25062348129254,0
85.0,412.6636103494908,421.326779716975,52.83732074297941,84.98313148409797,87.62749828241414,68.91022611353868,0
90.0,409.659307254353,419.42907388510446,52.503479093513484,84.63653944596886,87.21673783402449,68.57000926974118,0
95.0,406.6550041592152,417.6042293939698,52.17036979680427,84.2897442165024,86.80576430902711,68.23005700665334,0
100.0,403.6507010640774,415.85320543374576,51.83778270972632,83.94274049539602,86.39457216795846,67.89026160256117,0
105.0,400.6463979689396,414.1769382830072,51.505707870087406,83.59552281369326,86.06185698146777,67.55061534189034,0
110.0,397.6420948738018,412.57633913692337,51.17416825055669,83.2480855273211,85.87436726519499,67.21112688893889,0
115.0,394.637791778664,411.05229192882524,50.84318124593567,82.90042281033568,85.68662138808217,66.87180202813568,0
120.0,391.6334886835262,409.6056511553883,50.51278525065586,82.54995190614164,85.41615731758762,66.53136857839876,0
125.0,388.6291855883884,408.23723971619006,50.18257513635227,82.19494866317227,85.00799446901148,66.18876189976227,0
130.0,385.6248824932506,406.9478467788389,49.85330443103743,81.83970300732597,84.59960906318385,65.8465037191817,0
135.0,382.6205793981128,405.7382256812236,49.524664626826265,81.4881456612693,84.21377174092862,65.50640514404779,0
140.0,379.616276302975,404.6090918826919,49.19603440106661,81.13974161769312,83.94603939517549,65.16788800937987,0
145.0,376.6119732078372,403.56112097611765,48.8669352483083,80.78697990228855,83.57834969952292,64.82695757529842,0
150.0,373.6076701126994,402.59494677285704,48.53836564290765,80.43321447553026,83.16519772748697,64.48579005921896,0
155.0,370.6033670175616,401.71115947251633,48.21069743780751,80.08880866378935,82.75172446142454,64.14975305079844,0
160.0,367.5990639224238,400.91030392924824,47.88429066101915,79.7512432516586,82.3379207995591,63.81776695633887,0
165.0,364.594760827286,400.1928780259662,47.559720949766685,79.41336919670736,81.92377732145502,63.486545073237025,0
170.0,361.5904577321482,399.55933116740556,47.236341357373334,79.07517783530065,81.60974045823605,63.15575959633699,0
175.0,358.5861546370104,399.01006290237586,46.913726516268056,78.73236652697238,81.40915926324617,62.82304652162022,0
180.0,355.5818515418726,398.54542168483925,46.59118008476044,78.38162141923515,80.9649320733874,62.48640075199779,0
185.0,352.5775484467348,398.16570378262065,46.2701727333239,78.03321190702601,80.52033142391053,62.15169232017496,0
190.0,349.573245351597,397.87115234161905,45.951259472619626,77.69299595183496,80.12277823684339,61.82212771222729,0
195.0,346.5689422564592,397.661956612348,45.635666671256416,77.35241955331975,79.87018320703001,61.49404311228808,0
200.0,343.5646391613214,397.53825134450767,45.32148763024699,77.01147216724999,79.61732863135283,61.16647989874849,0
205.0,340.5603360661836,397.500116354086,45.00869430801323,76.66572552536876,79.22285165798453,60.837209916690995,0
210.0,337.5560329710458,397.5475762662247,44.69728394619621,76.31957565619966,78.835218923417,60.508429801197934,0
215.0,334.551729875908,397.68060043578,44.38797009955782,75.96882004425062,78.49466404174005,60.17839507190422,0
220.0,331.5474267807702,397.8991030461745,44.08017763030469,75.61552489835118,78.08608838314994,59.847851264327936,0
225.0,328.54312368563234,398.2029433857976,43.774337488497125,75.26178998334777,77.67708527035447,59.518063735922446,0
230.0,325.53882059049454,398.59192629988155,43.47133618772577,74.90076600497534,77.38066576668594,59.18605109635055,0
235.0,322.53451749535674,399.0658028144764,43.170835623645466,74.53363037591433,76.9285497608059,58.8522329997799,1
240.0,319.53021440021894,399.62427092789284,42.873038518174916,74.1745988880621,76.69549679184834,58.52381870311851,0
245.0,316.52591130508114,400.2669765637831,42.57601349662165,73.80868863299159,76.28371288471949,58.192351064806616,0
250.0,313.52160820994334,400.993514678915,42.2804807512337,73.44222952144071,75.87005462972695,57.86135513633721,1
255.0,310.51730511480554,401.8034305176615,41.98687533179428,73.07706618994479,75.45596269017074,57.531970760869534,0
260.0,307.51300201966774,402.69622100430513,41.69545750800173,72.71833808051245,75.04142273921738,57.20689779425709,1
265.0,304.50869892452994,403.6713362634385,41.406640272624976,72.35681957684821,74.86419741669265,56.88172992473659,1
270.0,301.50439582939214,404.7281812580473,41.11819037986997,71.97835895356368,74.43515498244477,56.54827466671683,0
275.0,298.50009273425434,405.8661175342904,40.83279098190397,71.59934623338329,74.0572990105992,56.21606860764363,1
280.0,295.49578963911654,407.0844650615459,40.54934500465792,71.211059690327,73.7009238699183,55.880202347492464,0
285.0,292.49148654397874,408.3825041559769,40.26891716874654,70.81925795031815,73.25013996083862,55.54408755953234,1
290.0,289.48718344884094,409.7594774756807,39.991569069944795,70.42685174282123,72.79870839411248,55.20921040638301,0
295.0,286.48288035370314,411.2145920754201,39.717497420792846,70.03382026888218,72.49233855689704,54.87565884483752,1
300.0,283.47857725856534,412.74702150898725,39.44795995584145,69.63944453577582,72.28448797519872,54.54370224580863,1
305.0,280.47427416342754,414.35590796741576,39.18015255362933,69.23772083891062,71.86222958368124,54.20893669626997,0
310.0,277.46997106828974,416.04036444152575,38.91484467369547,68.83530761637049,71.43936600693348,53.87507614503298,1
315.0,274.46566797315194,417.7994768976482,38.6523021936126,68.43218028737527,71.01587552314646,53.54224124049394,0
320.0,271.46136487801414,419.6323064558237,38.393131077901565,68.02831317902445,70.59173544690705,53.210722128463004,1
325.0,268.45706178287634,421.53789156029035,38.137959883252336,67.62367946728551,70.16692207732292,52.880819675268924,0
330.0,265.45275868773854,423.5152501326614,37.88835325783981,67.21825111420313,69.80979211232776,52.55330218602147,0
335.0,262.44845559260074,425.5633816988268,37.643764483765864,66.8118388215085,69.6972720594285,52.22780165263718,1
340.0,259.44415249746294,427.68126948128884,37.4014321634839,66.39401559360584,69.24648994978344,51.89772387854487,0
345.0,256.43984940232514,429.8678824493488,37.1625567242144,65.97528767698493,68.79465587358953,51.568922200599665,0
350.0,253.43554630718734,432.12217732028347,36.927300495016524,65.55787832834686,68.34172977350872,51.24258941168169,0
355.0,250.43124321204954,434.44310050538576,36.69699668909747,65.13972668486744,67.88766965929626,50.91836168698245,1
360.0,247.42694011691174,436.8295899954785,36.47129963882661,64.72057414396085,67.43243149348358,50.59593689139373,0
365.0,244.42263702177394,439.28057718123375,36.25092107937883,64.30038155674131,66.97596906901613,50.27565131806007,0
370.0,241.41833392663614,441.7949886043444,36.035301187063624,63.87910785497305,66.74468167330947,49.95720452101834,0
375.0,238.41403083149834,444.37174763628104,35.82480511068373,63.45670993638332,66.58791568963811,49.64075752353352,0
380.0,235.40972773636054,447.0097760820309,35.61995447298116,63.03073199933399,66.30542369239758,49.32534323615758,1
385.0,232.40542464122274,449.70799570684426,35.41984015975028,62.60763583936749,65.8601594187564,49.013737999558884,0
390.0,234.33564142074854,454.98702491397887,34.98469343214953,61.45101049649584,64.50578638135946,48.21785196432268,0
395.0,237.33994451588634,460.82019190005553,34.52279648433306,60.190605319347675,63.49306547804534,47.35670090184037,0
400.0,240.34424761102414,466.6533588861322,34.086533827921066,58.95723577401418,62.21806654720233,46.52188480096763,1
405.0,243.34855070616194,472.48652587220886,33.6737149490162,57.804582580342455,60.88660472314001,45.73914876467933,1
410.0,246.35285380129974,478.31969285828546,33.28314160308109,56.73021034772653,59.60105814510469,45.00667597540381,0
415.0,249.35715689643757,484.1528598443622,32.91440795019239,55.71202690860151,58.76296836096487,44.31321742939695,0
420.0,252.36145999157537,489.9860268304388,32.56606626334217,54.72192954268034,57.642966349402926,43.643997903011254,1
425.0,255.36576308671317,495.81919381651545,32.23732236273866,53.781612258092004,56.37650160879927,43.00946731041533,1
430.0,258.370066181851,501.6523608025921,31.928214601474554,52.865965970812674,55.72344627100464,42.397090286143616,0
435.0,261.3743692769888,507.4855277886688,31.640943340179696,51.96600854800836,54.57458155711713,41.80347594409403,0
440.0,264.3786723721266,513.3186947747454,31.370773204448696,51.08062068427683,53.799862457193235,41.22569694436277,0
445.0,267.3829754672644,519.151861760822,31.117349167405422,50.204547559528244,52.71199972164772,40.66094836346683,0
450.0,270.3872785624022,524.9850287468987,30.882726548052695,49.38596505077555,51.66528391069575,40.13434579941412,1
455.0,273.39158165754,530.8181957329754,30.669073401335197,48.614327131034166,51.01071987518602,39.641700266184685,1
460.0,276.3958847526778,536.651362719052,30.47033050557681,47.856297420577036,50.337511154011295,39.163313963076924,0
465.0,279.4001878478156,542.4845297051287,30.28219082515018,47.08794103463275,49.43534051814546,38.685065929891465,1
470.0,282.4044909429534,548.3176966912054,30.108303777974207,46.347540834691046,48.566180554141916,38.22792230633263,0
475.0,285.4087940380912,554.150863677282,29.950387186153925,45.634886423613004,47.728903343878564,37.792636804883465,0
480.0,288.413097133229,559.9840306633586,29.80755041533629,44.947143530835525,47.22925471730526,37.377346973085906,0
485.0,291.4174002283668,565.8171976494352,29.678735569435485,44.26910053036791,46.50616370874255,36.9739180499017,0
490.0,294.4217033235046,571.6503646355119,29.564440038675347,43.605281306220405,45.79681371961713,36.584860672447874,0
495.0,297.4260064186424,577.4835316215886,29.460436505754306,42.958377221565456,45.10196983264232,36.20940686365988,0
500.0,300.4303095137802,583.3166986076652,29.367752260931674,42.351226664780434,44.35424377416731,35.859489462856054,0
505.0,303.434612608918,589.1498655937419,29.287149801539037,41.77876615888101,43.63480206985806,35.53295798021003,0
510.0,306.4389157040558,594.9830325798185,29.217553697351583,41.228048584862734,42.94269393936471,35.222801141107155,0
515.0,309.4432187991936,600.8161995658952,29.161121450804114,40.70366309098271,42.27700042405126,34.93239227089341,0
520.0,312.4475218943314,606.6493665519719,29.1178196612966,40.22941404767407,41.63683276184425,34.67361685448533,0
525.0,315.4518249894692,612.4825335380485,29.08781621357501,39.83783349077549,41.43000296098284,34.462824852175245,0
530.0,318.45612808460703,618.3157005241252,29.06876996561892,39.49151153739001,41.09493018781556,34.28014075150446,0
535.0,321.46043117974483,624.1488675102019,29.06142612919859,39.24728179254161,40.768765104099025,34.1543539608701,0
540.0,324.46473427488263,629.9820344962785,29.06668015243706,39.06592302338162,41.16726140227381,34.06630158790934,0
545.0,327.46903737002043,635.8152014823551,29.084542265076735,38.96165000272723,41.565760471669435,34.02309613390199,0
550.0,330.47334046515823,641.6483684684317,29.110840939579504,38.8786319218907,41.96426223210834,33.9947364307351,0
555.0,333.47764356029603,647.4815354545084,29.146758574542382,38.83533738559977,42.36276660647301,33.99104798007107,0
560.0,336.48194665543383,653.314702440585,29.191570416826604,38.8297439309892,42.76127352056191,34.0106571739079,0
565.0,339.48624975057163,659.1478694266617,29.247505100748413,38.85020559089618,43.15978290295287,34.0488553458223,0
570.0,342.49055284570943,664.9810364127384,29.31201508408126,38.93251603015908,43.55829468487384,34.12226555712017,0
575.0,345.49485594084723,670.814203398815,29.385421833743855,39.074334812051454,43.956808800082946,34.229878322897655,0
580.0,348.49915903598503,676.6473703848917,29.465312954060238,39.285936702474245,44.355325184750434,34.37562482826724,0
585.0,351.50346213112283,682.4805373709684,29.553556540709852,39.54754430011027,44.753843777353154,34.55055042041006,0
590.0,354.50776522626063,688.313704357045,29.653213543479477,39.87122850389407,45.152364518568184,34.76222102368678,0
595.0,357.51206832139843,694.1468713431217,29.7610391372868,40.25880711197087,45.5508873511785,35.009923124628834,0
600.0,360.51637141653623,699.9800383291982,29.875405352248492,40.65171488102539,45.949412219977795,35.26356011663694,0
605.0,363.52067451167403,705.8132053152749,29.995871009821386,41.044686280630096,46.34793907168503,35.520278645225744,0
610.0,366.52497760681183,711.6463723013516,30.12250137836638,41.437719369520735,46.74646785486034,35.78011037394356,0
615.0,369.52928070194963,717.4795392874282,30.255790205445976,41.83081228407576,47.144998519825954,36.04330124476087,0
620.0,372.53358379708743,723.3127062735049,30.396601351939307,42.22396323449916,47.54353101859208,36.31028229321923,0
625.0,375.53788689222523,729.1458732595815,30.547036850594495,42.617170501224784,47.942065304785565,36.582103675909636,0
630.0,378.54218998736303,734.9790402456582,30.703650062219275,43.010432431527164,48.340601333582256,36.85704124687322,0
635.0,381.54649308250083,740.8122072317349,30.86586270435211,43.40374743632529,48.73913906164398,37.1348050703387,0
640.0,384.55079617763863,746.6453742178115,31.035373012683223,43.797113987167585,49.137678447055684,37.4162434999254,0
645.0,387.55509927277643,752.4785412038882,31.211089816992807,44.190530613384865,49.5362194492696,37.70081021518884,0
650.0,390.55940236791423,758.3117081899647,31.398638541815394,44.583995899401536,49.93476202904786,37.991317220608465,0
655.0,393.56370546305203,764.1448751760414,31.594072512359276,44.97750848219482,50.33330614841182,38.28579049727705,0
660.0,396.56800855818983,769.9780421621181,31.79531184206327,45.37106704889217,50.73185177059133,38.58318944547772,0
665.0,399.57231165332763,775.8112091481947,32.00343685983556,45.76467033449873,51.130398859976545,38.884053597167146,0
670.0,402.57661474846543,781.6443761342714,32.21703333905731,46.15831711974663,51.52894738207359,39.18767522940197,0
675.0,405.58091784360323,787.4775431203481,32.43813856900493,46.55200622905822,51.92749730345996,39.49507239903157,0
680.0,408.5852209387411,793.3107101064247,32.665433420226044,46.94573652861696,52.326048591745355,39.80558497442151,0
685.0,411.5895240338789,799.1438770925014,32.89802283646652,47.33950692453914,52.724601215529084,40.11876488050282,0
690.0,414.5938271290167,804.977044078578,33.13440554547588,47.73331636113973,53.123155144365526,40.4338609533078,0
695.0,417.5981302241545,810.8102110646547,33.37561246403818,48.12716381928812,53.521710348726295,40.75138814166315,0
700.0,420.6024333192923,816.6433780507314,33.62147210705404,48.52104831484713,53.92026679996725,41.071260210950584,0
705.0,423.6067364144301,822.476545036808,33.87481436692185,48.914968897191095,54.31882447029389,41.39489163205647,0
710.0,426.6110395095679,828.3097120228847,34.13661819867603,49.30892464779815,54.717383332731806,41.72277142323709,0
715.0,429.6153426047057,834.1428790089612,34.40770865733985,49.702914678913196,55.115943361096356,42.05531166812652,0
720.0,432.6196456998435,839.9760459950379,34.68560902927294,50.096938132275454,55.51450452996346,42.3912735807742,0
725.0,435.6239487949813,845.8092129811146,34.97240172856376,50.49099417790978,55.913066814642264,42.731697953236775,0
730.0,438.6282518901191,851.6423799671912,35.265258512072485,50.88508201297602,56.311630191148524,43.07517026252425,0
735.0,441.6325549852569,857.4755469532679,35.56370888517389,51.279200860673654,56.71019463618156,43.421454872923775,0
740.0,444.6368580803947,863.3087139393446,35.867912667874776,51.67334996919923,57.10876012709768,43.770631318537,0
745.0,447.6411611755325,869.1418809254212,36.17906177896728,52.06752861075321,57.507326641888106,44.12329519486025,0
750.0,450.6454642706703,874.9750479114979,36.492144148659364,52.46173608059336,57.90589415915697,44.47694011462636,0
755.0,453.6497673658081,880.8082148975745,36.806598688145044,52.85597169613261,58.304462658099816,44.83128519213883,0
760.0,456.6540704609459,886.6413818836512,37.12226369033169,53.25023479607864,58.703032118484685,45.18624924320517,0
765.0,459.6583735560837,892.4745488697278,37.43899429737385,53.64058480675602,58.97552466919429,45.53978955206493,0
770.0,462.6626766512215,898.3077158558044,37.75628795594478,54.02687111216777,59.11714045525164,45.89157953405628,0
775.0,465.6669797463593,904.1408828418811,38.074991781374564,54.41318288242318,59.434908211377156,46.24408733189887,0
780.0,468.6712828414971,909.9740498279577,38.39507015782197,54.799519536576945,59.835921261348695,46.59729484719946,0
785.0,471.6755859366349,915.8072168140344,38.71648840403607,55.185880511153705,60.23693577230314,46.95118445759489,0
790.0,474.6798890317727,921.6403838001111,39.03921275492324,55.572265259498785,60.63795171430776,47.30573900721102,0
795.0,477.6841921269105,927.4735507861877,39.363210342834705,55.95867325115747,61.038969058239786,47.660941796996084,0
800.0,480.6884952220483,933.3067177722644,39.68844917864202,56.34510397128158,61.43998777575988,48.016776574961796,0
805.0,483.6927983171861,939.139884758341,40.014898132662296,56.73155692006174,61.84100783928567,48.373227526362015,0
810.0,486.6971014123239,944.9730517444177,40.34252691549125,57.118031612184296,62.24202922196667,48.73027926383777,0
815.0,489.7014045074617,950.8062187304944,40.671306058796304,57.50452757631128,62.64305189765984,49.08791681755379,0
820.0,492.7057076025995,956.6393857165709,41.0012068961192,57.89104435458279,63.044075840907695,49.446125625350994,0
825.0,495.7100106977373,962.4725527026476,41.33218788806481,58.27758150214015,63.445101026915,49.80488469510248,0
830.0,498.71431379287515,968.3057196887244,41.66388949852374,58.66413858666947,63.84612743152681,50.164014042596605,0
835.0,501.71861688801295,974.1388866748009,41.99662847308207,59.05071518796379,64.24715503120984,50.52367183052293,0
840.0,504.72291998315075,979.9720536608776,42.330379306615725,59.43731089750377,64.6481838030314,50.88384510205975,0
845.0,507.72722307828855,985.8052206469542,42.66511719745194,59.82392531805521,65.04921372463951,51.244521257753576,0
850.0,510.73152617342635,991.6383876330309,43.00081802905299,60.2105580632836,65.45024477424752,51.6056880461683,0
855.0,513.7358292685641,997.4715546191076,43.33745835194904,60.59720875738374,65.85127693061364,51.96733355466639,0
857.0,514.9375505066192,999.8048214135382,43.47237241001171,60.75187397847261,66.01169009839504,52.11212319424216,0
0.0,648.3465290699844,648.3465290699844,54.134764623848,78.63782224953735,81.05761282549079,66.38629343669268,0
5.0,653.973165954743,653.9922796095301,53.74594885282066,77.90069298687466,80.27777234182206,65.82332091984766,0
10.0,659.5155701358462,659.5913790003705,53.369990060016164,77.18751271325527,79.51461977311503,65.27875138663572,0
15.0,664.9758071274418,665.1449646992697,53.00628683231647,76.4950293870108,78.77347349151553,64.75065810966363,0
20.0,670.3558462975078,670.6541289407289,52.65425895608102,75.82227101386376,78.12755644715521,64.23826498497239,0
25.0,675.6575670016323,676.119921202271,52.31304604697998,75.16514834310233,77.55863922977068,63.739097195041154,0
30.0,680.8827642197357,681.5433505005446,51.982090294095116,74.53612523126444,76.88396907085821,63.259107762679776,0
35.0,686.0331537441731,686.9253875321367,51.661303989078355,73.93705009710422,76.22714710519229,62.79917704309129,0
40.0,691.1103769621669,692.2669666716653,51.3502921469688,73.35428423515339,75.5874045180723,62.35228819106109,0
45.0,696.1160052707376,697.5689878385431,51.04862769030793,72.7866544252182,74.96401813715576,61.91764105776306,0
50.0,701.0515441581218,702.8323182427563,50.755929677673755,72.23549896859363,74.35630700504616,61.4957143231337,0
55.0,705.9184369820124,708.0577940190528,50.47179779611166,71.70863693027758,73.76362926145275,61.09021736319462,0
60.0,710.7180684717397,713.246221758097,50.195951582401385,71.20450815247095,73.18537930240068,60.700229867436164,0
65.0,715.4517679786902,718.3983799423781,49.92802186229632,70.71321535494943,72.62098518784225,60.32061860862287,0
70.0,720.1208124967711,723.515020293988,49.667739124790145,70.23368833035762,72.13539878349896,59.950713727573884,0
75.0,724.7264294725221,728.5968690407547,49.414523142928545,69.76173891771015,71.78251223535743,59.588131030319346,0
80.0,729.2697994225354,733.6446281066774,49.16780187396696,69.29442947745159,71.23452530581173,59.231115675709276,0
85.0,733.752058374113,738.6589762320957,48.927985373270204,68.84310129588981,70.69938131882833,58.88554333458001,0
90.0,738.1743001435547,743.6405700285768,48.69485324904499,68.40235758696276,70.24901827830128,58.54860541800387,0
95.0,742.5375784651056,748.5900449730967,48.466488046367985,67.9561915191515,69.81827669517135,58.211339782759744,0
100.0,746.84290898237,753.5080163457112,48.242797901464,67.50894606952875,69.32833669727779,57.875871985496374,0
105.0,751.0912711129106,758.395080114585,48.02477926141929,67.07819466083778,68.84895720478632,57.55148696112853,0
110.0,755.2836097957786,763.2518137719306,47.81240665115885,66.65669101176898,68.37976883330757,57.23454883146392,0
115.0,759.4208371308412,768.0787771241356,47.60557843238618,66.24411515171809,67.98358387411056,56.924846792052136,0
120.0,763.5038339179937,772.8765130390982,47.403195870225716,65.83129306980491,67.56707758012331,56.617244470015315,0
125.0,767.5334511036366,777.645548153565,47.20559402243299,65.42373939454494,67.17450322185698,56.314666708488964,0
130.0,771.510511141158,782.3863935430439,47.01214573537413,65.01658739823826,66.72577864665891,56.014366566806196,0
135.0,775.4358092715971,787.0995453566828,46.82364451070681,64.62353848736814,66.28614477695518,55.723591499037475,0
140.0,779.310114730138,791.7854854193154,46.63981832702632,64.23833559221193,65.85530529111801,55.43907695961912,0
145.0,783.1341718836218,796.4446818027263,46.46048724665053,63.8609661017516,65.43297722177219,55.160726674201065,0
150.0,786.9087013038368,801.077589368028,46.28551086101217,63.500236331742556,65.01889019347303,54.89287359637736,0
155.0,790.6344007809656,805.6846502809127,46.115000635268146,63.14639441222732,64.612785712877,54.630697523747735,0
160.0,794.3119462812149,810.2662945014137,45.94875223724239,62.799228177911715,64.21441650718178,54.37399020757705,0
165.0,797.9419928523404,814.822940249699,45.786846003519884,62.46532527046346,63.859465296266336,54.126085636991675,0
170.0,801.5251754804888,819.3549944493097,45.62900907254013,62.13947329375514,63.72817075804275,53.88424118314764,0
175.0,805.0621099015153,823.8628531491631,45.47414364264369,61.81173129736622,63.34901875593611,53.64293747000495,0
180.0,808.5533933696956,828.3469019255458,45.32338225127312,61.491050179956176,62.97679735359703,53.407216215614646,0
185.0,811.9996053865324,832.8075162652437,45.17653661303247,61.18197691787783,62.61130334835031,53.17925676545515,0
190.0,815.4013083921559,837.245061930878,45.03358314792074,60.87836045647921,62.2523417861887,52.95597180219997,0
195.0,818.7590484216341,841.6598953094414,44.89389409717003,60.580046037530096,61.89972553747803,52.736970067350065,0
200.0,822.0733557283401,846.0523637449717,44.75813811423534,60.28858932218428,61.691837243210664,52.52336371820981,0
205.0,825.3447453763707,850.4228058562319,44.62508632465497,60.000654234300306,61.36823525552519,52.312870279477636,0
210.0,828.5737178038693,854.7715518402131,44.495134881663816,59.71760431049245,61.02626902051241,52.10636959607813,0
215.0,831.7607593589735,859.0989237622267,44.36875103159393,59.43926070020042,60.69018566914866,51.904005865897176,0
220.0,834.906342809991,863.4052358332987,44.24544083281526,59.16248526157618,60.46556910783538,51.70396304719572,0
225.0,838.0109278312968,867.6907946755405,44.125019362416545,58.884083048691146,60.17737887658179,51.504551205553845,0
230.0,841.0749614663416,871.9558995761242,44.00707239396418,58.60465888421509,59.872892919135715,51.30586563908963,0
235.0,844.0988785690689,876.2008427304552,43.892483980776795,58.33003242645858,59.57323213196772,51.11125820361769,0
240.0,847.0831022249523,880.4259094750955,43.78096629593729,58.05976304798401,59.27827291922907,50.920364671960655,0
245.0,850.0280441527849,884.6313785109642,43.67253464485379,57.79373978420799,58.987896087040454,50.73313721453089,0
250.0,852.9341050882754,888.8175221173001,43.56628424677745,57.527195012708226,58.739873859760834,50.54673962974284,0
255.0,855.8016751504435,892.9846063568539,43.4626962265973,57.2677508125578,58.44637434776454,50.365223519577555,0
260.0,858.6311341917371,897.1328912727416,43.36153696600643,57.01252903217376,58.15740986784735,50.18703299909009,0
265.0,861.4228521327414,901.2626310773718,43.262958675217156,56.76148295545215,57.872868809010896,50.01222081533466,0
270.0,864.1771892822891,905.3740743338287,43.16698980532149,56.51418622362223,57.62329159513132,49.84058801447186,0
275.0,866.8944966437389,909.4674641300817,43.073199342781294,56.266972958724764,57.42376625156822,49.67008615075303,0
280.0,869.5751162081311,913.5430382463569,42.98172279451246,56.021056846518185,57.152810918819554,49.50138982051532,0
285.0,872.2193812348992,917.6010293160042,42.89279159520284,55.7787119481563,56.885852178564384,49.33575177167957,0
290.0,874.8276165207614,921.6416649801572,42.8066337278156,55.53985503628267,56.62279621143557,49.173244382049134,0
295.0,877.4001386573916,925.6651680364829,42.72297696900698,55.30440559023148,56.36355227056056,49.01369127961923,0
300.0,879.9372562784243,929.6717565822904,42.642163320877316,55.07228568441404,56.108032554092354,48.85722450264568,0
305.0,882.4392702963196,933.6616441522598,42.563427676474994,54.84341988228605,55.8561520841518,48.70342377938052,0
310.0,884.9064741295828,937.6350398510339,42.48726579482569,54.61773513556777,55.60782859179713,48.55250046519673,0
315.0,887.339153920806,941.5921484809078,42.41297306113442,54.395160688414336,55.38514157931843,48.40406687477438,0
320.0,889.73758874597,945.5331706648334,42.34061524312102,54.174192784470684,55.2704805507042,48.25740401379585,0
325.0,892.1020508154204,949.458302964948,42.2699403549626,53.95225081663538,55.03059473552361,48.11109558579899,0
330.0,894.432805666911,953.3677379968248,42.201866097967304,53.7379932259717,54.79398193194799,47.9699296619695,0
335.0,896.7301123510819,957.2616645396304,42.135841583754924,53.526666402511175,54.56057148624697,47.831253993133046,0
340.0,898.9942236097223,961.1402676423704,42.0722411778342,53.31818674474698,54.330294883203294,47.69521396129059,0
345.0,901.2253860471483,965.0037287263876,42.01052413338894,53.1125080013717,54.10308566425452,47.561516067380325,0
350.0,903.4238402950048,968.8522256842755,41.950472552232654,52.90959734171197,53.87887934943902,47.43003494697231,0
355.0,905.5898211707904,972.6859329753588,41.89238145466382,52.709296382813925,53.65761336293828,47.300838918738876,0
360.0,907.7235578303809,976.5050217178838,41.83639135555633,52.51155141898477,53.439226962026986,47.173971387270555,0
365.0,909.8252739148177,980.3096597780586,41.78220882350715,52.31631029453817,53.223661169242625,47.04925955902266,0
370.0,911.895187691611,984.1000118560706,41.72998368246986,52.12352234718351,53.010858707606424,46.92675301482669,0
375.0,913.9335121907947,987.8762395692091,41.67962205772082,51.93313835392939,52.800763938736004,46.80638020582511,0
380.0,915.9404553359581,991.6385015322077,41.63072074975167,51.745110479370545,52.59332280369907,46.687915614561106,0
385.0,917.9162200704684,995.3869534349225,41.58384770379152,51.55955174748061,52.44574342867156,46.571699725636066,0
390.0,919.8610044790848,999.1217481174509,41.53938617805704,51.38021428081721,52.30071673527076,46.45980022943713,0
395.0,918.6811198669536,1000.0,41.41870122824288,51.147404209098816,52.12904212478823,46.283052718670845,0
400.0,916.515138991168,1000.0,41.27379983722061,50.88704568730208,51.85993606982406,46.08042276226134,0
405.0,914.3166847433115,1000.0,41.130542413224674,50.627234300418614,51.59156654140739,45.87888835682165,0
410.0,912.0855223058855,1000.0,40.98897532586189,50.37195193599316,51.32478203483479,45.68046363092752,0
415.0,909.8214110472451,1000.0,40.84842676311625,50.11998805282459,51.05853743268056,45.484207407970416,0
420.0,907.5241043630742,1000.0,40.70976025316965,49.86864949225607,50.792821488085806,45.28920487271286,0
425.0,905.1933495115836,1000.0,40.5731180127408,49.617799837571674,50.52762300981164,45.09545892515624,0
430.0,902.8288874421332,1000.0,40.43809521562803,49.36742846624566,50.26293086075344,44.90276184093685,0
435.0,900.4304526169692,1000.0,40.30603869104223,49.117524803022995,49.99873395653009,44.71178174703262,0
440.0,897.997772825746,1000.0,40.176605010376406,48.86807831853079,49.7350212641559,44.5223416644536,0
445.0,895.5305689924828,1000.0,40.04911723899414,48.61907852796298,49.471781800796045,44.33409788347856,0
450.0,893.0285549745876,1000.0,39.923631652785325,48.370514989844004,49.26455175531334,44.147073321314664,0
455.0,890.4914373535548,1000.0,39.799786284320206,48.11678769802938,49.04950977137461,43.95828699117479,0
460.0,887.9189152169246,1000.0,39.678731874340954,47.86171166212939,48.77803885902558,43.770221768235174,0
465.0,885.3106799310624,1000.0,39.560557396788255,47.60841529464314,48.557747618456105,43.584486345715696,0
470.0,882.6664149042944,1000.0,39.44312171833305,47.35230874930429,48.29496101678875,43.39771523381867,0
475.0,879.9857953399021,1000.0,39.32763462003973,47.096601932005335,48.03255688216122,43.21211827602254,0
480.0,877.2684879784523,1000.0,39.2133702622398,46.84128420851267,47.770524316038276,43.027327235376234,0
485.0,874.5141508289046,1000.0,39.1007134466648,46.586344981960586,47.50885245060882,42.843529214312696,0
490.0,871.7224328879004,1000.0,38.990374807152946,46.33185519800279,47.24753044814186,42.66111500257787,0
495.0,868.8929738466068,1000.0,38.883054149102506,46.07918661306573,46.9865475004813,42.48112038108412,0
500.0,866.0254037844386,1000.0,38.77698541013528,45.8290930202653,46.72589282869188,42.303039215200286,0
505.0,863.1193428489481,1000.0,38.673098026715294,45.57933029695253,46.46555568286466,42.126214161833914,0
510.0,860.1744009211155,1000.0,38.57146566779801,45.32988813596454,46.20552534209763,41.95067690188127,0
515.0,857.1901772652321,1000.0,38.47262864954817,45.08083113732052,45.94579111466905,41.77672989343435,0
520.0,854.1662601625048,1000.0,38.37638948671771,44.83221109519609,45.68634233841497,41.6043002909569,0
525.0,851.1022265274601,1000.0,38.282398640771305,44.58387885212097,45.427168381332045,41.43313874644613,0
530.0,847.9976415061542,1000.0,38.191623505989625,44.34022507045404,45.16825864242697,41.26592428822183,0
535.0,844.8520580551367,1000.0,38.1050987469624,44.097765035048766,44.909602552829696,41.10143189100558,0
540.0,841.6650165000325,1000.0,38.02170107007642,43.85555516544998,44.6511895771996,40.9386281177632,0
545.0,838.436044072534,1000.0,37.94150919974635,43.613585528499556,44.393009215447556,40.77754736412295,0
550.0,835.1646544245033,1000.0,37.86551371228565,43.37184622777575,44.13505100480593,40.6186799700307,0
555.0,831.8503471177974,1000.0,37.793022671456576,43.13138788607979,43.87730452227653,40.46220527876818,0
560.0,828.4926070883191,1000.0,37.723656053696494,42.89219003218889,43.61975938749329,40.30792304294269,0
565.0,825.0909040826956,1000.0,37.65633153339914,42.653190176247605,43.424039794465855,40.15476085482337,0
570.0,821.6446920658589,1000.0,37.59148904247392,42.41979007832982,43.29347260138706,40.00563956040187,0
575.0,818.1534085976785,1000.0,37.52929243380957,42.21194066507969,43.05252239197189,39.870616549444634,0
580.0,814.616474176652,1000.0,37.47077452621133,42.02014708149879,42.80630754225444,39.74546080385506,0
585.0,811.0332915485036,1000.0,37.41526247759509,41.87473528167312,42.55932298637604,39.6449988796341,0
590.0,807.4032449773781,1000.0,37.36394354684967,41.756759595874286,42.58322545533853,39.56035157136198,0
595.0,803.7256994771288,1000.0,37.31580428458933,41.68074111912703,42.77294571538837,39.498272701858184,0
605.0,796.225470579785,1000.0,37.229527077079624,41.587381208200654,43.16557961121759,39.40845414264014,0
610.0,792.4014134263012,1000.0,37.19046156003,41.55797967203184,43.36876690998143,39.374220616030925,0
615.0,788.5271079677603,1000.0,37.155087134564525,41.555868252669946,43.57672739417823,39.35547769361723,0
620.0,784.6018098373212,1000.0,37.123915443845426,41.595501415204254,43.78961421930034,39.359708429524844,0
625.0,780.6247497997998,1000.0,37.096737010896135,41.682500965230346,44.0075877804064,39.38961898806324,0
630.0,776.5951326141569,1000.0,37.07477056491314,41.8060160215347,44.23081615236215,39.44039329322392,0
635.0,772.5121358270044,1000.0,37.05725848764163,41.96943119542208,44.45947556328504,39.51334484153186,0
640.0,768.3749084919418,1000.0,37.04369914874246,42.16512155078255,44.693750904191226,39.6044103497625,0
645.0,764.1825698090738,1000.0,37.033658870818456,42.36596154257653,44.93383627815923,39.69981020669749,0
650.0,759.9342076785332,1000.0,37.02920049143828,42.57213133855939,45.17993559267561,39.80066591499883,0
655.0,755.6288771612689,1000.0,37.03188047466746,42.7838203572742,45.43226319923159,39.90785041597083,0
660.0,751.2655988397179,1000.0,37.04059939907519,43.00122788016767,45.691044584685805,40.020913639621426,0
665.0,746.8433570702762,1000.0,37.05482024390482,43.22456371395909,45.956517119410904,40.13969197893196,0
670.0,742.3610981186986,1000.0,37.07582143303094,43.45404890820514,46.22893086781417,40.26493517061804,0
675.0,737.8177281686853,1000.0,37.10066869429828,43.68991653357368,46.50854946746918,40.39529261393598,0
680.0,733.2121111929343,1000.0,37.13147001291365,43.93241252698338,46.795651083817376,40.53194126994852,0
685.0,728.5430666748534,1000.0,37.16684273916486,44.18179661049854,47.09052944823608,40.6743196748317,0
690.0,723.8093671679029,1000.0,37.2067057950935,44.43834329169935,47.393494988204836,40.822524543396426,0
695.0,719.0097356781756,1000.0,37.252247793485104,44.70234295419676,47.70487605937353,40.97729537384093,0
700.0,714.142842854285,1000.0,37.30286766829197,44.97410304803998,48.02502029057087,41.13848535816597,0
705.0,709.2073039669008,1000.0,37.36118574213675,45.25394939100358,48.35429605417241,41.307567566570164,0
710.0,704.2016756583301,1000.0,37.42748887105433,45.542227593157214,48.69309407587509,41.48485823210577,0
715.0,699.1244524403363,1000.0,37.50325178603006,45.83930461874971,49.04182919975046,41.671278202389885,0
720.0,693.9740629158989,1000.0,37.58826541859487,46.14557050131317,49.400942326587625,41.86691795995402,0
725.0,688.7488656977955,1000.0,37.68258897807896,46.46144023005779,49.77090254597335,42.07201460406837,0
730.0,683.447144993671,1000.0,37.78477528610584,46.78735582812957,50.15220948540936,42.28606555711771,0
735.0,678.0671058236051,1000.0,37.89595731432114,47.12378864620762,50.545395903038894,42.509872980264376,0
740.0,672.6068688320095,1000.0,38.01802610013611,47.47124189829364,50.95103055440268,42.74463399921488,0
745.0,667.0644646509062,1000.0,38.14708605165626,47.830253470483974,51.36972136808641,42.98866976107011,0
750.0,661.4378277661476,1000.0,38.282085910329,48.20139903811934,51.802118970358656,43.24174247422417,0
755.0,655.7247898318318,1000.0,38.42322401108724,48.58529553210797,52.248920605016856,43.5042597715976,0
760.0,649.9230723708769,1000.0,38.57082755241071,48.98260500157074,52.71087450185894,43.776716276990726,0
765.0,644.0302787913004,1000.0,38.725248929696804,49.39403892745872,53.18878475571866,44.05964392857776,0
770.0,638.0438856379708,1000.0,38.88686824208594,49.82036305066796,53.68351678805695,44.35361564637695,0
775.0,631.9612329882269,1000.0,39.05609610893618,50.26240278873171,54.19600347509527,44.65924944883395,0
780.0,625.7795138864806,1000.0,39.23337684197582,50.72104932774644,54.727252040733255,44.977213084861134,0
785.0,619.4957626973732,1000.0,39.41919202721839,51.19726649124678,55.278351829599444,45.30822925923259,0
790.0,613.1068422387733,1000.0,39.614064580412524,51.69209850583639,55.850483096118325,45.65308154312446,0
795.0,606.6094295343586,1000.0,39.818563351497275,52.20667880520558,56.44492697026567,46.01262107835143,0
805.0,593.2748098478478,1000.0,40.25897682235836,53.30012549807648,57.706451032618936,46.77955116021742,0
810.0,586.4298764558299,1000.0,40.496309937119705,53.88180216190093,58.376708102086575,47.18905604951031,0
815.0,579.4609564069007,1000.0,40.745312326287475,54.480790452040374,58.81693499163369,47.61305138916393,0
820.0,572.3635208501673,1000.0,41.00707245886127,55.10079508329214,59.39727282112607,48.05393377107671,0
825.0,565.1327277728658,1000.0,41.2828810712695,55.749251379684104,60.157091973409926,48.516066225476806,0
830.0,557.7633906953736,1000.0,41.57401746286752,56.42824873213658,60.9523458834867,49.00113309750205,0
835.0,550.2499432076299,1000.0,41.881722708907574,57.140097717750734,61.78573004545531,49.510910213329154,0
840.0,542.5863986500215,1000.0,42.20733262255959,57.88736107065851,62.66023566356418,50.047346846609045,0
845.0,534.7663040992766,1000.0,42.55233695472746,58.67289011862435,63.57919260661253,50.61261353667591,0
850.0,526.7826876426369,1000.0,42.91840270106504,59.49986786258779,64.54632023309225,51.20913528182642,0
855.0,518.6279977016281,1000.0,43.30740184561107,60.37186017881529,65.56578784872825,51.839631012213175,0
857.0,515.3164076564999,1000.0,43.46988666589377,60.73414289839169,65.98926157044312,52.10201478214273,0
0.0,-463.73676296683345,463.73676296683345,58.576771922039285,90.9717701467263,94.09349889885904,74.77427103438279,0
5.0,-460.73245987169565,460.75958978563176,58.23736890069969,90.62208918772569,93.68603745577698,74.42972904421269,0
10.0,-457.72815677655785,457.83737888694185,57.898278669006714,90.27225723076513,93.27842404680725,74.08526794988592,0
15.0,-454.72385368142005,454.9711893151933,57.5595081862251,89.92227075083227,92.87065509103692,73.74088946852868,0
20.0,-451.71955058628225,452.1620864047237,57.22106461503185,89.57212612227853,92.46272690443789,73.3965953686552,0
25.0,-448.71524749114445,449.41114063965864,56.882955328534855,89.22219959376865,92.14118880047927,73.05257746115176,0
30.0,-445.71094439600665,446.71942643496055,56.54459127080921,88.87184213585833,91.91230805107446,72.70821670333376,0
35.0,-442.70664130086885,444.08802083809485,56.20592883366912,88.51464310481276,91.46958943586765,72.36028596924095,0
40.0,-439.70233820573105,441.51800215120005,55.8677275096222,88.16166183286414,91.02661702308383,72.01469467124318,0
45.0,-436.69803511059325,439.01044847412567,55.52995167936715,87.81587285459119,90.70257493520593,71.67291226697917,0
50.0,-433.69373201545545,436.5664361692201,55.192519786174714,87.46891348753512,90.49728640110429,71.33071663685492,0
55.0,-430.68942892031765,434.1870382493118,54.85490222933714,87.11540622670726,90.0878759144892,70.9851542280222,0
60.0,-427.68512582517985,431.8733226909251,54.517886219484886,86.76172010532163,89.68001676731308,70.63980316240325,0
65.0,-424.68082273004205,429.62635067540424,54.180593776850216,86.40021082935331,89.36869832606483,70.29040230310176,0
70.0,-421.67651963490425,427.4471747612865,53.84338324919088,86.03522167829081,88.93174763463931,69.93930246374084,0
75.0,-418.6722165397664,425.3368369919552,53.50713133872363,85.67738450966006,88.49457153450258,69.59225792419184,0
80.0,-415.6679134446286,423.29636694331697,53.17172149386181,85.32952546872328,88.05716463639395,69.25062348129254,0
85.0,-412.6636103494908,421.326779716975,52.837320742979415,84.98313148409794,87.62749828241402,68.91022611353867,0
90.0,-409.659307254353,419.42907388510446,52.5034790935135,84.63653944596884,87.21673783402449,68.57000926974116,0
95.0,-406.6550041592152,417.6042293939698,52.170369796804295,84.28974421650236,86.80576430902723,68.23005700665333,0
100.0,-403.6507010640774,415.85320543374576,51.83778270972633,83.94274049539598,86.39457216795836,67.89026160256115,0
105.0,-400.6463979689396,414.1769382830072,51.50570787008742,83.59552281369324,86.06185698146756,67.55061534189034,0
110.0,-397.6420948738018,412.57633913692337,51.17416825055669,83.2480855273211,85.87436726519489,67.21112688893889,0
115.0,-394.637791778664,411.05229192882524,50.843181245935675,82.90042281033564,85.68662138808207,66.87180202813566,0
120.0,-391.6334886835262,409.6056511553883,50.51278525065587,82.54995190614162,85.41615731758752,66.53136857839874,0
125.0,-388.6291855883884,408.23723971619006,50.182575136352284,82.19494866317227,85.00799446901158,66.18876189976228,0
130.0,-385.6248824932506,406.9478467788389,49.853304431037444,81.83970300732595,84.59960906318385,65.8465037191817,0
135.0,-382.6205793981128,405.7382256812236,49.524664626826265,81.48814566126927,84.21377174092852,65.50640514404776,0
140.0,-379.616276302975,404.6090918826919,49.19603440106661,81.13974161769308,83.94603939517538,65.16788800937985,0
145.0,-376.6119732078372,403.56112097611765,48.866935248308316,80.78697990228852,83.5783496995229,64.82695757529842,0
150.0,-373.6076701126994,402.59494677285704,48.53836564290767,80.43321447553025,83.16519772748687,64.48579005921896,0
155.0,-370.6033670175616,401.71115947251633,48.21069743780752,80.08880866378932,82.75172446142466,64.14975305079842,0
160.0,-367.5990639224238,400.91030392924824,47.88429066101916,79.75124325165858,82.3379207995591,63.81776695633887,0
165.0,-364.594760827286,400.1928780259662,47.559720949766685,79.41336919670735,81.92377732145502,63.48654507323702,0
170.0,-361.5904577321482,399.55933116740556,47.23634135737334,79.0751778353006,81.60974045823593,63.155759596336964,0
175.0,-358.5861546370104,399.01006290237586,46.91372651626807,78.73236652697231,81.40915926324617,62.82304652162019,0
180.0,-355.5818515418726,398.54542168483925,46.59118008476045,78.38162141923512,80.9649320733874,62.486400751997785,0
185.0,-352.5775484467348,398.16570378262065,46.2701727333239,78.03321190702599,80.52033142391042,62.151692320174945,0
190.0,-349.573245351597,397.87115234161905,45.95125947261963,77.69299595183493,80.12277823684317,61.822127712227285,0
195.0,-346.5689422564592,397.661956612348,45.63566667125643,77.35241955331973,79.87018320703001,61.49404311228808,0
200.0,-343.5646391613214,397.53825134450767,45.32148763024699,77.01147216724996,79.61732863135273,61.16647989874848,0
205.0,-340.5603360661836,397.500116354086,45.00869430801323,76.66572552536873,79.22285165798453,60.83720991669098,1
210.0,-337.5560329710458,397.5475762662247,44.69728394619621,76.31957565619965,78.83521892341689,60.50842980119793,1
215.0,-334.551729875908,397.68060043578,44.38797009955783,75.96882004425059,78.49466404173995,60.17839507190421,1
220.0,-331.5474267807702,397.8991030461745,44.080177630304696,75.61552489835113,78.08608838314994,59.847851264327915,1
225.0,-328.54312368563234,398.2029433857976,43.774337488497125,75.26178998334774,77.67708527035447,59.51806373592243,1
230.0,-325.53882059049454,398.59192629988155,43.47133618772577,74.90076600497532,77.38066576668604,59.186051096350546,1
235.0,-322.53451749535674,399.0658028144764,43.17083562364547,74.53363037591433,76.9285497608059,58.8522329997799,0
240.0,-319.53021440021894,399.62427092789284,42.87303851817492,74.17459888806205,76.69549679184813,58.523818703118486,1
245.0,-316.52591130508114,400.2669765637831,42.57601349662165,73.80868863299156,76.28371288471949,58.1923510648066,1
250.0,-313.52160820994334,400.993514678915,42.28048075123371,73.44222952144071,75.87005462972705,57.86135513633721,0
255.0,-310.51730511480554,401.8034305176615,41.98687533179428,73.07706618994476,75.45596269017054,57.53197076086952,1
260.0,-307.51300201966774,402.69622100430513,41.69545750800174,72.71833808051245,75.04142273921738,57.206897794257095,0
265.0,-304.50869892452994,403.6713362634385,41.40664027262498,72.35681957684822,74.86419741669276,56.881729924736604,0
270.0,-301.50439582939214,404.7281812580473,41.118190379869965,71.97835895356363,74.43515498244466,56.54827466671679,1
275.0,-298.50009273425434,405.8661175342904,40.83279098190398,71.5993462333833,74.05729901059898,56.21606860764364,0
280.0,-295.49578963911654,407.0844650615459,40.54934500465792,71.21105969032699,73.7009238699183,55.88020234749246,1
285.0,-292.49148654397874,408.3825041559769,40.26891716874655,70.81925795031815,73.25013996083862,55.54408755953234,0
290.0,-289.48718344884094,409.7594774756807,39.9915690699448,70.42685174282119,72.79870839411237,55.209210406382994,1
295.0,-286.48288035370314,411.2145920754201,39.71749742079285,70.03382026888221,72.49233855689704,54.87565884483753,0
300.0,-283.47857725856534,412.74702150898725,39.44795995584145,69.63944453577581,72.28448797519862,54.54370224580863,0
305.0,-280.47427416342754,414.35590796741576,39.18015255362932,69.23772083891059,71.86222958368124,54.20893669626996,1
310.0,-277.46997106828974,416.04036444152575,38.91484467369547,68.83530761637049,71.43936600693358,53.87507614503298,0
315.0,-274.46566797315194,417.7994768976482,38.65230219361259,68.43218028737525,71.01587552314646,53.54224124049392,1
320.0,-271.46136487801414,419.6323064558237,38.39313107790157,68.02831317902445,70.59173544690695,53.21072212846301,0
325.0,-268.45706178287634,421.53789156029035,38.137959883252336,67.62367946728547,70.16692207732292,52.8808196752689,1
330.0,-265.45275868773854,423.5152501326614,37.88835325783981,67.2182511142031,69.80979211232776,52.553302186021455,1
335.0,-262.44845559260074,425.5633816988268,37.643764483765864,66.81183882150853,69.6972720594285,52.2278016526372,0
340.0,-259.44415249746294,427.68126948128884,37.401432163483896,66.39401559360583,69.24648994978332,51.897723878544866,1
345.0,-256.43984940232514,429.8678824493488,37.16255672421439,65.9752876769849,68.79465587358963,51.568922200599644,1
350.0,-253.43554630718734,432.12217732028347,36.927300495016524,65.55787832834685,68.34172977350862,51.242589411681685,1
355.0,-250.43124321204954,434.44310050538576,36.69699668909747,65.13972668486744,67.88766965929617,50.91836168698245,0
360.0,-247.42694011691174,436.8295899954785,36.47129963882661,64.72057414396083,67.43243149348358,50.59593689139372,1
365.0,-244.42263702177394,439.28057718123375,36.25092107937883,64.30038155674127,66.97596906901613,50.27565131806005,1
370.0,-241.41833392663614,441.7949886043444,36.03530118706361,63.87910785497305,66.74468167330926,49.957204521018326,1
375.0,-238.41403083149834,444.37174763628104,35.82480511068372,63.45670993638331,66.587915689638,49.640757523533516,1
380.0,-235.40972773636054,447.0097760820309,35.61995447298116,63.03073199933399,66.30542369239748,49.32534323615758,0
385.0,-232.40542464122274,449.70799570684426,35.419840159750265,62.60763583936748,65.8601594187564,49.01373799955887,1
390.0,-234.33564142074854,454.98702491397887,34.98469343214951,61.45101049649581,64.50578638135946,48.21785196432266,1
395.0,-237.33994451588634,460.82019190005553,34.52279648433305,60.190605319347675,63.49306547804523,47.35670090184036,1
400.0,-240.34424761102414,466.6533588861322,34.08653382792106,58.95723577401419,62.21806654720223,46.52188480096763,0
405.0,-243.34855070616194,472.48652587220886,33.6737149490162,57.80458258034246,60.88660472314001,45.73914876467933,0
410.0,-246.35285380129974,478.31969285828546,33.283141603081084,56.7302103477265,59.60105814510469,45.006675975403795,1
415.0,-249.35715689643757,484.1528598443622,32.914407950192384,55.71202690860147,58.76296836096476,44.31321742939693,1
420.0,-252.36145999157537,489.9860268304388,32.566066263342165,54.72192954268034,57.64296634940303,43.643997903011254,0
425.0,-255.36576308671317,495.81919381651545,32.23732236273867,53.78161225809199,56.37650160879937,43.00946731041533,0
430.0,-258.370066181851,501.6523608025921,31.92821460147455,52.86596597081266,55.72344627100464,42.39709028614361,1
435.0,-261.3743692769888,507.4855277886688,31.64094334017969,51.96600854800834,54.574581557117426,41.80347594409402,1
440.0,-264.3786723721266,513.3186947747454,31.37077320444869,51.08062068427676,53.799862457193235,41.225696944362724,1
445.0,-267.3829754672644,519.151861760822,31.117349167405408,50.20454755952823,52.71199972164782,40.660948363466815,1
450.0,-270.3872785624022,524.9850287468987,30.882726548052684,49.38596505077559,51.66528391069595,40.134345799414135,0
455.0,-273.39158165754,530.8181957329754,30.669073401335194,48.61432713103418,51.01071987518592,39.641700266184685,0
460.0,-276.3958847526778,536.651362719052,30.470330505576808,47.85629742057703,50.337511154011196,39.16331396307692,1
465.0,-279.4001878478156,542.4845297051287,30.28219082515017,47.087941034632756,49.43534051814556,38.685065929891465,0
470.0,-282.4044909429534,548.3176966912054,30.108303777974193,46.34754083469102,48.56618055414201,38.2279223063326,1
475.0,-285.4087940380912,554.150863677282,29.95038718615391,45.63488642361299,47.728903343878564,37.79263680488345,1
480.0,-288.413097133229,559.9840306633586,29.807550415336276,44.947143530835504,47.22925471730517,37.37734697308589,1
485.0,-291.4174002283668,565.8171976494352,29.678735569435467,44.269100530367886,46.50616370874255,36.97391804990168,1
490.0,-294.4217033235046,571.6503646355119,29.56444003867533,43.60528130622039,45.79681371961703,36.58486067244786,1
495.0,-297.4260064186424,577.4835316215886,29.460436505754288,42.95837722156544,45.10196983264213,36.209406863659865,1
500.0,-300.4303095137802,583.3166986076652,29.36775226093166,42.35122666478042,44.35424377416749,35.85948946285604,1
505.0,-303.434612608918,589.1498655937419,29.287149801539023,41.778766158881,43.63480206985797,35.532957980210014,1
510.0,-306.4389157040558,594.9830325798185,29.217553697351562,41.22804858486273,42.94269393936453,35.22280114110714,1
515.0,-309.4432187991936,600.8161995658952,29.1611214508041,40.703663090982694,42.277000424051344,34.932392270893395,1
520.0,-312.4475218943314,606.6493665519719,29.11781966129658,40.22941404767404,41.63683276184443,34.67361685448531,1
525.0,-315.4518249894692,612.4825335380485,29.087816213574992,39.83783349077544,41.43000296098283,34.46282485217522,1
530.0,-318.45612808460703,618.3157005241252,29.068769965618902,39.49151153739,41.09493018781547,34.28014075150445,1
535.0,-321.46043117974483,624.1488675102019,29.061426129198573,39.247281792541585,40.768765104099074,34.15435396087008,1
540.0,-324.46473427488263,629.9820344962785,29.06668015243705,39.06592302338159,41.16726140227382,34.06630158790932,1
545.0,-327.46903737002043,635.8152014823551,29.084542265076713,38.961650002727225,41.565760471669435,34.02309613390197,1
550.0,-330.47334046515823,641.6483684684317,29.11084093957948,38.87863192189069,41.964262232108304,33.99473643073508,1
555.0,-333.47764356029603,647.4815354545084,29.146758574542368,38.83533738559973,42.362766606472974,33.991047980071045,1
560.0,-336.48194665543383,653.314702440585,29.191570416826583,38.829743930989196,42.76127352056194,34.01065717390789,0
565.0,-339.48624975057163,659.1478694266617,29.2475051007484,38.850205590896145,43.15978290295288,34.048855345822275,0
570.0,-342.49055284570943,664.9810364127384,29.312015084081246,38.93251603015905,43.55829468487397,34.122265557120144,0
575.0,-345.49485594084723,670.814203398815,29.38542183374384,39.07433481205145,43.95680880008303,34.22987832289765,0
580.0,-348.49915903598503,676.6473703848917,29.465312954060224,39.285936702474224,44.3553251847505,34.37562482826722,0
585.0,-351.50346213112283,682.4805373709684,29.55355654070984,39.54754430011026,44.75384377735313,34.55055042041005,0
590.0,-354.50776522626063,688.313704357045,29.653213543479463,39.871228503894045,45.152364518568156,34.762221023686756,0
595.0,-357.51206832139843,694.1468713431217,29.761039137286787,40.25880711197087,45.550887351178524,35.00992312462883,0
600.0,-360.51637141653623,699.9800383291982,29.87540535224848,40.65171488102538,45.94941221997773,35.26356011663693,0
605.0,-363.52067451167403,705.8132053152749,29.99587100982137,41.044686280630096,46.347939071685026,35.52027864522573,0
610.0,-366.52497760681183,711.6463723013516,30.122501378366355,41.43771936952075,46.74646785486034,35.78011037394355,0
615.0,-369.52928070194963,717.4795392874282,30.25579020544596,41.83081228407574,47.144998519825926,36.043301244760855,0
620.0,-372.53358379708743,723.3127062735049,30.39660135193929,42.223963234499166,47.543531018592006,36.31028229321923,0
625.0,-375.53788689222523,729.1458732595815,30.54703685059448,42.617170501224784,47.94206530478561,36.582103675909636,0
630.0,-378.54218998736303,734.9790402456582,30.703650062219253,43.01043243152714,48.34060133358224,36.857041246873194,0
635.0,-381.54649308250083,740.8122072317349,30.8658627043521,43.40374743632527,48.739139061643925,37.134805070338686,0
640.0,-384.55079617763863,746.6453742178115,31.035373012683202,43.79711398716758,49.137678447055734,37.416243499925386,0
645.0,-387.55509927277643,752.4785412038882,31.21108981699279,44.19053061338484,49.5362194492696,37.70081021518881,0
650.0,-390.55940236791423,758.3117081899647,31.398638541815373,44.58399589940156,49.93476202904792,37.991317220608465,0
655.0,-393.56370546305203,764.1448751760414,31.594072512359265,44.97750848219482,50.33330614841181,38.28579049727704,0
660.0,-396.56800855818983,769.9780421621181,31.795311842063256,45.37106704889215,50.7318517705913,38.5831894454777,0
665.0,-399.57231165332763,775.8112091481947,32.003436859835546,45.764670334498724,51.13039885997647,38.88405359716714,0
670.0,-402.57661474846543,781.6443761342714,32.217033339057295,46.158317119746634,51.52894738207353,39.18767522940196,0
675.0,-405.58091784360323,787.4775431203481,32.43813856900492,46.5520062290582,51.92749730346004,39.49507239903156,0
680.0,-408.5852209387411,793.3107101064247,32.66543342022604,46.945736528616976,52.3260485917454,39.80558497442151,0
685.0,-411.5895240338789,799.1438770925014,32.89802283646649,47.33950692453914,52.72460121552909,40.11876488050281,0
690.0,-414.5938271290167,804.977044078578,33.13440554547587,47.733316361139735,53.12315514436554,40.4338609533078,0
695.0,-417.5981302241545,810.8102110646547,33.375612464038156,48.12716381928814,53.52171034872641,40.75138814166315,0
700.0,-420.6024333192923,816.6433780507314,33.621472107054025,48.52104831484713,53.92026679996721,41.07126021095058,0
705.0,-423.6067364144301,822.476545036808,33.87481436692184,48.914968897191066,54.318824470293855,41.394891632056456,0
710.0,-426.6110395095679,828.3097120228847,34.136618198676025,49.308924647798165,54.71738333273173,41.72277142323709,0
715.0,-429.6153426047057,834.1428790089612,34.40770865733983,49.702914678913174,55.11594336109646,42.05531166812651,0
720.0,-432.6196456998435,839.9760459950379,34.685609029272925,50.096938132275454,55.51450452996348,42.39127358077419,0
725.0,-435.6239487949813,845.8092129811146,34.972401728563746,50.49099417790979,55.91306681464218,42.73169795323677,0
730.0,-438.6282518901191,851.6423799671912,35.265258512072464,50.88508201297602,56.31163019114862,43.07517026252424,0
735.0,-441.6325549852569,857.4755469532679,35.56370888517387,51.27920086067365,56.7101946361816,43.42145487292376,0
740.0,-444.6368580803947,863.3087139393446,35.86791266787476,51.67334996919925,57.10876012709766,43.770631318537006,0
745.0,-447.6411611755325,869.1418809254212,36.17906177896727,52.06752861075322,57.50732664188807,44.12329519486025,0
750.0,-450.6454642706703,874.9750479114979,36.49214414865936,52.46173608059336,57.90589415915696,44.47694011462636,0
755.0,-453.6497673658081,880.8082148975745,36.80659868814503,52.855971696132606,58.30446265809987,44.83128519213882,0
760.0,-456.6540704609459,886.6413818836512,37.122263690331685,53.25023479607862,58.7030321184847,45.186249243205154,0
765.0,-459.6583735560837,892.4745488697278,37.43899429737384,53.64058480675599,58.975524669194265,45.53978955206492,0
770.0,-462.6626766512215,898.3077158558044,37.75628795594476,54.02687111216773,59.11714045525164,45.89157953405625,0
775.0,-465.6669797463593,904.1408828418811,38.07499178137455,54.41318288242317,59.43490821137719,46.24408733189886,0
780.0,-468.6712828414971,909.9740498279577,38.39507015782195,54.79951953657693,59.83592126134871,46.597294847199436,0
785.0,-471.6755859366349,915.8072168140344,38.71648840403606,55.18588051115371,60.23693577230317,46.95118445759489,0
790.0,-474.6798890317727,921.6403838001111,39.03921275492323,55.57226525949879,60.637951714307654,47.30573900721101,0
795.0,-477.6841921269105,927.4735507861877,39.36321034283469,55.95867325115744,61.03896905823976,47.66094179699607,0
800.0,-480.6884952220483,933.3067177722644,39.68844917864202,56.34510397128158,61.439987775759924,48.016776574961796,0
805.0,-483.6927983171861,939.139884758341,40.01489813266228,56.73155692006174,61.84100783928575,48.373227526362015,0
810.0,-486.6971014123239,944.9730517444177,40.34252691549124,57.118031612184296,62.242029221966646,48.73027926383777,0
815.0,-489.7014045074617,950.8062187304944,40.67130605879629,57.50452757631125,62.64305189765992,49.08791681755377,0
820.0,-492.7057076025995,956.6393857165709,41.00120689611918,57.89104435458277,63.04407584090779,49.44612562535097,0
825.0,-495.7100106977373,962.4725527026476,41.332187888064794,58.27758150214015,63.44510102691494,49.80488469510247,0
830.0,-498.71431379287515,968.3057196887244,41.663889498523716,58.66413858666944,63.846127431526845,50.16401404259658,0
835.0,-501.71861688801295,974.1388866748009,41.996628473082055,59.050715187963775,64.2471550312098,50.523671830522915,0
840.0,-504.72291998315075,979.9720536608776,42.330379306615704,59.43731089750375,64.64818380303127,50.88384510205972,0
845.0,-507.72722307828855,985.8052206469542,42.66511719745192,59.82392531805518,65.04921372463961,51.24452125775355,0
850.0,-510.73152617342635,991.6383876330309,43.00081802905298,60.21055806328362,65.45024477424761,51.6056880461683,0
855.0,-513.7358292685641,997.4715546191076,43.33745835194902,60.59720875738376,65.8512769306136,51.96733355466639,0
857.0,-514.9375505066192,999.8048214135382,43.4723724100117,60.7518739784726,66.0116900983951,52.11212319424215,0
0.0,-648.3465290699844,648.3465290699844,54.13476462384802,78.63782224953735,81.0576128254907,66.38629343669268,0
5.0,-653.973165954743,653.9922796095301,53.74594885282069,77.90069298687465,80.27777234182206,65.82332091984767,0
10.0,-659.5155701358462,659.5913790003705,53.36999006001619,77.1875127132553,79.51461977311492,65.27875138663575,0
15.0,-664.9758071274418,665.1449646992697,53.006286832316476,76.49502938701079,78.77347349151542,64.75065810966363,0
20.0,-670.3558462975078,670.6541289407289,52.65425895608103,75.8222710138637,78.1275564471551,64.23826498497236,0
25.0,-675.6575670016323,676.119921202271,52.313046046980006,75.16514834310237,77.55863922977046,63.73909719504119,0
30.0,-680.8827642197357,681.5433505005446,51.98209029409513,74.53612523126442,76.88396907085821,63.259107762679776,0
35.0,-686.0331537441731,686.9253875321367,51.66130398907838,73.93705009710426,76.22714710519239,62.79917704309132,0
40.0,-691.1103769621669,692.2669666716653,51.350292146968826,73.3542842351534,75.58740451807219,62.35228819106111,0
45.0,-696.1160052707376,697.5689878385431,51.048627690307946,72.78665442521822,74.96401813715588,61.91764105776308,0
50.0,-701.0515441581218,702.8323182427563,50.75592967767376,72.23549896859362,74.35630700504605,61.49571432313369,0
55.0,-705.9184369820124,708.0577940190528,50.47179779611166,71.7086369302775,73.76362926145254,61.09021736319458,0
60.0,-710.7180684717397,713.246221758097,50.19595158240139,71.20450815247091,73.18537930240068,60.70022986743615,0
65.0,-715.4517679786902,718.3983799423781,49.92802186229633,70.7132153549494,72.62098518784204,60.320618608622866,0
70.0,-720.1208124967711,723.515020293988,49.667739124790174,70.2336883303576,72.13539878349884,59.950713727573884,0
75.0,-724.7264294725221,728.5968690407547,49.41452314292856,69.7617389177101,71.78251223535743,59.58813103031933,0
80.0,-729.2697994225354,733.6446281066774,49.167801873966965,69.29442947745162,71.23452530581183,59.23111567570929,0
85.0,-733.752058374113,738.6589762320957,48.92798537327022,68.84310129588978,70.69938131882822,58.88554333458,0
90.0,-738.1743001435547,743.6405700285768,48.694853249044996,68.40235758696271,70.24901827830128,58.54860541800385,0
95.0,-742.5375784651056,748.5900449730967,48.466488046368,67.95619151915149,69.81827669517114,58.211339782759744,0
100.0,-746.84290898237,753.5080163457112,48.242797901464016,67.50894606952875,69.32833669727779,57.87587198549638,0
105.0,-751.0912711129106,758.395080114585,48.02477926141931,67.07819466083777,68.84895720478643,57.55148696112854,0
110.0,-755.2836097957786,763.2518137719306,47.81240665115886,66.65669101176894,68.37976883330737,57.2345488314639,0
115.0,-759.4208371308412,768.0787771241356,47.60557843238619,66.24411515171809,67.98358387411037,56.924846792052136,0
120.0,-763.5038339179937,772.8765130390982,47.40319587022573,65.8312930698049,67.56707758012341,56.617244470015315,0
125.0,-767.5334511036366,777.645548153565,47.205594022433004,65.42373939454495,67.17450322185698,56.31466670848898,0
130.0,-771.510511141158,782.3863935430439,47.01214573537413,65.01658739823827,66.7257786466588,56.0143665668062,0
135.0,-775.4358092715971,787.0995453566828,46.823644510706835,64.62353848736811,66.28614477695518,55.72359149903747,0
140.0,-779.310114730138,791.7854854193154,46.63981832702633,64.23833559221197,65.85530529111811,55.43907695961915,0
145.0,-783.1341718836218,796.4446818027263,46.46048724665054,63.86096610175157,65.43297722177219,55.16072667420106,0
150.0,-786.9087013038368,801.077589368028,46.285510861012185,63.50023633174252,65.01889019347293,54.892873596377356,0
155.0,-790.6344007809656,805.6846502809127,46.11500063526816,63.14639441222736,64.61278571287711,54.630697523747756,0
160.0,-794.3119462812149,810.2662945014137,45.94875223724241,62.799228177911736,64.21441650718157,54.37399020757707,0
165.0,-797.9419928523404,814.822940249699,45.78684600351989,62.46532527046344,63.85946529626623,54.12608563699166,0
170.0,-801.5251754804888,819.3549944493097,45.62900907254014,62.139473293755124,63.72817075804275,53.88424118314764,0
175.0,-805.0621099015153,823.8628531491631,45.47414364264371,61.81173129736622,63.34901875593611,53.642937470004966,0
180.0,-808.5533933696956,828.3469019255458,45.32338225127313,61.49105017995617,62.97679735359693,53.40721621561465,0
185.0,-811.9996053865324,832.8075162652437,45.17653661303248,61.18197691787782,62.611303348350525,53.17925676545515,0
190.0,-815.4013083921559,837.245061930878,45.03358314792075,60.87836045647921,62.252341786189014,52.95597180219998,0
195.0,-818.7590484216341,841.6598953094414,44.89389409717003,60.5800460375301,61.89972553747803,52.73697006735007,0
200.0,-822.0733557283401,846.0523637449717,44.75813811423534,60.288589322184244,61.69183724321046,52.523363718209794,0
205.0,-825.3447453763707,850.4228058562319,44.62508632465497,60.00065423430028,61.3682352555253,52.31287027947762,0
210.0,-828.5737178038693,854.7715518402131,44.495134881663816,59.717604310492426,61.02626902051241,52.106369596078125,0
215.0,-831.7607593589735,859.0989237622267,44.368751031593945,59.4392607002004,60.69018566914877,51.904005865897176,0
220.0,-834.906342809991,863.4052358332987,44.245440832815284,59.16248526157619,60.46556910783537,51.703963047195735,0
225.0,-838.0109278312968,867.6907946755405,44.12501936241656,58.88408304869115,60.177378876581685,51.50455120555385,0
230.0,-841.0749614663416,871.9558995761242,44.007072393964194,58.60465888421507,59.872892919135715,51.30586563908963,0
235.0,-844.0988785690689,876.2008427304552,43.8924839807768,58.330032426458565,59.57323213196772,51.11125820361768,0
240.0,-847.0831022249523,880.4259094750955,43.780966295937304,58.059763047984,59.27827291922897,50.920364671960655,0
245.0,-850.0280441527849,884.6313785109642,43.67253464485381,57.79373978420799,58.987896087040454,50.7331372145309,0
250.0,-852.9341050882754,888.8175221173001,43.56628424677745,57.52719501270819,58.739873859760834,50.54673962974282,0
255.0,-855.8016751504435,892.9846063568539,43.462696226597316,57.26775081255782,58.44637434776443,50.36522351957757,0
260.0,-858.6311341917371,897.1328912727416,43.36153696600645,57.01252903217372,58.15740986784724,50.18703299909008,0
265.0,-861.4228521327414,901.2626310773718,43.26295867521716,56.76148295545212,57.872868809010996,50.01222081533464,0
270.0,-864.1771892822891,905.3740743338287,43.16698980532149,56.51418622362224,57.623291595131214,49.84058801447186,0
275.0,-866.8944966437389,909.4674641300817,43.073199342781294,56.26697295872473,57.42376625156822,49.67008615075301,0
280.0,-869.5751162081311,913.5430382463569,42.981722794512464,56.02105684651817,57.15281091881945,49.501389820515314,0
285.0,-872.2193812348992,917.6010293160042,42.89279159520284,55.77871194815627,56.88585217856428,49.335751771679554,0
290.0,-874.8276165207614,921.6416649801572,42.80663372781561,55.53985503628268,56.62279621143567,49.17324438204915,0
295.0,-877.4001386573916,925.6651680364829,42.72297696900699,55.30440559023144,56.36355227056077,49.013691279619216,0
300.0,-879.9372562784243,929.6717565822904,42.642163320877316,55.07228568441402,56.10803255409225,48.857224502645664,0
305.0,-882.4392702963196,933.6616441522598,42.563427676475,54.843419882286035,55.8561520841518,48.703423779380515,0
310.0,-884.9064741295828,937.6350398510339,42.4872657948257,54.6177351355678,55.60782859179713,48.55250046519675,0
315.0,-887.339153920806,941.5921484809078,42.41297306113444,54.395160688414315,55.38514157931843,48.40406687477437,0
320.0,-889.73758874597,945.5331706648334,42.340615243121036,54.174192784470655,55.270480550704,48.25740401379585,0
325.0,-892.1020508154204,949.458302964948,42.269940354962614,53.952250816635356,55.03059473552361,48.111095585798985,0
330.0,-894.432805666911,953.3677379968248,42.20186609796731,53.73799322597171,54.79398193194789,47.96992966196951,0
335.0,-896.7301123510819,957.2616645396304,42.135841583754924,53.52666640251114,54.56057148624697,47.83125399313303,0
340.0,-898.9942236097223,961.1402676423704,42.0722411778342,53.318186744747,54.330294883203194,47.695213961290605,0
345.0,-901.2253860471483,965.0037287263876,42.01052413338894,53.11250800137172,54.10308566425442,47.56151606738033,0
350.0,-903.4238402950048,968.8522256842755,41.95047255223266,52.90959734171196,53.87887934943902,47.43003494697231,0
355.0,-905.5898211707904,972.6859329753588,41.89238145466382,52.709296382813925,53.65761336293838,47.300838918738876,0
360.0,-907.7235578303809,976.5050217178838,41.83639135555633,52.51155141898475,53.439226962026886,47.17397138727054,0
365.0,-909.8252739148177,980.3096597780586,41.78220882350716,52.31631029453814,53.223661169242625,47.04925955902265,0
370.0,-911.895187691611,984.1000118560706,41.729983682469864,52.1235223471835,53.010858707606324,46.92675301482669,0
375.0,-913.9335121907947,987.8762395692091,41.67962205772082,51.93313835392941,52.800763938736004,46.806380205825114,0
380.0,-915.9404553359581,991.6385015322077,41.630720749751674,51.745110479370524,52.59332280369897,46.6879156145611,0
385.0,-917.9162200704684,995.3869534349225,41.58384770379152,51.55955174748061,52.44574342867156,46.571699725636066,0
390.0,-919.8610044790848,999.1217481174509,41.53938617805706,51.380214280817206,52.30071673527076,46.459800229437135,0
395.0,-918.6811198669536,1000.0,41.41870122824289,51.14740420909884,52.12904212478833,46.28305271867086,0
400.0,-916.515138991168,1000.0,41.27379983722061,50.88704568730209,51.85993606982415,46.08042276226135,0
405.0,-914.3166847433115,1000.0,41.130542413224674,50.62723430041862,51.59156654140739,45.87888835682165,0
410.0,-912.0855223058855,1000.0,40.98897532586187,50.371951935993145,51.32478203483479,45.680463630927505,0
415.0,-909.8214110472451,1000.0,40.84842676311626,50.11998805282459,51.05853743268066,45.48420740797042,0
420.0,-907.5241043630742,1000.0,40.70976025316965,49.86864949225605,50.792821488085906,45.289204872712844,0
425.0,-905.1933495115836,1000.0,40.57311801274079,49.61779983757167,50.52762300981164,45.09545892515623,0
430.0,-902.8288874421332,1000.0,40.438095215628024,49.36742846624565,50.26293086075344,44.90276184093683,0
435.0,-900.4304526169692,1000.0,40.30603869104223,49.11752480302299,49.99873395653019,44.71178174703261,0
440.0,-897.997772825746,1000.0,40.176605010376406,48.868078318530785,49.7350212641559,44.52234166445359,0
445.0,-895.5305689924828,1000.0,40.04911723899414,48.61907852796298,49.471781800795945,44.33409788347856,0
450.0,-893.0285549745876,1000.0,39.92363165278531,48.37051498984399,49.26455175531324,44.14707332131465,0
455.0,-890.4914373535548,1000.0,39.79978628432019,48.11678769802937,49.04950977137461,43.95828699117478,0
460.0,-887.9189152169246,1000.0,39.678731874340926,47.86171166212938,48.77803885902558,43.77022176823515,0
465.0,-885.3106799310624,1000.0,39.56055739678824,47.60841529464317,48.557747618456105,43.5844863457157,0
470.0,-882.6664149042944,1000.0,39.443121718333046,47.352308749304285,48.29496101678874,43.397715233818666,0
475.0,-879.9857953399021,1000.0,39.327634620039724,47.09660193200529,48.032556882161124,43.21211827602251,0
480.0,-877.2684879784523,1000.0,39.21337026223979,46.84128420851269,47.770524316038276,43.02732723537624,0
485.0,-874.5141508289046,1000.0,39.100713446664784,46.5863449819606,47.508852450609005,42.843529214312696,0
490.0,-871.7224328879004,1000.0,38.99037480715294,46.331855198002806,47.24753044814176,42.66111500257787,0
495.0,-868.8929738466068,1000.0,38.88305414910248,46.0791866130657,46.9865475004813,42.48112038108409,0
500.0,-866.0254037844386,1000.0,38.77698541013527,45.82909302026529,46.72589282869188,42.30303921520028,0
505.0,-863.1193428489481,1000.0,38.67309802671528,45.579330296952485,46.46555568286457,42.126214161833886,0
510.0,-860.1744009211155,1000.0,38.57146566779798,45.3298881359645,46.20552534209772,41.95067690188124,0
515.0,-857.1901772652321,1000.0,38.472628649548156,45.080831137320494,45.945791114669134,41.77672989343432,0
520.0,-854.1662601625048,1000.0,38.3763894867177,44.83221109519609,45.686342338414875,41.60430029095689,0
525.0,-851.1022265274601,1000.0,38.28239864077128,44.58387885212096,45.427168381332045,41.43313874644612,0
530.0,-847.9976415061542,1000.0,38.1916235059896,44.34022507045402,45.16825864242697,41.26592428822181,0
535.0,-844.8520580551367,1000.0,38.10509874696238,44.09776503504876,44.909602552829696,41.101431891005575,0
540.0,-841.6650165000325,1000.0,38.0217010700764,43.85555516544999,44.6511895771996,40.9386281177632,0
545.0,-838.436044072534,1000.0,37.94150919974633,43.613585528499556,44.393009215447464,40.77754736412294,0
550.0,-835.1646544245033,1000.0,37.865513712285626,43.371846227775734,44.13505100480593,40.61867997003068,0
555.0,-831.8503471177974,1000.0,37.793022671456555,43.13138788607978,43.87730452227645,40.46220527876817,0
560.0,-828.4926070883191,1000.0,37.72365605369648,42.892190032188886,43.61975938749329,40.30792304294268,0
565.0,-825.0909040826956,1000.0,37.65633153339911,42.65319017624759,43.42403979446576,40.15476085482335,0
570.0,-821.6446920658589,1000.0,37.59148904247391,42.41979007832981,43.293472601386874,40.00563956040186,0
575.0,-818.1534085976785,1000.0,37.52929243380956,42.21194066507966,43.0525223919718,39.870616549444605,0
580.0,-814.616474176652,1000.0,37.47077452621131,42.02014708149879,42.80630754225435,39.74546080385505,0
585.0,-811.0332915485036,1000.0,37.41526247759508,41.874735281673125,42.55932298637604,39.6449988796341,0
590.0,-807.4032449773781,1000.0,37.36394354684965,41.756759595874286,42.58322545533852,39.56035157136196,0
595.0,-803.7256994771288,1000.0,37.31580428458931,41.68074111912701,42.77294571538833,39.49827270185816,0
605.0,-796.225470579785,1000.0,37.22952707707962,41.58738120820067,43.16557961121758,39.40845414264014,0
610.0,-792.4014134263012,1000.0,37.19046156002999,41.557979672031834,43.36876690998137,39.37422061603091,0
615.0,-788.5271079677603,1000.0,37.15508713456451,41.55586825266993,43.57672739417818,39.35547769361722,0
620.0,-784.6018098373212,1000.0,37.123915443845405,41.59550141520426,43.78961421930039,39.35970842952483,0
625.0,-780.6247497997998,1000.0,37.09673701089611,41.682500965230346,44.00758778040648,39.38961898806323,0
630.0,-776.5951326141569,1000.0,37.074770564913116,41.80601602153469,44.230816152362124,39.440393293223906,0
635.0,-772.5121358270044,1000.0,37.05725848764162,41.96943119542208,44.459475563285025,39.51334484153185,0
640.0,-768.3749084919418,1000.0,37.04369914874245,42.16512155078256,44.69375090419122,39.6044103497625,0
645.0,-764.1825698090738,1000.0,37.03365887081843,42.365961542576535,44.93383627815923,39.69981020669748,0
650.0,-759.9342076785332,1000.0,37.02920049143826,42.57213133855938,45.179935592675534,39.80066591499882,0
655.0,-755.6288771612689,1000.0,37.03188047466744,42.78382035727419,45.43226319923159,39.90785041597081,0
660.0,-751.2655988397179,1000.0,37.04059939907518,43.001227880167676,45.69104458468579,40.020913639621426,0
665.0,-746.8433570702762,1000.0,37.0548202439048,43.22456371395911,45.95651711941094,40.13969197893195,0
670.0,-742.3610981186986,1000.0,37.07582143303091,43.45404890820512,46.22893086781413,40.26493517061802,0
675.0,-737.8177281686853,1000.0,37.100668694298264,43.689916533573665,46.508549467469166,40.395292613935965,0
680.0,-733.2121111929343,1000.0,37.13147001291363,43.93241252698338,46.79565108381731,40.531941269948504,0
685.0,-728.5430666748534,1000.0,37.16684273916484,44.18179661049851,47.090529448236076,40.67431967483168,0
690.0,-723.8093671679029,1000.0,37.206705795093484,44.438343291699354,47.39349498820481,40.82252454339642,0
695.0,-719.0097356781756,1000.0,37.25224779348509,44.70234295419676,47.70487605937361,40.977295373840924,0
700.0,-714.142842854285,1000.0,37.30286766829194,44.97410304803998,48.025020290570936,41.13848535816596,0
705.0,-709.2073039669008,1000.0,37.361185742136726,45.25394939100358,48.35429605417254,41.30756756657016,0
710.0,-704.2016756583301,1000.0,37.427488871054315,45.54222759315723,48.69309407587508,41.48485823210577,0
715.0,-699.1244524403363,1000.0,37.50325178603005,45.8393046187497,49.04182919975045,41.67127820238987,0
720.0,-693.9740629158989,1000.0,37.58826541859486,46.145570501313195,49.400942326587625,41.86691795995402,0
725.0,-688.7488656977955,1000.0,37.682588978078954,46.4614402300578,49.770902545973364,42.07201460406838,0
730.0,-683.447144993671,1000.0,37.78477528610582,46.787355828129556,50.152209485409365,42.28606555711769,0
735.0,-678.0671058236051,1000.0,37.89595731432112,47.123788646207636,50.54539590303888,42.509872980264376,0
740.0,-672.6068688320095,1000.0,38.0180261001361,47.47124189829364,50.951030554402735,42.74463399921487,0
745.0,-667.0644646509062,1000.0,38.147086051656245,47.83025347048396,51.369721368086346,42.9886697610701,0
750.0,-661.4378277661476,1000.0,38.28208591032899,48.20139903811936,51.80211897035867,43.241742474224175,0
755.0,-655.7247898318318,1000.0,38.423224011087214,48.58529553210795,52.24892060501683,43.50425977159758,0
760.0,-649.9230723708769,1000.0,38.5708275524107,48.98260500157073,52.71087450185901,43.77671627699071,0
765.0,-644.0302787913004,1000.0,38.72524892969679,49.39403892745874,53.18878475571866,44.05964392857776,0
770.0,-638.0438856379708,1000.0,38.886868242085924,49.82036305066796,53.68351678805699,44.35361564637694,0
775.0,-631.9612329882269,1000.0,39.05609610893616,50.26240278873168,54.19600347509529,44.65924944883392,0
780.0,-625.7795138864806,1000.0,39.2333768419758,50.72104932774644,54.72725204073319,44.97721308486112,0
785.0,-619.4957626973732,1000.0,39.41919202721838,51.19726649124678,55.278351829599394,45.308229259232576,0
790.0,-613.1068422387733,1000.0,39.61406458041252,51.69209850583639,55.85048309611834,45.65308154312446,0
795.0,-606.6094295343586,1000.0,39.818563351497254,52.20667880520557,56.44492697026561,46.012621078351415,0
805.0,-593.2748098478478,1000.0,40.25897682235835,53.30012549807648,57.706451032618936,46.779551160217416,0
810.0,-586.4298764558299,1000.0,40.4963099371197,53.881802161900936,58.376708102086624,47.18905604951031,0
815.0,-579.4609564069007,1000.0,40.745312326287475,54.480790452040374,58.81693499163362,47.61305138916393,0
820.0,-572.3635208501673,1000.0,41.00707245886126,55.10079508329212,59.397272821126,48.053933771076686,0
825.0,-565.1327277728658,1000.0,41.282881071269486,55.74925137968412,60.157091973409976,48.516066225476806,0
830.0,-557.7633906953736,1000.0,41.5740174628675,56.42824873213658,60.9523458834867,49.00113309750204,0
835.0,-550.2499432076299,1000.0,41.88172270890756,57.140097717750734,61.78573004545521,49.51091021332915,0
840.0,-542.5863986500215,1000.0,42.207332622559576,57.887361070658486,62.66023566356423,50.04734684660903,0
845.0,-534.7663040992766,1000.0,42.55233695472744,58.672890118624316,63.579192606612516,50.61261353667588,0
850.0,-526.7826876426369,1000.0,42.91840270106502,59.49986786258781,64.54632023309227,51.20913528182642,0
855.0,-518.6279977016281,1000.0,43.30740184561106,60.371860178815304,65.56578784872826,51.83963101221318,0
857.0,-515.3164076564999,1000.0,43.46988666589375,60.73414289839169,65.98926157044313,52.10201478214272,0
0.0,556.041646018409,556.041646018409,55.54171060577583,83.55714669037722,86.01054753482985,69.54942864807653,0
0.0,-556.041646018409,556.041646018409,55.54171060577585,83.55714669037721,86.01054753482964,69.54942864807653,0
857.1673007021122,515.0380749100543,1000.0,43.48366462053478,60.76481190529388,66.02510872402854,52.12423826291433,0
857.1673007021122,-515.0380749100543,1000.0,43.48366462053477,60.7648119052939,66.02510872402854,52.12423826291433,0
