x_m,y_m,distance_m,mean_diameter_m,cvar_diameter_m,composite_m,cost_s
666.8144759,-526.8109672,849.8066489,33.4572861,42.25959197,37.85843904,249.8908746
666.8144759,526.8109672,849.8066489,33.47084099,42.25959197,37.86521648,249.9042885
669.2240053,-530.4243076,853.9383557,33.62231657,42.41335731,38.01783694,251.0326968
669.2240053,-525.3631758,850.8038762,33.56819536,42.46333706,38.01576621,250.4017025
669.2240053,525.3631758,850.8038762,33.58310144,42.46333706,38.02321925,250.4164536
669.2240053,530.4243076,853.9383557,33.63761044,42.41335731,38.02548388,251.0478316
670,-530,854.2833254,33.65827883,42.47804982,38.06816432,251.2012988
670,-525,851.190343,33.60531653,42.52833552,38.06682603,250.5800536
670,525,851.190343,33.62067579,42.52833552,38.07450566,250.5952531
670,530,854.2833254,33.67401823,42.47804982,38.07603402,251.2168746
671.6335348,-534.003978,858.0511952,33.78714183,42.5677868,38.17746431,252.1711997
671.6335348,-523.9153845,851.8092129,33.68067489,42.66926196,38.17496843,250.9178634
671.6335348,523.9153845,851.8092129,33.69696767,42.66926196,38.18311482,250.9339867
671.6335348,534.003978,858.0511952,33.80419397,42.5677868,38.18599038,252.1880745
674.0430642,-537.5506198,862.1454177,33.95178438,42.72284438,38.33731438,253.3064199
674.0430642,-522.4675931,852.82263,33.79476489,42.87738498,38.33607493,251.4394093
674.0430642,522.4675931,852.82263,33.81245541,42.87738498,38.34492019,251.4569159
674.0430642,537.5506198,862.1454177,33.97058957,42.72284438,38.34671697,253.3250296
675,-535,861.3071461,33.9742427,42.82103812,38.39764041,253.2581631
675,-530,858.2103472,33.92165808,42.87085271,38.3962554,252.6360621
675,-525,855.1315688,33.87100714,42.92489,38.39794857,252.0236576
675,525,855.1315688,33.88947896,42.92489,38.40718448,252.0419373
675,530,858.2103472,33.94049346,42.87085271,38.40567309,252.6547016
675,535,861.3071461,33.9934472,42.82103812,38.40724266,253.2771679
676.4525936,-541.0648525,866.2212685,34.11624253,42.87849624,38.49736938,254.4383715
676.4525936,-521.0198018,853.8440989,33.91048111,43.08772465,38.49910288,251.9663685
676.4525936,521.0198018,853.8440989,33.92958058,43.08772465,38.50865261,251.9852694
676.4525936,541.0648525,866.2212685,34.13679563,42.87849624,38.50764593,254.4587109
678.862123,-544.5472748,870.2789878,34.280507,43.03471058,38.65760879,255.5670617
678.862123,-519.5720104,854.8735907,34.02783951,43.30029969,38.6640696,252.4987695
678.862123,519.5720104,854.8735907,34.0483593,43.30029969,38.67432949,252.5190759
678.862123,544.5472748,870.2789878,34.30281092,43.03471058,38.66876075,255.5891337
680,-545,871.4499412,34.34492746,43.11878526,38.73185636,255.9482034
680,-540,868.3317338,34.29089738,43.1640782,38.72748779,255.3159157
680,-535,865.231183,34.23869041,43.21343048,38.72606044,254.6929805
680,-530,862.1484791,34.1884112,43.26695725,38.72768422,254.0796535
680,-525,859.0838143,34.14011077,43.3247781,38.73244443,253.4761419
680,-520,856.0373824,34.0938421,43.38701723,38.74042966,252.88266
680,520,856.0373824,34.11511155,43.38701723,38.75106439,252.9037082
680,525,859.0838143,34.16172087,43.3247781,38.74324948,253.4975273
680,530,862.1484791,34.21036785,43.26695725,38.73866255,254.1013818
680,535,865.231183,34.26099941,43.21343048,38.73721494,254.7150575
680,540,868.3317338,34.3135644,43.1640782,38.7388213,255.338347
680,545,871.4499412,34.36801355,43.11878526,38.74339941,255.9710494
681.2716525,-547.9984655,874.3188107,34.44442886,43.19145754,38.8179432,256.6923607
681.2716525,-518.1242191,855.9110765,34.14685623,43.51512905,38.83099264,253.0366413
681.2716525,518.1242191,855.9110765,34.16880788,43.51512905,38.84196847,253.0583647
681.2716525,547.9984655,874.3188107,34.46863455,43.19145754,38.83004605,256.7163146
683.6811819,-551.4189843,878.3409672,34.60816343,43.34870903,38.97843623,257.8144403
683.6811819,-516.6764278,856.9565272,34.26754756,43.73223186,38.99988971,253.5800131
683.6811819,516.6764278,856.9565272,34.29094281,43.73223186,39.01158734,253.6031651
683.6811819,551.4189843,878.3409672,34.63426589,43.34870903,38.99148746,257.8402713
685,-550,878.4787988,34.66157894,43.46228478,39.06193186,258.0072614
685,-545,875.35707,34.60800204,43.50716874,39.05758539,257.3743131
685,-540,872.2528303,34.55629753,43.55606724,39.05618238,256.7506884
685,-535,869.1662672,34.50648075,43.60909309,39.05778692,256.1365514
685,-530,866.0975696,34.45854527,43.66636341,39.06245434,255.5320497
685,-525,863.046928,34.41263456,43.72799979,39.07031717,254.9374835
685,-520,860.0145348,34.36880305,43.79412851,39.08146578,254.3530702
685,520,860.0145348,34.39325463,43.79412851,39.09369157,254.3772675
685,525,863.046928,34.4374091,43.72799979,39.08270444,254.9620004
685,530,866.0975696,34.48364892,43.66636341,39.07500617,255.5568923
685,535,869.1662672,34.53191954,43.60909309,39.07050632,256.1617257
685,540,872.2528303,34.58216842,43.55606724,39.06911783,256.7762902
685,545,875.35707,34.63434494,43.50716874,39.07075684,257.4003821
685,550,878.4787988,34.68840033,43.46228478,39.07534255,258.0338039
686.0907113,-554.8093731,882.3456832,34.77171029,43.50643864,39.13907446,258.9333192
686.0907113,-515.2286364,858.0099136,34.38993003,43.9516275,39.17077877,254.1289145
686.0907113,515.2286364,858.0099136,34.41478078,43.9516275,39.18320414,254.1535069
686.0907113,554.8093731,882.3456832,34.79970465,43.50643864,39.15307164,258.9610225
688.5002408,-558.1701563,886.3331794,34.93506932,43.66462151,39.29984541,260.0490168
688.5002408,-513.7808451,859.0712068,34.51402035,44.17333554,39.34367795,254.6833758
688.5002408,513.7808451,859.0712068,34.54033868,44.17333554,39.35683711,254.7094205
688.5002408,558.1701563,886.3331794,34.96495076,43.66462151,39.31478613,260.0785875
690,-560,888.6506625,35.03388651,43.76520783,39.39954717,260.7098435
690,-555,885.5083286,34.97887105,43.80582611,39.39234858,260.0671292
690,-550,882.3831367,34.92567609,43.85030847,39.38799228,259.4334689
690,-545,879.2752698,34.87434812,43.8987615,39.38655481,258.8090504
690,-540,876.184912,34.8249353,43.95129576,39.38811553,258.1940678
690,-535,873.1122494,34.77748763,44.00802597,39.3927568,257.5887213
690,-530,870.0574694,34.73205696,44.06907118,39.40056407,256.9932175
690,-525,867.020761,34.68858537,44.13455503,39.4115702,256.4076592
690,-520,864.0023148,34.64723121,44.20460591,39.42591856,255.8323683
690,-515,861.0023229,34.60806268,44.27935723,39.44370996,255.2675827
690,515,861.0023229,34.63542514,44.27935723,39.45739119,255.2946606
690,520,864.0023148,34.67489196,44.20460591,39.43974893,255.8597414
690,525,867.020761,34.71655094,44.13455503,39.42555299,256.435334
690,530,870.0574694,34.76034389,44.06907118,39.41470754,257.0212103
690,535,873.1122494,34.80621475,44.00802597,39.40712036,257.6171497
690,540,876.184912,34.85410958,43.95129576,39.40270267,258.2229387
690,545,879.2752698,34.90397638,43.8987615,39.40136894,258.8383706
690,550,882.3831367,34.95576506,43.85030847,39.40303676,259.4632449
690,555,885.5083286,35.0094273,43.80582611,39.40762671,260.0973677
690,560,888.6506625,35.06491652,43.76520783,39.41506218,260.7405508
690.9097702,-561.5018418,890.3036723,35.0982406,43.82323422,39.46073741,261.1615534
690.9097702,-512.3330537,860.1403772,34.63983541,44.39737578,39.51860559,255.2434272
690.9097702,512.3330537,860.1403772,34.66763358,44.39737578,39.53250468,255.2709363
690.9097702,561.5018418,890.3036723,35.13000438,43.82323422,39.4766193,261.1929869
693.3192996,-564.8049216,894.2573738,35.26113999,43.98225476,39.62169737,262.2708661
693.3192996,-510.8852624,861.2173956,34.7673923,44.62376824,39.69558027,255.8090998
693.3192996,510.8852624,861.2173956,34.79668277,44.62376824,39.7102255,255.8380857
693.3192996,564.8049216,894.2573738,35.29486593,43.98225476,39.63856035,262.3042414
695,-565,895.6840961,35.3512715,44.10914356,39.73020753,262.7709742
695,-560,892.5385146,35.29670474,44.14940823,39.72305649,262.1277046
695,-555,889.4099167,35.24395288,44.19349614,39.71872451,261.4934112
695,-550,886.2984825,35.19301517,44.24151179,39.71726348,260.8682326
695,-545,883.2043931,35.14397201,44.29356353,39.71876777,260.252392
695,-540,880.1278316,35.0968876,44.34976375,39.72332568,259.6461008
695,-535,877.0689825,35.05181324,44.41022908,39.73102116,259.0495619
695,-530,874.0280316,35.00880217,44.47508054,39.74194136,258.462985
695,-525,871.0051665,34.96790968,44.5444438,39.75617674,257.8865867
695,-520,868.000576,34.92913318,44.61844939,39.77379129,257.3205313
695,-515,865.0144507,34.89253307,44.69723292,39.79488299,256.7650511
695,-510,862.0469825,34.85823141,44.78093536,39.81958339,256.2204445
695,510,862.0469825,34.88857697,44.78093536,39.83475617,256.2504745
695,515,865.0144507,34.92315106,44.69723292,39.81019199,256.7953507
695,520,868.000576,34.96003058,44.61844939,39.78923999,257.3511075
695,525,871.0051665,34.99915339,44.5444438,39.77179859,257.9175055
695,530,874.0280316,35.04045968,44.47508054,39.75777011,258.4943133
695,535,877.0689825,35.08389192,44.41022908,39.7470605,259.081307
695,540,880.1278316,35.12939469,44.34976375,39.73957922,259.6782698
695,545,883.2043931,35.1769146,44.29356353,39.73523906,260.2849921
695,550,886.2984825,35.22640023,44.24151179,39.73395601,260.9012705
695,555,889.4099167,35.27780197,44.19349614,39.73564906,261.5269083
695,560,892.5385146,35.331072,44.14940823,39.74024012,262.1617145
695,565,895.6840961,35.38616417,44.10914356,39.74765386,262.8055041
695.728829,-568.0798729,898.194492,35.42381984,44.14166237,39.7827411,263.3770281
695.728829,-509.437471,862.3022326,34.89668424,44.85229229,39.87448826,256.3801624
695.728829,509.437471,862.3022326,34.92747965,44.85229229,39.88988597,256.4106376
695.728829,568.0798729,898.194492,35.45953599,44.14166237,39.80059918,263.4123728
698.1383585,-571.327158,902.1152305,35.58631354,44.30143748,39.94387551,264.4800935
698.1383585,-507.9896797,863.3948589,35.02749889,45.08067011,40.0540845,256.9541452
698.1383585,507.9896797,863.3948589,35.05981208,45.08067011,40.0702411,256.9861223
698.1383585,571.327158,902.1152305,35.62401533,44.30143748,39.96272641,264.5174032
700,-570,902.7181177,35.66917361,44.45311292,40.06114327,264.8327676
700,-565,899.5693414,35.61499127,44.49303014,40.0540107,264.1888956
700,-560,896.4373932,35.56261886,44.53673058,40.04967472,263.5539242
700,-555,893.3224502,35.51210196,44.5843167,40.04820933,262.9280353
700,-550,890.2246907,35.46348779,44.63589474,40.04969127,262.3114164
700,-545,887.1442949,35.41682529,44.69157483,40.05420006,261.7042611
700,-540,884.0814442,35.37216055,44.75147121,40.06181588,261.1067642
700,-535,881.0363216,35.32949708,44.8157024,40.07259974,260.5190831
700,-530,878.0091116,35.28894406,44.88439144,40.08666775,259.9414846
700,-525,875,35.25051828,44.95726668,40.10389248,259.3737535
700,-520,872.0091743,35.21423461,45.03401986,40.12412723,258.815637
700,-515,869.0368232,35.18023084,45.11556834,40.14789959,258.2682171
700,-510,866.0831369,35.14845593,45.20205358,40.17525476,257.7316213
700,510,866.0831369,35.1821051,45.20205358,40.19207934,257.7649206
700,515,869.0368232,35.21413277,45.11556834,40.16485055,258.3017665
700,520,872.0091743,35.24851335,45.03401986,40.1412666,258.8495593
700,525,875,35.28518319,44.95726668,40.12122493,259.4080579
700,530,878.0091116,35.32400295,44.88439144,40.10419719,259.9761789
700,535,881.0363216,35.36495763,44.8157024,40.09033002,260.5541749
700,540,884.0814442,35.40803028,44.75147121,40.07975075,261.1422609
700,545,887.1442949,35.4531661,44.69157483,40.07237046,261.740224
700,550,890.2246907,35.50031227,44.63589474,40.06810351,262.347858
700,555,893.3224502,35.5494179,44.5843167,40.0668673,262.9649632
700,560,896.4373932,35.60043389,44.53673058,40.06858223,263.591346
700,565,899.5693414,35.65331289,44.49303014,40.07317152,264.2268187
700,570,902.7181177,35.7080092,44.45311292,40.08056106,264.8711994
700.5478879,-574.5472258,906.0197889,35.7485023,44.46156165,40.10503198,265.5799666
700.5478879,-506.5418884,864.4952446,35.16010506,45.31143343,40.23576924,257.5338133
700.5478879,506.5418884,864.4952446,35.19394905,45.31143343,40.25269124,257.5673054
700.5478879,574.5472258,906.0197889,35.78830491,44.46156165,40.12493328,265.6193553
702.9574173,-577.7405115,909.9083631,35.91047618,44.62201751,40.26624685,266.6767584
702.9574173,-505.094097,865.6033603,35.29452062,45.54460294,40.41956178,258.1191992
702.9574173,505.094097,865.6033603,35.32990864,45.54460294,40.43725579,258.1542193
702.9574173,577.7405115,909.9083631,35.95240581,44.62201751,40.28721166,266.718252
705,-580,912.9211357,36.04282884,44.76118634,40.40200759,267.548011
705,-575,909.7527137,35.98741367,44.79711511,40.39226439,266.8950428
705,-570,906.6007942,35.9337593,44.83669086,40.38522508,266.2507267
705,-565,903.46555,35.88185898,44.88001061,40.3809348,265.6151865
705,-560,900.3471553,35.83171462,44.92717488,40.37944475,264.9885585
705,-555,897.2457857,35.78346711,44.9782878,40.38087745,264.3711202
705,-550,894.1616185,35.73716488,45.03345733,40.3853111,263.7630618
705,-545,891.0948322,35.69279233,45.09213696,40.39246465,263.1638629
705,-540,888.0456069,35.6504275,45.15470258,40.40256504,262.5740086
705,-535,885.0141242,35.61015881,45.22161827,40.41588854,261.9940819
705,-530,882.0005669,35.57204218,45.29300749,40.43252483,261.4242971
705,-525,879.0051194,35.53612637,45.36899839,40.45256238,260.864866
705,-520,876.0279676,35.50243503,45.44972411,40.47607957,260.3159809
705,-515,873.0692985,35.47107756,45.53532296,40.50320026,259.7779244
705,-510,870.1293007,35.44211913,45.62593869,40.53402891,259.250941
705,-505,867.2081642,35.41557654,45.7217208,40.56864867,258.7352333
705,505,867.2081642,35.45233382,45.7217208,40.58702731,258.7716083
705,510,870.1293007,35.47916551,45.62593869,40.5525521,259.2876022
705,515,873.0692985,35.50847267,45.53532296,40.52189782,259.8149307
705,520,876.0279676,35.54018736,45.44972411,40.49495574,260.3533407
705,525,879.0051194,35.57424423,45.36899839,40.47162131,260.9025875
705,530,882.0005669,35.61058042,45.29300749,40.45179395,261.4624346
705,535,885.0141242,35.64913545,45.22161827,40.43537686,262.0326533
705,540,888.0456069,35.68985109,45.15470258,40.42227684,262.6130222
705,545,891.0948322,35.73267125,45.09213696,40.41240411,263.2033271
705,550,894.1616185,35.77750737,45.03345733,40.40548235,263.8029848
705,555,897.2457857,35.82428122,44.9782878,40.40128451,264.4115099
705,560,900.3471553,35.87300828,44.92717488,40.40009158,265.0294228
705,565,903.46555,35.92363996,44.88001061,40.40182529,265.6565331
705,570,906.6007942,35.97612937,44.83669086,40.40641012,266.2926562
705,575,909.7527137,36.03043123,44.79711511,40.41377317,266.9376131
705,580,912.9211357,36.08650185,44.76118634,40.42384409,267.5912299
705.3669468,-580.9074377,913.7811449,36.07226696,44.78278868,40.42752782,267.7705226
705.3669468,-503.6463057,866.7191765,35.43076366,45.7801996,40.60548163,258.7103357
705.3669468,503.6463057,866.7191765,35.46770914,45.7801996,40.62395437,258.746897
705.3669468,580.9074377,913.7811449,36.11631927,44.78278868,40.44955397,267.8141168
707.7764762,-584.0484149,917.6383227,36.23387594,44.94385967,40.5888678,268.8612827
707.7764762,-502.1985143,867.8426632,35.56885248,46.01824455,40.79354852,259.3072556
707.7764762,502.1985143,867.8426632,35.60736905,46.01824455,40.8128068,259.3453716
707.7764762,584.0484149,917.6383227,36.28004666,44.94385967,40.61195316,268.9069734
710,-585,919.9592382,36.36121222,45.10551961,40.73336592,269.611457
710,-580,916.7878708,36.30618293,45.14114935,40.72366614,268.9579857
710,-575,913.6328584,36.25290985,45.18038946,40.71664966,268.3130962
710,-570,910.4943712,36.20137441,45.22271762,40.71204602,267.6762872
710,-565,907.3725806,36.1516604,45.2686235,40.71014195,267.0481605
710,-560,904.2676595,36.10376207,45.31838701,40.71107454,266.4290221
710,-555,901.1797823,36.05772413,45.37211265,40.71491839,265.8190544
710,-550,898.1091248,36.01366966,45.42990871,40.72178919,265.2185216
710,-545,895.0558642,35.97165004,45.49188752,40.73176878,264.6276211
710,-540,892.0201791,35.93171854,45.55816555,40.74494204,264.0465567
710,-535,889.0022497,35.89393046,45.62886365,40.76139706,263.4755386
710,-530,886.0022573,35.85834318,45.70410728,40.78122523,262.9147841
710,-525,883.0203848,35.82501628,45.78402665,40.80452147,262.3645176
710,-520,880.0568163,35.79401166,45.86875706,40.83138436,261.824971
710,-515,877.1117375,35.76539364,45.95843904,40.86191634,261.2963843
710,-510,874.185335,35.73922909,46.05321867,40.89622388,260.7790054
710,-505,871.2777973,35.71553778,46.15324786,40.93439282,260.2730419
710,505,871.2777973,35.75581607,46.15324786,40.95453197,260.3129014
710,510,874.185335,35.77982719,46.05321867,40.91652293,260.8191813
710,515,877.1117375,35.80637117,45.95843904,40.8824051,261.3369357
710,520,880.0568163,35.83537826,45.86875706,40.85206766,261.8659075
710,525,883.0203848,35.86678138,45.78402665,40.82540402,262.4058484
710,530,886.0022573,35.90051603,45.70410728,40.80231165,262.9565184
710,535,889.0022497,35.93652013,45.62886365,40.78269189,263.5176854
710,540,892.0201791,35.97473391,45.55816555,40.76644973,264.0891248
710,545,895.0558642,36.0150998,45.49188752,40.75349366,264.6706191
710,550,898.1091248,36.05756237,45.42990871,40.74373554,265.2619579
710,555,901.1797823,36.10206815,45.37211265,40.7370904,265.8629373
710,560,904.2676595,36.1485656,45.31838701,40.73347631,266.4733597
710,565,907.3725806,36.19700503,45.2686235,40.73281426,267.0930336
710,570,910.4943712,36.24733845,45.22271762,40.73502804,267.7217733
710,575,913.6328584,36.29950167,45.18038946,40.73994556,268.3592035
710,580,916.7878708,36.35341074,45.14114935,40.74728005,269.0047224
710,585,919.9592382,36.40908411,45.10551961,40.75730186,269.6588311
710.1860056,-587.1638416,921.4800809,36.39530453,45.10521591,40.75026022,269.9490628
710.1860056,-500.750723,868.9737908,35.70870957,46.25875923,40.9837344,259.9098976
710.1860056,500.750723,868.9737908,35.7489071,46.25875923,41.00383316,259.9496772
710.1860056,587.1638416,921.4800809,36.44358946,45.10521591,40.77440269,269.9968456
712.595535,-590.2541054,925.3066008,36.55655426,45.26684364,40.91169895,271.0338868
712.595535,-499.3029316,870.1125295,35.85042746,46.5017653,41.17609638,260.5183688
712.595535,499.3029316,870.1125295,35.8923422,46.5017653,41.19705375,260.5598477
712.595535,590.2541054,925.3066008,36.60694927,45.26684364,40.93689645,271.0837578
715,-590,926.9978425,36.67992868,45.44782649,41.06387759,271.6733276
715,-585,923.8235762,36.62521341,45.48246272,41.05383806,271.0186041
715,-580,920.6655202,36.57224531,45.52062895,41.04643713,270.3723449
715,-575,917.5238417,36.52106705,45.56241747,41.04174226,269.7347171
715,-570,914.3987095,36.47172274,45.60792379,41.03982326,269.1058926
715,-565,911.290294,36.42425808,45.65724681,41.04075245,268.4860486
715,-560,908.1987668,36.3787204,45.71048901,41.0446047,267.8753675
715,-555,905.1243009,36.33507485,45.76775655,41.0514157,267.2739547
715,-550,902.0670707,36.2933985,45.82915947,41.06127898,266.6820301
715,-545,899.0272521,36.25380229,45.89481188,41.07430709,266.0998516
715,-540,896.0050223,36.21634089,45.96483214,41.09058651,265.527626
715,-535,893.0005599,36.181071,46.03934303,41.11020702,264.9655665
715,-530,890.0140448,36.1480515,46.118472,41.13326175,264.4138934
715,-525,887.0456584,36.11734351,46.20235138,41.15984745,263.8728346
715,-520,884.0955831,36.08901053,46.29111861,41.19006457,263.3426254
715,-515,881.1640029,36.06311857,46.38491648,41.22401752,262.8235092
715,-510,878.251103,36.03970584,46.48389341,41.26179962,262.3157077
715,-505,875.35707,36.01883585,46.58820374,41.30351979,261.8194737
715,-500,872.4820915,36.00060784,46.69800798,41.34930791,261.335102
715,500,872.4820915,36.04446801,46.69800798,41.371238,261.3785061
715,505,875.35707,36.06294913,46.58820374,41.32557643,261.8631283
715,510,878.251103,36.08409599,46.48389341,41.2839947,262.3596362
715,515,881.1640029,36.1078341,46.38491648,41.24637529,262.8677597
715,520,884.0955831,36.13409187,46.29111861,41.21260524,263.387238
715,525,887.0456584,36.16280048,46.20235138,41.18257593,263.9178189
715,530,890.0140448,36.19389373,46.118472,41.15618287,264.459259
715,535,893.0005599,36.2273079,46.03934303,41.13332547,265.0113226
715,540,896.0050223,36.26298168,45.96483214,41.11390691,265.5737818
715,545,899.0272521,36.30085602,45.89481188,41.09783395,266.1464161
715,550,902.0670707,36.34087403,45.82915947,41.08501675,266.7290119
715,555,905.1243009,36.38298086,45.76775655,41.07536871,267.3213625
715,560,908.1987668,36.42712367,45.71048901,41.06880634,267.9232675
715,565,911.290294,36.47325146,45.65724681,41.06524914,268.5345325
715,570,914.3987095,36.52131504,45.60792379,41.06461941,269.1549692
715,575,917.5238417,36.57126692,45.56241747,41.0668422,269.784395
715,580,920.6655202,36.62306125,45.52062895,41.0718451,270.4226325
715,585,923.8235762,36.67665376,45.48246272,41.07955824,271.0695096
715,590,926.9978425,36.73200165,45.44782649,41.08991407,271.7248591
715.0050645,-593.3195827,929.11806,36.71746509,45.42711318,41.07228913,272.1140193
715.0050645,-497.8551403,871.2588496,35.9939346,46.74728467,41.37060964,261.1326141
715.0050645,497.8551403,871.2588496,36.03769353,46.74728467,41.3924891,261.175918
715.0050645,593.3195827,929.11806,36.76996611,45.42711318,41.09853964,272.1659744
717.4145939,-596.3606398,932.9146329,36.87819228,45.5875478,41.23287004,273.1911561
717.4145939,-496.4073489,872.4127209,36.13931808,46.99533952,41.5673288,261.7527356
717.4145939,496.4073489,872.4127209,36.18498045,46.99533952,41.59015998,261.7979231
717.4145939,596.3606398,932.9146329,36.93279531,45.5875478,41.26017155,273.2451913
719.8241233,-599.3776327,936.6964904,37.03868323,45.74821256,41.3934479,274.2653438
719.8241233,-494.9595576,873.5741137,36.2866392,47.24595226,41.76629573,262.3788101
719.8241233,494.9595576,873.5741137,36.33422256,47.24595226,41.79008741,262.4258987
719.8241233,599.3776327,936.6964904,37.0953457,45.74821256,41.42177913,274.3214171
720,-595,934.0369372,36.9990025,45.78852329,41.3937629,273.7340566
720,-590,930.8598176,36.94466971,45.82287623,41.38377297,273.0788606
720,-585,927.6987658,36.89207953,45.86072446,41.376402,272.4320616
720,-580,924.5539465,36.84127422,45.90215855,41.37171639,271.793824
720,-575,921.425526,36.79229748,45.94727222,41.36978485,271.164317
720,-570,918.3136719,36.74519454,45.99616252,41.37067853,270.5437149
720,-565,915.2185531,36.70001225,46.04892993,41.37447109,269.9321974
720,-560,912.1403401,36.65679913,46.10567854,41.38123883,269.3299495
720,-555,909.0792045,36.61560544,46.16651621,41.39106082,268.7371621
720,-550,906.0353194,36.57639097,46.23155473,41.40397285,268.1539406
720,-545,903.0088593,36.53925418,46.30091002,41.4200821,267.5805321
720,-540,900,36.50429965,46.37470231,41.43950098,267.0171941
720,-535,897.0089186,36.47158542,46.45305634,41.46232088,266.4641431
720,-530,894.0357935,36.44114578,46.5361016,41.48862369,265.9215767
720,-525,891.0808044,36.41306927,46.6239725,41.51852089,265.3897515
720,-520,888.1441324,36.38741632,46.71680867,41.5521125,264.8689017
720,-515,885.2259599,36.36420803,46.81475518,41.5894816,264.3592282
720,-510,882.3264702,36.34356662,46.91796279,41.6307647,263.861038
720,-505,879.4458482,36.32556532,47.0265883,41.67607681,263.3745954
720,-500,876.58428,36.31028034,47.14079478,41.72553756,262.9001747
720,-495,873.7419528,36.29779101,47.26075192,41.77927146,262.4380595
720,495,873.7419528,36.34552142,47.26075192,41.80313667,262.4852936
720,500,876.58428,36.35822664,47.14079478,41.74951071,262.9476224
720,505,879.4458482,36.37373851,47.0265883,41.70016341,263.4222677
720,510,882.3264702,36.39197745,46.91796279,41.65497012,263.9089454
720,515,885.2259599,36.41286702,46.81475518,41.6138111,264.4073813
720,520,888.1441324,36.43633377,46.71680867,41.57657122,264.9173105
720,525,891.0808044,36.46230708,46.6239725,41.54313979,265.4384773
720,530,894.0357935,36.49071903,46.5361016,41.51341032,265.9706344
720,535,897.0089186,36.52150428,46.45305634,41.48728031,266.5135429
720,540,900,36.55459992,46.37470231,41.46465112,267.0669714
720,545,903.0088593,36.58994538,46.30091002,41.4454277,267.6306962
720,550,906.0353194,36.62748231,46.23155473,41.42951852,268.2045007
720,555,909.0792045,36.66715447,46.16651621,41.41683534,268.7881751
720,560,912.1403401,36.70890765,46.10567854,41.4072931,269.3815162
720,565,915.2185531,36.75268957,46.04892993,41.40080975,269.984327
720,570,918.3136719,36.79844977,45.99616252,41.39730615,270.5964164
720,575,921.425526,36.84613957,45.94727222,41.3967059,271.2175992
720,580,924.5539465,36.89571197,45.90215855,41.39893526,271.8476956
720,585,927.6987658,36.94712157,45.86072446,41.40392301,272.4865313
720,590,930.8598176,37.0003245,45.82287623,41.41160037,273.1339367
720,595,934.0369372,37.05526478,45.78852329,41.42189403,273.7897339
722.2336527,-602.370908,940.4638004,37.19889651,45.90909673,41.55399662,275.3365644
722.2336527,-493.5117663,874.742998,36.43591754,47.4991456,41.96753157,263.0108736
722.2336527,493.5117663,874.742998,36.4854397,47.4991456,41.99229265,263.0598808
722.2336527,602.370908,940.4638004,37.25768262,45.90909673,41.58338967,275.3947392
724.6431822,-605.3408028,944.2167278,37.35893964,46.07019016,41.7145649,276.4049471
724.6431822,-492.0639749,875.9193438,36.58724577,47.75494249,42.17109413,263.6490344
724.6431822,492.0639749,875.9193438,36.63865193,47.75494249,42.19679721,263.6999061
724.6431822,605.3408028,944.2167278,37.41982396,46.07019016,41.74500706,276.4651983
725,-605,944.2722065,37.3738282,46.09854541,41.7361868,276.458837
725,-600,941.0765112,37.31830076,46.12924443,41.72377259,275.7951277
725,-595,937.8965828,37.26447006,46.16331871,41.71389439,275.139591
725,-590,934.7325821,37.21237657,46.20085422,41.70661539,274.4923843
725,-585,931.5846714,37.16197877,46.24193987,41.70195932,273.8535868
725,-580,928.4530144,37.1133673,46.28666765,41.70001747,273.2234121
725,-575,925.3377762,37.06662377,46.33513278,41.70087828,272.6020682
725,-570,922.239123,37.02179457,46.38743383,41.7046142,271.9897317
725,-565,919.1572227,36.97892768,46.44367285,41.71130027,271.3865847
725,-560,916.0922443,36.93805959,46.50395559,41.72100759,270.7928018
725,-555,913.0443582,36.89924274,46.5683916,41.73381717,270.2085773
725,-550,910.0137362,36.86254254,46.63709445,41.7498185,269.6341228
725,-545,907.0005513,36.8279194,46.71018187,41.76905063,269.0695501
725,-540,904.0049779,36.79548187,46.78777599,41.79162893,268.5151225
725,-535,901.0271916,36.76533412,46.87000353,41.81766882,267.9711035
725,-530,898.0673694,36.73753804,46.95699599,41.84726702,267.4377199
725,-525,895.1256895,36.71212525,47.04888993,41.88050759,266.9151737
725,-520,892.2023313,36.68917139,47.14582716,41.91749928,266.4037162
725,-515,889.2974755,36.66877026,47.24795503,41.95836265,265.9036219
725,-510,886.4113041,36.65099406,47.3554267,42.00321038,265.4151504
725,-505,883.544,36.63591788,47.46840142,42.05215965,264.9385702
725,-500,880.6957477,36.62361988,47.58704484,42.10533236,264.4741593
725,-495,877.8667325,36.61422142,47.71152931,42.16287536,264.0222456
725,495,877.8667325,36.66606458,47.71152931,42.18879695,264.0735496
725,500,880.6957477,36.6756915,47.58704484,42.13136817,264.5256895
725,505,883.544,36.68818946,47.46840142,42.07829544,264.9902982
725,510,886.4113041,36.70347682,47.3554267,42.02945176,265.4670875
725,515,889.2974755,36.72147519,47.24795503,41.98471511,265.9557788
725,520,892.2023313,36.7421092,47.14582716,41.94396818,266.4561035
725,525,895.1256895,36.76530643,47.04888993,41.90709818,266.9678019
725,530,898.0673694,36.79099722,46.95699599,41.87399661,267.4906232
725,535,901.0271916,36.81911454,46.87000353,41.84455903,268.0243247
725,540,904.0049779,36.84959388,46.78777599,41.81868493,268.5686718
725,545,907.0005513,36.88237312,46.71018187,41.7962775,269.1234376
725,550,910.0137362,36.91739244,46.63709445,41.77724344,269.6884024
725,555,913.0443582,36.95459416,46.5683916,41.76149288,270.2633532
725,560,916.0922443,36.99392271,46.50395559,41.74893915,270.848084
725,565,919.1572227,37.03532448,46.44367285,41.73949866,271.4423951
725,570,922.239123,37.07874775,46.38743383,41.73309079,272.0460926
725,575,925.3377762,37.12414261,46.33513278,41.72963769,272.6589889
725,580,928.4530144,37.17146088,46.28666765,41.72906427,273.2809016
725,585,931.5846714,37.22065603,46.24193987,41.73129795,273.9116539
725,590,934.7325821,37.27161714,46.20085422,41.73623568,274.5510088
725,595,937.8965828,37.32432851,46.16331871,41.74382361,275.198827
725,600,941.0765112,37.37878565,46.12924443,41.75401504,275.8549836
725,605,944.2722065,37.43492056,46.09854541,41.76673298,276.5192941
727.0527116,-608.2876457,947.9554343,37.51881465,46.23148328,41.87514896,277.4705169
727.0527116,-490.6161836,877.1031211,36.74063187,48.01336614,42.376999,264.2933175
727.0527116,490.6161836,877.1031211,36.79387953,48.01336614,42.40362284,264.3460115
727.0527116,608.2876457,947.9554343,37.58168144,46.23148328,41.90658236,277.53273
729.462241,-611.2117562,951.6800786,37.67849528,46.39296706,42.03573117,278.5332706
729.462241,-489.1683922,878.2942997,36.89603535,48.27444007,42.58523771,264.9436999
729.462241,489.1683922,878.2942997,36.95114303,48.27444007,42.61279155,264.9982346
729.462241,611.2117562,951.6800786,37.74331238,46.39296706,42.06813972,278.5974137
730,-610,951.3148795,37.69317531,46.43953257,42.06635394,278.5208395
730,-605,948.116554,37.63804652,46.46998935,42.05401793,277.8567589
730,-600,944.9338601,37.58459334,46.50378949,42.04419141,277.2007714
730,-595,941.7669563,37.53287274,46.54101743,42.03694508,276.5530487
730,-590,938.6160024,37.48292477,46.58176048,42.03234263,275.9137487
730,-585,935.4811596,37.43477047,46.62610895,42.03043971,275.2830139
730,-580,932.3625904,37.38847705,46.67415627,42.03131666,274.6610357
730,-575,929.2604586,37.34397434,46.72599915,42.03498674,274.0478732
730,-570,926.1749295,37.30142567,46.78173769,42.04158168,273.4438201
730,-565,923.1061694,37.26088134,46.84147555,42.05117845,272.849062
730,-560,920.0543462,37.2223923,46.90532014,42.06385622,272.2637893
730,-555,917.019629,37.18601136,46.97338271,42.07969703,271.688198
730,-550,914.0021882,37.15179325,47.0457786,42.09878593,271.1224907
730,-545,911.0021954,37.11979474,47.1226274,42.12121107,270.566876
730,-540,908.0198236,37.08998308,47.20405314,42.14701811,270.0214791
730,-535,905.0552469,37.06246389,47.29018452,42.17632421,269.4865664
730,-530,902.1086409,37.03729227,47.3811551,42.20922369,268.96236
730,-525,899.1801822,37.01459083,47.47710357,42.2458472,268.4491536
730,-520,896.2700486,36.99442805,47.57817396,42.286301,267.9471932
730,-515,893.3784193,36.97687513,47.68451593,42.33069553,267.4567331
730,-510,890.5054744,36.9620179,47.79628502,42.37915146,266.9780483
730,-505,887.6513955,36.9499951,47.91364297,42.43181903,266.5114723
730,-500,884.8163651,36.940813,48.03675802,42.48878551,266.0572145
730,-495,882.0005669,36.93455503,48.16580521,42.55018012,265.6155673
730,-490,879.2041856,36.93130812,48.3009668,42.61613746,265.186834
730,490,879.2041856,36.98688529,48.3009668,42.64392605,265.2418333
730,495,882.0005669,36.99036453,48.16580521,42.57808487,265.6707964
730,500,884.8163651,36.99686747,48.03675802,42.51681274,266.1126861
730,505,887.6513955,37.00630689,47.91364297,42.45997493,266.5671986
730,510,890.5054744,37.01859906,47.79628502,42.40744204,267.0340411
730,515,893.3784193,37.03366357,47.68451593,42.35908975,267.5129311
730,520,896.2700486,37.05142316,47.57817396,42.31479856,268.0035957
730,525,899.1801822,37.07180354,47.47710357,42.27445355,268.5057714
730,530,902.1086409,37.09473328,47.3811551,42.23794419,269.0192037
730,535,905.0552469,37.12014366,47.29018452,42.20516409,269.5436464
730,540,908.0198236,37.14796854,47.20405314,42.17601084,270.0788616
730,545,911.0021954,37.17814423,47.1226274,42.15038581,270.6246188
730,550,914.0021882,37.21060939,47.0457786,42.12819399,271.1806952
730,555,917.019629,37.24530491,46.97338271,42.10934381,271.746875
730,560,920.0543462,37.2821738,46.90532014,42.09374697,272.3229492
730,565,923.1061694,37.32116113,46.84147555,42.08131834,272.908715
730,570,926.1749295,37.36221388,46.78173769,42.07197578,273.5039762
730,575,929.2604586,37.40528091,46.72599915,42.06564003,274.1085423
730,580,932.3625904,37.45029091,46.67415627,42.06222359,274.7222068
730,585,935.4811596,37.49713819,46.62610895,42.06162357,275.3447331
730,590,938.6160024,37.54585589,46.58176048,42.06380819,275.9760255
730,595,941.7669563,37.59637741,46.54101743,42.06869742,276.615893
730,600,944.9338601,37.64861704,46.50378949,42.07620326,277.2641294
730,605,948.116554,37.70259724,46.46998935,42.08629329,277.9206384
730,610,951.3148795,37.75823808,46.43953257,42.09888532,278.5852257
731.8717705,-614.1134458,955.3908168,37.83793932,46.55463297,42.19628615,279.5931891
731.8717705,-487.7206009,879.4928499,37.05347674,48.53818806,42.7958324,265.6002196
731.8717705,487.7206009,879.4928499,37.1104632,48.53818806,42.82432563,265.6566135
731.8717705,614.1134458,955.3908168,37.90464159,46.55463297,42.22963728,279.6591978
734.2812999,-616.993018,959.0878018,37.99722157,46.71647297,42.35684727,280.6503693
734.2812999,-486.2728095,880.6987411,37.21295862,48.80463415,43.00879638,266.2628969
734.2812999,486.2728095,880.6987411,37.27186104,48.80463415,43.03824759,266.3211868
734.2812999,616.993018,959.0878018,38.06569337,46.71647297,42.39108317,280.7181291
735,-615,958.3579707,38.01280678,46.78053915,42.39667297,280.5832262
735,-610,955.1570551,37.95810741,46.8107575,42.38443246,279.9188166
735,-605,951.9716382,37.90509547,46.84428791,42.37469169,279.2624543
735,-600,948.8018761,37.85374771,46.88121331,42.36748051,278.6142294
735,-595,945.647926,37.80414159,46.92161946,42.36288052,277.9743351
735,-590,942.5099469,37.75634656,46.96559502,42.36097079,277.3429596
735,-585,939.3880987,37.71040653,47.01323171,42.36181912,276.7202689
735,-580,936.2825428,37.66636689,47.0646244,42.36549565,276.1064343
735,-575,933.1934419,37.62427463,47.11987131,42.37207297,275.501632
735,-570,930.1209599,37.58415605,47.17907409,42.38161507,274.9060214
735,-565,927.065262,37.54599226,47.24233802,42.39416514,274.3197209
735,-560,924.0265148,37.50992802,47.30977215,42.40985009,273.7430152
735,-555,921.004886,37.47601744,47.38148948,42.42875346,273.176103
735,-550,918.0005447,37.4443166,47.45760713,42.45096187,272.6191897
735,-545,915.0136611,37.41488368,47.53824654,42.47656511,272.072487
735,-540,912.0444068,37.38775375,47.62353368,42.50564372,271.5361887
735,-535,909.0929545,37.36289991,47.71359924,42.53824957,271.0104318
735,-530,906.1594782,37.34044868,47.80857884,42.57451376,270.4955108
735,-525,903.244153,37.32052216,47.90861333,42.61456775,269.9917207
735,-520,900.3471553,37.30325406,48.01384898,42.65855152,269.499374
735,-515,897.4686624,37.28867702,48.12443775,42.70655739,269.0186888
735,-510,894.6088531,37.27684344,48.24053761,42.75869053,268.549909
735,-505,891.767907,37.26783226,48.36231281,42.81507253,268.0933112
735,-500,888.9460051,37.26172561,48.48993417,42.87582989,267.649182
735,-495,886.1433293,37.25860905,48.62357948,42.94109427,267.2178183
735,-490,883.3600625,37.25857168,48.76343379,43.01100273,266.799528
735,490,883.3600625,37.31818484,48.76343379,43.04080931,266.8585213
735,495,886.1433293,37.31842579,48.62357948,42.97100264,267.277013
735,500,888.9460051,37.32175913,48.48993417,42.90584665,267.7085913
735,505,891.767907,37.32809542,48.36231281,42.84520411,268.1529477
735,510,894.6088531,37.33734881,48.24053761,42.78894321,268.6097852
735,515,897.4686624,37.34943687,48.12443775,42.73693731,269.0788168
735,520,900.3471553,37.36428036,48.01384898,42.68906467,269.5597657
735,525,903.244153,37.38180313,47.90861333,42.64520823,270.0523644
735,530,906.1594782,37.40193197,47.80857884,42.60525541,270.5563547
735,535,909.0929545,37.42459642,47.71359924,42.56909783,271.0714868
735,540,912.0444068,37.44972868,47.62353368,42.53663118,271.5975191
735,545,915.0136611,37.47726347,47.53824654,42.507755,272.1342182
735,550,918.0005447,37.50713792,47.45760713,42.48237252,272.6813578
735,555,921.004886,37.53929144,47.38148948,42.46039046,273.2387191
735,560,924.0265148,37.57366565,47.30977215,42.4417189,273.80609
735,565,927.065262,37.61020423,47.24233802,42.42627113,274.3832652
735,570,930.1209599,37.64885287,47.17907409,42.41396348,274.9700455
735,575,933.1934419,37.68947209,47.11987131,42.4046717,275.5661515
735,580,936.2825428,37.73208527,47.0646244,42.39835484,276.1714694
735,585,939.3880987,37.77662943,47.01323171,42.39493057,276.7858032
735,590,942.5099469,37.82302596,46.96559502,42.39431049,277.4089456
735,595,945.647926,37.87128639,46.92161946,42.39645293,278.0407817
735,600,948.8018761,37.92136668,46.88121331,42.40128999,278.6811453
735,605,951.9716382,37.97318858,46.84428791,42.40873824,279.3298393
735,610,955.1570551,38.02655716,46.8107575,42.41865733,279.9865546
735,615,958.3579707,38.08160494,46.78053915,42.43107205,280.6513089
736.6908293,-619.8507686,962.7711843,38.15630853,46.87847946,42.51739399,281.7048003
736.6908293,-484.8250182,881.9119436,37.37466773,49.07380269,43.22423521,266.9319346
736.6908293,484.8250182,881.9119436,37.43535779,49.07380269,43.25458024,266.9919936
736.6908293,619.8507686,962.7711843,38.22658229,46.87847946,42.55253088,281.7743434
739.1003587,-622.6869858,966.4411118,38.31519377,47.04064529,42.67791953,282.7564985
739.1003587,-483.3772269,883.1324271,37.53880532,49.34571833,43.44226183,267.6075503
739.1003587,483.3772269,883.1324271,37.60097496,49.34571833,43.47334665,267.6690735
739.1003587,622.6869858,966.4411118,38.38726512,47.04064529,42.71395521,282.8278204
740,-620,965.4014709,38.33276847,47.12156472,42.72716659,282.6460403
740,-615,962.1980046,38.27847871,47.15154837,42.71501354,281.9812936
740,-610,959.0099061,38.22583861,47.18481334,42.70532598,281.3245003
740,-605,955.8373293,38.17492096,47.22144111,42.69818103,280.6758436
740,-600,952.6804291,38.12576639,47.26151592,42.69364116,280.0354783
740,-595,949.539362,38.07836897,47.30512482,42.69174689,279.4035157
740,-590,946.4142856,38.03277962,47.35235786,42.69256874,278.780127
740,-585,943.3053588,37.98908429,47.40330816,42.69619623,278.1655212
740,-580,940.2127419,37.94732948,47.45807205,42.70270077,277.5598716
740,-575,937.1365962,37.90756331,47.51674927,42.71215629,276.9633569
740,-570,934.0770846,37.86983561,47.57944303,42.72463932,276.376161
740,-565,931.034371,37.83419796,47.64626023,42.74022909,275.7984736
740,-560,928.0086206,37.80067092,47.71731159,42.75899126,275.2304577
740,-555,925,37.76926514,47.79271187,42.78098851,274.6722706
740,-550,922.0086767,37.74011675,47.87257999,42.80634837,274.1241983
740,-545,919.0348198,37.71323788,47.95703925,42.83513856,273.5864085
740,-540,916.0785992,37.68872678,48.04621755,42.86747217,273.0591592
740,-535,913.1401864,37.66668199,48.14024761,42.9034648,272.5427133
740,-530,910.2197537,37.64714674,48.23926713,42.94320694,272.0372846
740,-525,907.3174748,37.63012235,48.34341912,42.98677074,271.5430504
740,-520,904.4335244,37.6157497,48.4528521,43.0343009,271.0603322
740,-515,901.5680784,37.60410356,48.56772039,43.08591198,270.5893918
740,-510,898.7213139,37.59526169,48.68818436,43.14172303,270.1305003
740,-505,895.8934088,37.58931675,48.81441079,43.20186377,269.68395
740,-500,893.0845425,37.58641877,48.94657315,43.26649596,269.250097
740,-495,890.294895,37.58664666,49.08485194,43.3357493,268.8292339
740,-490,887.5246475,37.59006729,49.22943506,43.40975117,268.4216492
740,-485,884.7739824,37.59673259,49.3805182,43.48862539,268.0276243
740,485,884.7739824,37.65959814,49.3805182,43.52005817,268.0898361
740,490,887.5246475,37.65329653,49.22943506,43.4413658,268.484221
740,495,890.294895,37.65025258,49.08485194,43.36755226,268.8921785
740,500,893.0845425,37.65037075,48.94657315,43.29847195,269.313384
740,505,895.8934088,37.65355938,48.81441079,43.23398509,269.7475247
740,510,898.7213139,37.65973046,48.68818436,43.17395741,270.1942987
740,515,901.5680784,37.66879948,48.56772039,43.11825993,270.653415
740,520,904.4335244,37.68068524,48.4528521,43.06676867,271.1245925
740,525,907.3174748,37.69530969,48.34341912,43.0193644,271.6075599
740,530,910.2197537,37.71259777,48.23926713,42.97593245,272.102055
740,535,913.1401864,37.7324773,48.14024761,42.93636246,272.6078245
740,540,916.0785992,37.75487879,48.04621755,42.90054817,273.1246233
740,545,919.0348198,37.77973535,47.95703925,42.8683873,273.6522145
740,550,922.0086767,37.80698254,47.87257999,42.83978126,274.1903688
740,555,925,37.8365583,47.79271187,42.81463508,274.738864
740,560,928.0086206,37.86840278,47.71731159,42.79285719,275.2974853
740,565,931.034371,37.90239778,47.64626023,42.77432901,275.8659643
740,570,934.0770846,37.93851112,47.57944303,42.75897708,276.4441224
740,575,937.1365962,37.97668436,47.51674927,42.74671681,277.0317592
740,580,940.2127419,38.016866,47.45807205,42.73746903,277.6286851
740,585,943.3053588,38.05904589,47.40330816,42.73117702,278.2347553
740,590,946.4142856,38.10317573,47.35235786,42.7277668,278.8497911
740,595,949.539362,38.14920883,47.30512482,42.72716683,279.4736189
740,600,952.6804291,38.19696972,47.26151592,42.72924282,280.1059412
740,605,955.8373293,38.2464384,47.22144111,42.73393975,280.7466174
740,610,959.0099061,38.29767789,47.18481334,42.74124562,281.3955926
740,615,962.1980046,38.35064741,47.15154837,42.75109789,282.0527119
740,620,965.4014709,38.40530747,47.12156472,42.76343609,282.717825
741.5098882,-625.5019507,970.0977294,38.47386926,47.20296372,42.83841649,283.8054781
741.5098882,-481.9294355,884.3601614,37.70519508,49.62040601,43.66280055,268.2895881
741.5098882,481.9294355,884.3601614,37.7687343,49.62040601,43.69457015,268.3524666
741.5098882,625.5019507,970.0977294,38.54759418,47.20296372,42.87527895,283.8784364
743.9194176,-628.2959377,973.7411798,38.63239218,47.36542836,42.99891027,284.851818
743.9194176,-480.4816442,885.5951165,37.8737765,49.89789093,43.88583372,268.9780071
743.9194176,480.4816442,885.5951165,37.93865778,49.89789093,43.91827436,269.0422137
743.9194176,628.2959377,973.7411798,38.70774144,47.36542836,43.0365849,284.9263838
745,-625,972.4453712,38.65303619,47.46260885,43.05782252,284.7092556
745,-620,969.2393925,38.59912443,47.49236145,43.04574294,284.0441519
745,-615,966.048653,38.54689089,47.52536518,43.03612803,283.3869742
745,-610,962.8733042,38.49637455,47.56170011,43.02903733,282.7378705
745,-605,959.7134989,38.44761568,47.60144899,43.02453233,282.0969931
745,-600,956.5693911,38.40065586,47.64469733,43.0226766,281.4644987
745,-595,953.4411361,38.35552281,47.69153354,43.02352818,280.8405331
745,-590,950.3288904,38.31222786,47.74204901,43.02713844,280.2252294
745,-585,947.2328119,38.27080769,47.7963383,43.03357299,279.618749
745,-580,944.1530596,38.23136877,47.85449921,43.04293399,279.0213259
745,-575,941.0897938,38.19396038,47.91663301,43.05529669,278.433141
745,-570,938.043176,38.15863353,47.98284447,43.070739,277.8543809
745,-565,935.0133689,38.12544107,48.05324214,43.0893416,277.2852378
745,-560,932.0005365,38.09443773,48.12793844,43.11118809,276.72591
745,-555,929.0048439,38.0656718,48.20704985,43.13636082,276.1765934
745,-550,926.0264575,38.03912969,48.29069712,43.16491341,275.6374275
745,-545,923.0655448,38.01494175,48.37900545,43.1969736,275.1086986
745,-540,920.1222745,37.99320895,48.47210468,43.23265682,274.5906689
745,-535,917.1968164,37.97397228,48.57012955,43.27205091,274.0835462
745,-530,914.2893415,37.95729998,48.67321987,43.31525993,273.5875706
745,-525,911.4000219,37.9432792,48.78152084,43.36240002,273.1030065
745,-520,908.5290309,37.93191866,48.89518323,43.41355095,272.6300464
745,-515,905.6765427,37.92343669,49.01436371,43.4689002,272.1690962
745,-510,902.8427327,37.91782902,49.13922513,43.52852707,271.7203479
745,-505,900.0277773,37.91517928,49.26993679,43.59255803,271.2840871
745,-500,897.2318541,37.91560687,49.40667481,43.66114084,270.8606417
745,-495,894.4551414,37.91916228,49.54962244,43.73439236,270.4502789
745,-490,891.6978188,37.92593782,49.69897045,43.81245414,270.0533145
745,-485,888.9600666,37.93604746,49.85491751,43.89548249,269.670094
745,-480,886.2420663,37.94959501,50.01813516,43.98386508,269.301421
745,480,886.2420663,38.01506956,50.01813516,44.01660236,269.3662148
745,485,888.9600666,38.00193043,49.85491751,43.92842397,269.7352919
745,490,891.6978188,37.99222421,49.69897045,43.84559733,270.1189116
745,495,894.4551414,37.98584882,49.54962244,43.76773563,270.516272
745,500,897.2318541,37.98270633,49.40667481,43.69469057,270.9270435
745,505,900.0277773,37.98270282,49.26993679,43.6263198,271.3509085
745,510,902.8427327,37.98574809,49.13922513,43.56248661,271.7875607
745,515,905.6765427,37.99175554,49.01436371,43.50305963,272.2367046
745,520,908.5290309,38.00064197,48.89518323,43.4479126,272.6980551
745,525,911.4000219,38.0123274,48.78152084,43.39692412,273.1713367
745,530,914.2893415,38.02673493,48.67321987,43.3499774,273.6562836
745,535,917.1968164,38.04379059,48.57012955,43.30696007,274.1526385
745,540,920.1222745,38.06342318,48.47210468,43.26776393,274.660153
745,545,923.0655448,38.08556417,48.37900545,43.23228481,275.1785867
745,550,926.0264575,38.11014757,48.29069712,43.20042235,275.7077069
745,555,929.0048439,38.1370651,48.20704985,43.17205748,276.2472443
745,560,932.0005365,38.16624998,48.12793844,43.14709421,276.7969755
745,565,935.0133689,38.19762618,48.05324214,43.12543416,277.3566723
745,570,938.043176,38.23119038,47.98284447,43.10701743,277.9261833
745,575,941.0897938,38.26689936,47.91663301,43.09176618,278.5053215
745,580,944.1530596,38.30470006,47.85449921,43.07959964,279.0938946
745,585,947.2328119,38.34454126,47.7963383,43.07043978,279.6917159
745,590,950.3288904,38.38627658,47.74204901,43.0641628,280.2985081
745,595,953.4411361,38.42989631,47.69153354,43.06071492,280.9141332
745,600,956.5693911,38.47533531,47.64469733,43.06001632,281.5384016
745,605,959.7134989,38.52262511,47.60144899,43.06203705,282.1712226
745,610,962.8733042,38.57172253,47.56170011,43.06671132,282.812435
745,615,966.048653,38.62251449,47.52536518,43.07393983,283.4618114
745,620,969.2393925,38.67489748,47.49236145,43.08362946,284.1191371
745,625,972.4453712,38.72896536,47.46260885,43.0957871,284.7843952
746.328947,-631.0692142,977.3716029,38.79076487,47.52803321,43.15939904,285.8955425
746.328947,-479.0338528,886.837262,38.04459817,50.17992813,44.11226315,269.6745861
746.328947,479.0338528,886.837262,38.11076767,50.17992813,44.1453479,269.7400675
746.328947,631.0692142,977.3716029,38.86773521,47.52803321,43.19788421,285.9717125
748.7384765,-633.8220414,980.9891367,38.9489897,47.69077263,43.31988117,286.936676
748.7384765,-477.5860615,888.086568,38.21760306,50.46534637,44.34147471,270.3781035
748.7384765,477.5860615,888.086568,38.28508649,50.46534637,44.37521643,270.4448852
748.7384765,633.8220414,980.9891367,39.02757793,47.69077263,43.35917528,287.0144471
750,-635,982.7130812,39.02891125,47.77729126,43.40310125,287.4461744
750,-630,979.489663,38.97373346,47.80367113,43.38870229,286.7729923
750,-625,976.2812095,38.92019211,47.83319624,43.37669418,286.1075351
750,-620,973.0878686,38.86832461,47.86594283,43.36713372,285.4499448
750,-615,969.9097896,38.81816957,47.9019896,43.36007958,284.8003674
750,-610,966.7471231,38.76976687,47.94141784,43.35559236,284.158953
750,-605,963.6000208,38.72315771,47.98431157,43.35373464,283.5258557
750,-600,960.4686356,38.67838468,48.03075757,43.35457113,282.9012343
750,-595,957.3531219,38.63549178,48.08084561,43.35816869,282.2852519
750,-590,954.253635,38.59452453,48.13466846,43.3645965,281.6780764
750,-585,951.1703317,38.55552396,48.19232212,43.37392304,281.0798749
750,-580,948.1033699,38.51846461,48.25390587,43.38618524,280.4907519
750,-575,945.0529086,38.48346959,48.3195225,43.40149605,279.9109628
750,-570,942.0191081,38.45057594,48.38927839,43.41992717,279.3406817
750,-565,939.0021299,38.41986166,48.46328373,43.44157269,278.7801269
750,-560,936.0021367,38.39136817,48.54165263,43.4665104,278.2294851
750,-555,933.0192924,38.36521388,48.62450336,43.49485862,277.6890231
750,-550,930.0537619,38.34143744,48.71195848,43.52669796,277.1589335
750,-545,927.1057113,38.3201398,48.80414508,43.56214244,276.6394753
750,-540,924.175308,38.30135911,48.90119499,43.60127705,276.1308499
750,-535,921.2627204,38.28509987,49.00324497,43.64417242,275.6332311
750,-530,918.3681179,38.27146147,49.11043698,43.69094922,275.1468914
750,-525,915.4916712,38.26053675,49.22291837,43.74172756,274.6721027
750,-520,912.6335519,38.25239641,49.34084224,43.79661932,274.2091208
750,-515,909.7939327,38.24698684,49.46436761,43.85567723,273.7580845
750,-510,906.9729875,38.24450745,49.59388256,43.91919501,273.3196101
750,-505,904.1708909,38.2450621,49.72972809,43.9873951,272.8941726
750,-500,901.3878189,38.24873084,49.87173622,44.06023353,272.4817202
750,-495,898.623948,38.25560896,50.02009435,44.13785165,272.0825681
750,-490,895.8794562,38.26577917,50.17499757,44.22038837,271.6970267
750,-485,893.1545219,38.27934141,50.33664906,44.30799523,271.3254316
750,-480,890.4493248,38.29640255,50.50526048,44.40083152,270.9681341
750,480,890.4493248,38.36479782,50.50526048,44.43502915,271.0358181
750,485,893.1545219,38.34812979,50.33664906,44.34238943,271.3935047
750,490,895.8794562,38.33497143,50.17499757,44.2549845,271.7654995
750,495,898.623948,38.32521812,50.02009435,44.17265623,272.1514535
750,500,901.3878189,38.31876956,49.87173622,44.09525289,272.5510307
750,505,904.1708909,38.31552949,49.72972809,44.02262879,272.9639072
750,510,906.9729875,38.31540553,49.59388256,43.95464404,273.3897709
750,515,909.7939327,38.31830894,49.46436761,43.89133828,273.828665
750,520,912.6335519,38.32415449,49.34084224,43.83249836,274.2801327
750,525,915.4916712,38.33286025,49.22291837,43.77788931,274.7436741
750,530,918.3681179,38.34434744,49.11043698,43.72739221,275.2190194
750,535,921.2627204,38.35854029,49.00324497,43.68089263,275.7059078
750,540,924.175308,38.37536588,48.90119499,43.63828043,276.2040872
750,545,927.1057113,38.39471388,48.80414508,43.59942948,276.7132739
750,550,930.0537619,38.41647715,48.71195848,43.56421781,277.2331929
750,555,933.0192924,38.44062227,48.62450336,43.53256281,277.7636474
750,560,936.0021367,38.46713264,48.54165263,43.50439264,278.3044617
750,565,939.0021299,38.49594779,48.46328373,43.47961576,278.8554219
750,570,942.0191081,38.52700936,48.38927839,43.45814388,279.4163203
750,575,945.0529086,38.56025735,48.3195225,43.43988992,279.9869521
750,580,948.1033699,38.5955353,48.25390587,43.42472059,280.5670212
750,585,951.1703317,38.63289556,48.19232212,43.41260884,281.1564419
750,590,954.253635,38.67223599,48.13466846,43.40345223,281.7549798
750,595,957.3531219,38.71349375,48.08084561,43.39716968,282.3624427
750,600,960.4686356,38.75668395,48.03075757,43.39372076,282.9787194
750,605,963.6000208,38.80172754,47.98431157,43.39301955,283.6036086
750,610,966.7471231,38.84850504,47.94141784,43.39496144,284.2368724
750,615,969.9097896,38.89703147,47.9019896,43.39951053,284.8784093
750,620,973.0878686,38.94731731,47.86594283,43.40663007,285.5281161
750,625,976.2812095,38.99932254,47.83319624,43.41625939,286.1858427
750,630,979.489663,39.05300841,47.80367113,43.42833977,286.8514429
750,635,982.7130812,39.10833738,47.77729126,43.44281432,287.5247746
751.1480059,-636.554674,984.5939162,39.10706906,47.85364127,43.48035517,287.9752426
751.1480059,-476.1382701,889.3430041,38.39268048,50.75366453,44.5731725,271.0879678
751.1480059,476.1382701,889.3430041,38.46163699,50.75366453,44.60765076,271.1562072
751.1480059,636.554674,984.5939162,39.18727203,47.85364127,43.52045665,288.0546116
753.5575353,-639.2673608,988.1860744,39.26500536,48.01663412,43.64081974,289.0112662
753.5575353,-474.6904788,890.6065403,38.57000392,51.04490933,44.80745662,271.8043709
753.5575353,474.6904788,890.6065403,38.64044222,51.04490933,44.84267578,271.8740768
753.5575353,639.2673608,988.1860744,39.34675806,48.01663412,43.68169609,289.0921688
755,-640,989.7600719,39.3496535,48.11856746,43.73411048,289.5107071
755,-635,986.534338,39.29484734,48.14475116,43.71979925,288.8372354
755,-630,983.3234463,39.24167356,48.17405227,43.70786291,288.1714327
755,-625,980.1275427,39.1901692,48.20654572,43.69835746,287.5134387
755,-620,976.9467744,39.14037254,48.24230888,43.69134071,286.8633975
755,-615,973.7812896,39.09232307,48.28142166,43.68687236,286.2214568
755,-610,970.6312379,39.0460616,48.32396656,43.68501408,285.5877685
755,-605,967.49677,39.00163029,48.37002885,43.68582957,284.9624889
755,-600,964.3780379,38.9590727,48.41969665,43.68938467,284.3457788
755,-595,961.2751947,38.91843387,48.47306104,43.69574745,283.7378034
755,-590,958.1883948,38.87976038,48.53021622,43.7049883,283.1387329
755,-585,955.1177938,38.84310042,48.59125961,43.71718001,282.5487426
755,-580,952.0635483,38.80850472,48.65629201,43.73239836,281.9680137
755,-575,949.0258163,38.77599013,48.72541773,43.75070393,281.3966978
755,-570,946.0047569,38.74569609,48.79874477,43.77222043,280.8350714
755,-565,943.0005302,38.71764005,48.87638496,43.7970125,280.2832946
755,-560,940.0132978,38.69195357,48.95845414,43.82520385,279.7416445
755,-555,937.0432221,38.66863066,49.0452077,43.85691918,279.2104005
755,-550,934.0904667,38.64770593,49.13679489,43.89225041,278.6897771
755,-545,931.1551965,38.62925891,49.23322002,43.93123946,278.1798903
755,-540,928.2375773,38.61336548,49.33461786,43.97399167,277.6809818
755,-535,925.3377762,38.60007665,49.44112828,44.02060247,277.1932738
755,-530,922.455961,38.58946505,49.55289643,44.07118074,276.7170154
755,-525,919.592301,38.58154455,49.670073,44.12580878,276.2524034
755,-520,916.7469662,38.57643703,49.79281453,44.18462578,275.7997473
755,-515,913.9201278,38.57425633,49.92128364,44.24776998,275.3593548
755,-510,911.111958,38.57496349,50.05564936,44.31530642,274.9313892
755,-505,908.3226299,38.5787289,50.19608745,44.38740818,274.5162276
755,-500,905.5523176,38.58567557,50.34278072,44.46422815,274.1142074
755,-495,902.8011963,38.59589338,50.4959194,44.54590639,273.725641
755,-490,900.0694418,38.60947551,50.65570151,44.63258851,273.3508516
755,-485,897.357231,38.62647803,50.82233327,44.72440565,272.9901343
755,-480,894.6647417,38.64690595,50.99602955,44.82146775,272.643742
755,-475,891.9921524,38.67101927,51.17701427,44.92401677,272.3121895
755,475,891.9921524,38.74238957,51.17701427,44.95970192,272.3828177
755,480,894.6647417,38.71844483,50.99602955,44.85723719,272.714537
755,485,897.357231,38.69819937,50.82233327,44.76026632,273.0611098
755,490,900.0694418,38.68154141,50.65570151,44.66862146,273.4221682
755,495,902.8011963,38.66836383,50.4959194,44.58214161,273.7973579
755,500,905.5523176,38.65856385,50.34278072,44.50067228,274.1863378
755,505,908.3226299,38.6520429,50.19608745,44.42406517,274.5887792
755,510,911.111958,38.64870633,50.05564936,44.35217785,275.0043652
755,515,913.9201278,38.64846329,49.92128364,44.28487346,275.4327901
755,520,916.7469662,38.65122646,49.79281453,44.22202049,275.873759
755,525,919.592301,38.65691194,49.670073,44.16349247,276.3269871
755,530,922.455961,38.66543905,49.55289643,44.10916774,276.7921994
755,535,925.3377762,38.67667374,49.44112828,44.05890101,277.2690744
755,540,928.2375773,38.69049472,49.33461786,44.01255629,277.757309
755,545,931.1551965,38.70693125,49.23322002,43.97007563,278.256755
755,550,934.0904667,38.72591413,49.13679489,43.93135451,278.767172
755,555,937.0432221,38.74737673,49.0452077,43.89629221,279.2883277
755,560,940.0132978,38.77125479,48.95845414,43.86485446,279.8201211
755,565,943.0005302,38.79744781,48.87638496,43.83691638,280.3622725
755,570,946.0047569,38.82586756,48.79874477,43.81230616,280.9144092
755,575,949.0258163,38.85652236,48.72541773,43.79097005,281.4763926
755,580,952.0635483,38.88935664,48.65629201,43.77282432,282.0480249
755,585,955.1177938,38.92425009,48.59125961,43.75775485,282.6290484
755,590,958.1883948,38.96114116,48.53021622,43.74567869,283.2192675
755,595,961.2751947,39.00004607,48.47306104,43.73655355,283.818567
755,600,964.3780379,39.04088906,48.41969665,43.73029285,284.4267444
755,605,967.49677,39.08355188,48.37002885,43.72679036,285.0435587
755,610,970.6312379,39.12808016,48.32396656,43.72602336,285.6689342
755,615,973.7812896,39.17444609,48.28142166,43.72793387,286.3027258
755,620,976.9467744,39.22260738,48.24230888,43.73245813,286.9447772
755,625,980.1275427,39.27252306,48.20654572,43.73953439,287.5949362
755,630,983.3234463,39.32415348,48.17405227,43.74910287,288.2530549
755,635,986.534338,39.37745166,48.14475116,43.76110141,288.9189808
755,640,989.7600719,39.43227211,48.11856746,43.77541979,289.5924666
755.9670647,-641.9603448,991.7657421,39.42280103,48.18028484,43.80154293,290.0453036
755.9670647,-473.2426875,891.8771464,38.74959002,51.33910781,45.04434892,272.5273501
755.9670647,473.2426875,891.8771464,38.82152548,51.33910781,45.08031665,272.5985375
755.9670647,641.9603448,991.7657421,39.50600483,48.18028484,43.84314483,290.1276422
758.3765942,-644.6338633,995.333048,39.58042863,48.34515754,43.96279309,291.0779116
758.3765942,-471.7948961,893.1547921,38.93146203,51.63628736,45.28387469,273.2569494
758.3765942,471.7948961,893.1547921,39.00491036,51.63628736,45.32059886,273.329634
758.3765942,644.6338633,995.333048,39.66511054,48.34515754,44.00513404,291.161713
760,-645,996.8074037,39.67074117,48.46309031,44.06691574,291.5788627
760,-640,993.5793879,39.61636544,48.48888641,44.05262593,290.9049771
760,-635,990.3660939,39.56355628,48.51779542,44.04067585,290.2386666
760,-630,987.1676656,39.51241212,48.54989157,44.03115184,289.580131
760,-625,983.9842478,39.46297084,48.58525149,44.02411117,288.9295125
760,-620,980.8159868,39.4152716,48.62395429,44.01961294,288.2869574
760,-615,977.6630299,39.36935479,48.66608166,44.01771822,287.652616
760,-610,974.5255256,39.32526215,48.71171799,44.01849007,287.0266428
760,-605,971.4036236,39.28303681,48.76095045,44.02199363,286.4091967
760,-600,968.297475,39.24273909,48.81386916,44.02830412,285.8004567
760,-595,965.2072316,39.2044504,48.87056724,44.03750882,285.200626
760,-590,962.1330469,39.16821496,48.93114103,44.04967799,284.6098743
760,-585,959.0750753,39.13406536,48.99569013,44.06487774,284.0283634
760,-580,956.0334722,39.10209067,49.06431762,44.08320414,283.4563144
760,-575,953.0083945,39.0722856,49.13713017,44.10470789,282.8938592
760,-570,950,39.04467675,49.21424637,44.12946156,282.3411728
760,-565,947.0084477,39.0193086,49.2957749,44.15754175,281.7984388
760,-560,944.0338977,38.99628531,49.38183163,44.18905847,281.2659067
760,-555,941.0765112,38.97565403,49.47253928,44.22409666,280.7437771
760,-550,938.1364506,38.95748191,49.56802507,44.26275349,280.2322747
760,-545,935.2138793,38.94184645,49.66842089,44.30513367,279.7316395
760,-540,932.3089617,38.92879969,49.77386356,44.35133163,279.2420911
760,-535,929.4218633,38.91843241,49.88449501,44.40146371,278.763893
760,-530,926.5527508,38.91079822,50.00046257,44.4556304,278.2972774
760,-525,923.7017917,38.90597454,50.12191918,44.51394686,277.8425057
760,-520,920.8691547,38.90405009,50.24902372,44.5765369,277.3998567
760,-515,918.0550092,38.90505084,50.38194122,44.64349603,276.9695534
760,-510,915.259526,38.90904064,50.52084326,44.71494195,276.5518627
760,-505,912.4828766,38.91611806,50.66590821,44.79101313,276.1470931
760,-500,909.7252332,38.92636864,50.8173216,44.87184512,275.7555474
760,-495,906.9867695,38.93995625,50.97527651,44.95761638,275.3776134
760,-490,904.2676595,38.95688204,51.13997391,45.04842797,275.013526
760,-485,901.5680784,38.97725811,51.31162311,45.14444061,274.6636383
760,-480,898.8882022,39.00128649,51.49044216,45.24586433,274.3284012
760,-475,896.2282075,39.02908122,51.67665834,45.35286978,274.0081878
760,475,896.2282075,39.10366553,51.67665834,45.39016193,274.0819966
760,480,898.8882022,39.07601332,51.49044216,45.28322774,274.402351
760,485,901.5680784,39.05214201,51.31162311,45.18188256,274.7377435
760,490,904.2676595,39.03193714,51.13997391,45.08595553,275.0878007
760,495,906.9867695,39.01528899,50.97527651,44.99528275,275.4521628
760,500,909.7252332,39.00209235,50.8173216,44.90970697,275.8304837
760,505,912.4828766,38.99224625,50.66590821,44.82907723,276.2224297
760,510,915.259526,38.9856538,50.52084326,44.75324853,276.6276792
760,515,918.0550092,38.98222194,50.38194122,44.68208158,277.045922
760,520,920.8691547,38.98185028,50.24902372,44.615437,277.4768479
760,525,923.7017917,38.98434125,50.12191918,44.55313022,277.9200575
760,530,926.5527508,38.98971594,50.00046257,44.49508925,278.3753745
760,535,929.4218633,38.9979118,49.88449501,44.44120341,278.8425459
760,540,932.3089617,39.00885245,49.77386356,44.391358,279.3213114
760,545,935.2138793,39.02246431,49.66842089,44.3454426,279.811419
760,550,938.1364506,39.03867658,49.56802507,44.30335082,280.3126251
760,555,941.0765112,39.0573321,49.47253928,44.26493569,280.8246059
760,560,944.0338977,39.07844144,49.38183163,44.23013653,281.3472086
760,565,947.0084477,39.10195258,49.2957749,44.19886374,281.8802234
760,570,950,39.12780443,49.21424637,44.1710254,282.4234361
760,575,953.0083945,39.15591476,49.13713017,44.14652246,282.9766187
760,580,956.0334722,39.18615149,49.06431762,44.12523456,283.5395012
760,585,959.0750753,39.21853033,48.99569013,44.10711023,284.11195
760,590,962.1330469,39.25301218,48.93114103,44.0920766,284.6937898
760,595,965.2072316,39.28948304,48.87056724,44.08002514,285.2847744
760,600,968.297475,39.32789951,48.81386916,44.07088434,285.8847316
760,605,971.4036236,39.36828208,48.76095045,44.06461626,286.4935555
760,610,974.5255256,39.41058447,48.71171799,44.06115123,287.1110779
760,615,977.6630299,39.45476197,48.66608166,44.06042181,287.7371351
760,620,980.8159868,39.50077127,48.62395429,44.06236278,288.3715681
760,625,983.9842478,39.54857048,48.58525149,44.06691099,289.0142221
760,630,987.1676656,39.59804501,48.54989157,44.07396829,289.6648735
760,635,990.3660939,39.64918006,48.51779542,44.08348774,290.3234001
760,640,993.5793879,39.70198635,48.48888641,44.09543638,290.9897076
760,645,996.8074037,39.75642702,48.46309031,44.10975866,291.6636575
760.7861236,-647.288148,998.8881181,39.73787286,48.51014017,44.12400652,292.1079998
760.7861236,-470.3471048,894.4394473,39.11564342,51.93647565,45.52605953,273.9932135
760.7861236,470.3471048,894.4394473,39.1906207,51.93647565,45.56354817,274.0674111
760.7861236,647.288148,998.8881181,39.82407768,48.51014017,44.16710893,292.1933082
763.195653,-646.1674668,1000,39.85395526,48.69344099,44.27369813,292.6266463
763.195653,-468.8993134,895.7310818,39.30215798,52.23970074,45.77092936,274.7361875
763.195653,468.8993134,895.7310818,39.37868063,52.23970074,45.80919068,274.8119145
763.195653,646.1674668,1000,39.94162725,48.69344099,44.31753412,292.7134066
765,-640,997.4091437,39.88575449,48.86208872,44.37392161,292.3068377
765,-635,994.2082277,39.83503801,48.89394173,44.36448987,291.6479871
765,-630,991.0221995,39.78595236,48.92902898,44.35749067,290.9969287
765,-625,987.8512034,39.73860049,48.96742822,44.35301436,290.3538699
765,-620,984.6953844,39.69307142,49.00921975,44.35114559,289.7190074
765,-615,981.5548889,39.64940984,49.05448647,44.35194815,289.0924968
765,-610,978.4298646,39.60763349,49.10331401,44.35547375,288.4744698
765,-605,975.3204602,39.56781163,49.15579086,44.36180125,287.8651123
765,-600,972.2268254,39.52999203,49.21200845,44.37100024,287.264592
765,-595,969.1491113,39.49417216,49.27206131,44.38311673,286.6730302
765,-590,966.0874702,39.46042177,49.33604717,44.39823447,286.0906231
765,-585,963.0420552,39.42878537,49.40406715,44.41642626,285.5175453
765,-580,960.0130207,39.3993094,49.47622585,44.43776762,284.9539773
765,-575,957.0005225,39.37203831,49.55263151,44.46233491,284.4001013
765,-570,954.004717,39.34703501,49.6333962,44.4902156,283.8561218
765,-565,951.025762,39.32436329,49.71863598,44.52149963,283.3222482
765,-560,948.0638164,39.30399488,49.80847106,44.55623297,282.7986035
765,-555,945.1190401,39.28607769,49.903026,44.59455185,282.285489
765,-550,942.1915941,39.27067149,50.00243024,44.63655087,281.7831244
765,-545,939.2816404,39.25784715,50.10682625,44.6823367,281.2917532
765,-540,936.3893421,39.24767281,50.21634377,44.73200829,280.8116037
765,-535,933.5148633,39.24021408,50.33112684,44.78567046,280.3429162
765,-530,930.6583691,39.23554592,50.45132496,44.84343544,279.885946
765,-525,927.8200257,39.23374618,50.57709336,44.90541977,279.4409569
765,-520,925,39.23489581,50.70859326,44.97174453,279.008222
765,-515,922.1984602,39.23907893,50.84599214,45.04253554,278.5880238
765,-510,919.4155752,39.24638306,50.98946412,45.11792359,278.1806551
765,-505,916.651515,39.25689925,51.13919021,45.19804473,277.7864191
765,-500,913.9064504,39.2706738,51.29535869,45.28301625,277.405582
765,-495,911.1805529,39.28754692,51.4581655,45.37285621,277.0382141
765,-490,908.4739952,39.30788714,51.6278146,45.46785087,276.6849163
765,-485,905.7869507,39.33184617,51.80451837,45.56818227,276.3460836
765,-480,903.1195934,39.35953584,51.98849812,45.67401698,276.0220806
765,-475,900.4720984,39.39107285,52.17998446,45.78552866,275.7132858
765,-470,897.8446413,39.42657897,52.37921791,45.90289844,275.4200931
765,470,897.8446413,39.50430985,52.37921791,45.94176388,275.4970157
765,475,900.4720984,39.46891483,52.17998446,45.82444965,275.7903184
765,480,903.1195934,39.43750574,51.98849812,45.71300193,276.0992397
765,485,905.7869507,39.40996029,51.80451837,45.60723933,276.4233855
765,490,908.4739952,39.38616128,51.6278146,45.50698794,276.7623765
765,495,911.1805529,39.36599641,51.4581655,45.41208096,277.1158478
765,500,913.9064504,39.34935793,51.29535869,45.32235831,277.483448
765,505,916.651515,39.33610654,51.13919021,45.23764837,277.8648027
765,510,919.4155752,39.32613371,50.98946412,45.15779891,278.2595765
765,515,922.1984602,39.31932773,50.84599214,45.08265994,278.6674382
765,520,925,39.3156566,50.70859326,45.01212493,279.088143
765,525,927.8200257,39.31503243,50.57709336,44.9460629,279.5213979
765,530,930.6583691,39.3173707,50.45132496,44.88434783,279.96692
765,535,933.5148633,39.32259014,50.33112684,44.82685849,280.4244357
765,540,936.3893421,39.33055268,50.21634377,44.77344823,280.8936217
765,545,939.2816404,39.34120705,50.10682625,44.72401665,281.3742463
765,550,942.1915941,39.35451529,50.00243024,44.67847277,281.8660964
765,555,945.1190401,39.3704076,49.903026,44.6367168,282.368942
765,560,948.0638164,39.38878755,49.80847106,44.59862931,282.8825144
765,565,951.025762,39.40961602,49.71863598,44.564126,283.4066145
765,570,954.004717,39.432833,49.6333962,44.5331146,283.9410276
765,575,957.0005225,39.45826677,49.55263151,44.50544914,284.4854331
765,580,960.0130207,39.48597026,49.47622585,44.48109805,285.039737
765,585,963.0420552,39.5158227,49.40406715,44.45994493,285.6036776
765,590,966.0874702,39.54777326,49.33604717,44.44191022,286.1770662
765,595,969.1491113,39.58180122,49.27206131,44.42693126,286.7597481
765,600,972.2268254,39.61788426,49.21200845,44.41494636,287.3515703
765,605,975.3204602,39.65597345,49.15579086,44.40588216,287.9523574
765,610,978.4298646,39.69602148,49.10331401,44.39966775,288.5619387
765,615,981.5548889,39.73798257,49.05448647,44.39623452,289.1801485
765,620,984.6953844,39.78178748,49.00921975,44.39550362,289.806801
765,625,987.8512034,39.82732249,48.96742822,44.39737535,290.4416693
765,630,991.0221995,39.87464113,48.92902898,44.40183505,291.0846952
765,635,994.2082277,39.92370324,48.89394173,44.40882249,291.7357304
765,640,997.4091437,39.97446993,48.86208872,44.41827933,292.3946306
765.6051824,-643.3107372,1000,39.95288252,48.88786229,44.4203724,292.9169445
765.6051824,-467.4515221,897.0296655,39.4910122,52.54599101,46.0185016,275.4859001
765.6051824,467.4515221,897.0296655,39.56911456,52.54599101,46.05755279,275.5631903
765.6051824,643.3107372,1000,40.04199148,48.88786229,44.46492688,293.0051269
768.0147119,-640.4321996,1000,40.05386148,49.08566759,44.56976453,293.2126219
768.0147119,-466.0037307,898.3351684,39.68218257,52.85537524,46.2687789,276.2423503
768.0147119,466.0037307,898.3351684,39.7619472,52.85537524,46.30866122,276.3212855
768.0147119,640.4321996,1000,40.14440609,49.08566759,44.61503684,293.302225
770,-635,998.0606194,40.10941625,49.27283389,44.69112507,293.0649429
770,-630,994.8869282,40.06262426,49.31093434,44.6867793,292.4216035
770,-625,991.7282894,40.01758485,49.35239538,44.68499012,291.7863346
770,-620,988.5848471,39.97437977,49.39729846,44.68583912,291.1593265
770,-615,985.4567469,39.9330377,49.44572772,44.68938271,290.5407199
770,-610,982.3441352,39.89361122,49.49777006,44.69569064,289.9306823
770,-605,979.2471598,39.85614667,49.55351526,44.70483096,289.3293778
770,-600,976.1659695,39.82067928,49.6130561,44.71686769,288.7369628
770,-595,973.1007142,39.78725165,49.6764885,44.73187007,288.1536045
770,-590,970.051545,39.75592351,49.74391165,44.74991758,287.5794904
770,-585,967.0186141,39.72674611,49.81542814,44.77108712,287.014803
770,-580,964.0020747,39.69976345,49.8911441,44.79545377,286.4597217
770,-575,961.0020812,39.67504206,49.97116939,44.82310572,285.9144518
770,-570,958.018789,39.652636,50.05561772,44.85412686,285.3791905
770,-565,955.0523546,39.63261117,50.14460686,44.88860902,284.8541508
770,-560,952.1029356,39.61501502,50.23825879,44.92663691,284.339532
770,-555,949.1706907,39.59987878,50.33669991,44.96828935,283.8355216
770,-550,946.2557794,39.58725295,50.44006124,45.0136571,283.3423313
770,-545,943.3583624,39.57725449,50.54847861,45.06286655,282.8602435
770,-540,940.4786016,39.56995451,50.66209292,45.11602372,282.3895001
770,-535,937.6166594,39.56542688,50.78105036,45.17323862,281.9303516
770,-530,934.7726996,39.56374827,50.90550264,45.23462546,281.4830567
770,-525,931.9468869,39.56499836,51.03560729,45.30030283,281.047883
770,-520,929.1393867,39.56925994,51.17152793,45.37039394,280.6251075
770,-515,926.3503657,39.57661911,51.31343626,45.44502769,280.2150187
770,-510,923.5799911,39.58716541,51.4615118,45.5243386,279.8179162
770,-505,920.8284314,39.60099201,51.6159333,45.60846266,279.4341028
770,-500,918.0958556,39.61801212,51.77689184,45.69745198,279.0637156
770,-495,915.3824337,39.63850811,51.94458622,45.79154716,278.7072648
770,-490,912.6883367,39.66252445,52.11922339,45.89087392,278.3650332
770,-485,910.0137362,39.69014797,52.30101888,45.99558342,278.0373545
770,-480,907.3588044,39.72153144,52.49019721,46.10586433,277.7246364
770,-475,904.7237147,39.75684533,52.68699242,46.22191888,277.427314
770,-470,902.1086409,39.79621425,52.89164854,46.34393139,277.1457868
770,-465,899.5137575,39.83976835,53.10442011,46.47209423,276.8804705
770,465,899.5137575,39.92091861,53.10442011,46.51266936,276.9607769
770,470,902.1086409,39.87742737,52.89164854,46.38453796,277.2261555
770,475,904.7237147,39.8381395,52.68699242,46.26256596,277.5077629
770,480,907.3588044,39.80292427,52.49019721,46.14656074,277.8051829
770,485,910.0137362,39.77162466,52.30101888,46.03632177,278.1179839
770,490,912.6883367,39.74413035,52.11922339,45.93167687,278.4457905
770,495,915.3824337,39.72034726,51.94458622,45.83246674,278.7882529
770,500,918.0958556,39.70009316,51.77689184,45.7384925,279.1449432
770,505,920.8284314,39.68332942,51.6159333,45.64963136,279.5155841
770,510,923.5799911,39.66995828,51.4615118,45.56573504,279.8998481
770,515,926.3503657,39.6598823,51.31343626,45.48665928,280.2974161
770,520,929.1393867,39.65300789,51.17152793,45.41226791,280.7079846
770,525,931.9468869,39.64918585,51.03560729,45.34239657,281.1311951
770,530,934.7726996,39.64835882,50.90550264,45.27693073,281.5667874
770,535,937.6166594,39.65047232,50.78105036,45.21576134,282.0145127
770,540,940.4786016,39.65543017,50.66209292,45.15876155,282.474087
770,545,943.3583624,39.66315808,50.54847861,45.10581834,282.9452538
770,550,946.2557794,39.6735948,50.44006124,45.05682802,283.4277754
770,555,949.1706907,39.68666892,50.33669991,45.01168442,283.9214093
770,560,952.1029356,39.70231165,50.23825879,44.97028522,284.4259208
770,565,955.0523546,39.72042354,50.14460686,44.9325152,284.9410501
770,570,958.018789,39.74089615,50.05561772,44.89825693,285.4665329
770,575,961.0020812,39.76369072,49.97116939,44.86743006,286.0021787
770,580,964.0020747,39.78877239,49.8911441,44.83995824,286.5478051
770,585,967.0186141,39.81604479,49.81542814,44.81573646,287.1031731
770,590,970.051545,39.84551938,49.74391165,44.79471552,287.6681546
770,595,973.1007142,39.87714257,49.6764885,44.77681554,288.2425607
770,600,976.1659695,39.91086258,49.6130561,44.76195934,288.8262084
770,605,979.2471598,39.94662935,49.55351526,44.7500723,289.4189196
770,610,982.3441352,39.9843945,49.49777006,44.74108228,290.0205216
770,615,985.4567469,40.02400597,49.44572772,44.73486685,290.6307423
770,620,988.5848471,40.06551024,49.39729846,44.73140435,291.2495094
770,625,991.7282894,40.10887614,49.35239538,44.73063576,291.8766766
770,630,994.8869282,40.15405718,49.31093434,44.73249576,292.5120857
770,635,998.0606194,40.20096902,49.27283389,44.73690146,293.1555437
770.4242413,-637.5315588,1000,40.15713284,49.28694575,44.7220393,293.5140046
770.4242413,-464.5559394,899.6475601,39.87575795,53.16788249,46.52182022,277.0056488
770.4242413,464.5559394,899.6475601,39.95720353,53.16788249,46.56254301,277.0862475
770.4242413,637.5315588,1000,40.24894356,49.28694575,44.76794465,293.6048606
772.8337707,-634.6085115,1000,40.26284806,49.49178897,44.87731852,293.8213337
772.8337707,-464.3653779,901.6136874,40.05941996,53.4276576,46.74353878,277.8377004
772.8337707,464.3653779,901.6136874,40.14257318,53.4276576,46.78511539,277.9199889
772.8337707,634.6085115,1000,40.35566154,49.49178897,44.92372526,293.9131821
775,-630,998.7617333,40.34265321,49.69560771,45.01913046,293.854355
775,-625,995.6153876,40.29989223,49.74015299,45.02002261,293.2268516
775,-620,992.4842568,40.25895196,49.78819045,45.0235712,292.6076489
775,-615,989.3684854,40.21986645,49.83980544,45.02983595,291.9968938
775,-610,986.2682191,40.18273125,49.89508615,45.0389087,291.3947973
775,-605,983.1836044,40.14758601,49.95412366,45.05085484,290.8015182
775,-600,980.1147892,40.11447225,50.01701211,45.06574218,290.2172203
775,-595,977.0619223,40.08344648,50.08384883,45.08364765,289.6420855
775,-590,974.0251537,40.05456979,50.15473445,45.10465212,289.0763039
775,-585,971.0046344,40.02788664,50.22977306,45.12882985,288.5200526
775,-580,968.0005165,40.00344297,50.30907236,45.15625766,287.9735143
775,-575,965.0129533,39.9812953,50.39274379,45.18701955,287.4368857
775,-570,962.0420989,39.9615022,50.48090274,45.22120247,286.9103697
775,-565,959.0881086,39.9441243,50.5736687,45.2588965,286.3941758
775,-560,956.1511387,39.92922445,50.67116542,45.30019494,285.8885198
775,-555,953.2313465,39.91686782,50.77352117,45.34519449,285.3936247
775,-550,950.3288904,39.90712197,50.88086885,45.39399541,284.9097204
775,-545,947.4439297,39.89999477,50.99334631,45.44667054,284.436983
775,-540,944.5766247,39.89560561,51.1110965,45.50335105,283.9757043
775,-535,941.7271367,39.89404627,51.23426772,45.564157,283.526154
775,-530,938.8956279,39.8953952,51.36301393,45.62920457,283.0885946
775,-525,936.0822613,39.89973389,51.49749495,45.69861442,282.6632975
775,-520,933.2872012,39.90714704,51.63787678,45.77251191,282.2505436
775,-515,930.5106125,39.91772271,51.78433189,45.8510273,281.8506238
775,-510,927.752661,39.93152072,51.93703955,45.93428013,281.4638078
775,-505,925.0135134,39.94851559,52.09618614,46.02235086,281.0902881
775,-500,922.2933373,39.96895979,52.26196554,46.11546267,280.7305401
775,-495,919.592301,39.99295668,52.4345795,46.21376809,280.3848992
775,-490,916.9105736,40.02061394,52.61423802,46.31742598,280.0537138
775,-485,914.2483251,40.05204379,52.8011598,46.4266018,279.7373452
775,-480,911.6057262,40.08725531,52.99557271,46.54141401,279.4360621
775,-475,908.9829481,40.12647006,53.19771422,46.66209214,279.1503531
775,-470,906.3801631,40.16982508,53.40783196,46.78882852,278.8806331
775,470,906.3801631,40.25445679,53.40783196,46.83114438,278.9643848
775,475,908.9829481,40.21117808,53.19771422,46.70444615,279.2341803
775,480,911.6057262,40.17205835,52.99557271,46.58381553,279.5199834
775,485,914.2483251,40.13690161,52.8011598,46.46903071,279.8213206
775,490,916.9105736,40.10564965,52.61423802,46.35994384,280.1378653
775,495,919.592301,40.07818704,52.4345795,46.25638327,280.4692433
775,500,922.2933373,40.05440103,52.26196554,46.15818329,280.8150929
775,505,925.0135134,40.03417475,52.09618614,46.06518044,281.1750566
775,510,927.752661,40.01734097,51.93703955,45.97719026,281.5487356
775,515,930.5106125,40.00387049,51.78433189,45.89410119,281.9358758
775,520,933.2872012,39.99364679,51.63787678,45.81576179,282.3361439
775,525,936.0822613,39.98659313,51.49749495,45.74204404,282.7492535
775,530,938.8956279,39.98262599,51.36301393,45.67281996,283.1749183
775,535,941.7271367,39.98166034,51.23426772,45.60796403,283.612857
775,540,944.5766247,39.98361435,51.1110965,45.54735542,284.0627979
775,545,947.4439297,39.98840926,50.99334631,45.49087779,284.5244782
775,550,950.3288904,39.99596925,50.88086885,45.43841905,284.9976438
775,555,953.2313465,40.00622126,50.77352117,45.38987121,285.482049
775,560,956.1511387,40.01902332,50.67116542,45.34509437,285.9773849
775,565,959.0881086,40.03429046,50.5736687,45.30397958,286.4834044
775,570,962.0420989,40.0520317,50.48090274,45.26646722,286.9999579
775,575,965.0129533,40.07213093,50.39274379,45.23243736,287.5267767
775,580,968.0005165,40.09457659,50.30907236,45.20182448,288.0637003
775,585,971.0046344,40.11932587,50.22977306,45.17454947,288.6105411
775,590,974.0251537,40.14632203,50.15473445,45.15052824,289.167102
775,595,977.0619223,40.17551027,50.08384883,45.12967955,289.7331919
775,600,980.1147892,40.20683764,50.01701211,45.11192487,290.3086252
775,605,983.1836044,40.24017636,49.95412366,45.09715001,290.8931458
775,610,986.2682191,40.27551445,49.89508615,45.0853003,291.4866158
775,615,989.3684854,40.31284206,49.83980544,45.07632375,292.0889026
775,620,992.4842568,40.3520646,49.78819045,45.07012753,292.6997933
775,625,995.6153876,40.39318516,49.74015299,45.06666907,293.3191745
775,630,998.7617333,40.43616037,49.69560771,45.06588404,293.9468899
775.2433002,-631.6627467,1000,40.37095101,49.70029292,45.03562197,294.1346484
775.2433002,-465.8131692,904.424725,40.22781276,53.6155434,46.92167808,278.7524818
775.2433002,465.8131692,904.424725,40.3126015,53.6155434,46.96407245,278.8363888
775.2433002,631.6627467,1000,40.46461993,49.70029292,45.08245643,294.2273433
777.6528296,-628.6939451,1000,40.48142283,49.9125569,45.19698986,294.4540283
777.6528296,-467.2609606,907.2357625,40.39624946,53.80343659,47.09984302,279.6673139
777.6528296,467.2609606,907.2357625,40.48276172,53.80343659,47.14309915,279.7529266
777.6528296,628.6939451,1000,40.5758809,49.9125569,45.2442189,294.5475041
780,-625,999.5123811,40.58513263,50.13070107,45.35791685,294.6750117
780,-620,996.3934966,40.54644912,50.18189572,45.36417242,294.0636158
780,-615,993.2899879,40.50969172,50.23671964,45.37320568,293.4607928
780,-610,990.2019996,40.47487645,50.29526228,45.38506937,292.8666758
780,-605,987.1296774,40.44208717,50.35761606,45.39985161,292.2814684
780,-600,984.073168,40.41137004,50.42387648,45.41762326,291.7053402
780,-595,981.0326192,40.38277547,50.49414228,45.43845888,291.1384684
780,-590,978.0081799,40.35635559,50.56851556,45.46243557,290.5810353
780,-585,975,40.33216433,50.64710191,45.48963312,290.0332288
780,-580,972.0082304,40.31025752,50.73001059,45.52013406,289.4952424
780,-575,969.0330232,40.29069295,50.81735468,45.55402381,288.9672757
780,-570,966.0745313,40.27353047,50.90925122,45.59139085,288.4495342
780,-565,963.1329088,40.2588321,51.00582144,45.63232677,287.9422303
780,-560,960.2083107,40.2466621,51.1071909,45.6769265,287.4455826
780,-555,957.3008931,40.23708709,51.2134897,45.7252884,286.9598171
780,-550,954.410813,40.23017616,51.32485271,45.77751443,286.485167
780,-545,951.5382283,40.22600098,51.44141974,45.83371036,286.0218732
780,-540,948.6832981,40.22462888,51.56333582,45.89398235,285.5701777
780,-535,945.846182,40.22607499,51.69075143,45.95841321,285.1302762
780,-530,943.027041,40.23048938,51.82382273,46.02715606,284.7025041
780,-525,940.2260367,40.23795539,51.96271187,46.10033363,284.2871365
780,-520,937.4433316,40.24855964,52.10758726,46.17807345,283.8844584
780,-515,934.6790893,40.26233153,52.25862386,46.2604777,283.4947047
780,-510,931.933474,40.27930415,52.41600354,46.34765384,283.1181209
780,-505,929.2066509,40.29969691,52.57991538,46.43980615,282.7551445
780,-500,926.4987858,40.32361132,52.75055609,46.5370837,282.4061035
780,-495,923.8100454,40.35115306,52.92813031,46.63964168,282.0713385
780,-490,921.1405973,40.38243226,53.1128511,46.74764168,281.7512028
780,-485,918.4906096,40.41756372,53.30494034,46.86125203,281.4460633
780,-480,915.8602513,40.45666712,53.50462918,46.98064815,281.1563008
780,-475,913.249692,40.49984469,53.71215854,47.10600161,280.8822889
780,-470,910.659102,40.54715848,53.92777963,47.23746905,280.6243717
780,470,910.659102,40.63529757,53.92777963,47.2815386,280.7115943
780,475,913.249692,40.58796259,53.71215854,47.15006056,280.9694905
780,480,915.8602513,40.54487401,53.50462918,47.0247516,281.2435905
780,485,918.4906096,40.50589163,53.30494034,46.90541598,281.5334727
780,490,921.1405973,40.47083535,53.1128511,46.79184323,281.8386867
780,495,923.8100454,40.43962775,52.92813031,46.68387903,282.1588932
780,500,926.4987858,40.412172,52.75055609,46.58136404,282.4937433
780,505,929.2066509,40.38835751,52.57991538,46.48413645,282.8428831
780,510,931.933474,40.36807817,52.41600354,46.39204085,283.2059719
780,515,934.6790893,40.35123206,52.25862386,46.30492796,283.5826808
780,520,937.4433316,40.3377213,52.10758726,46.22265428,283.9726929
780,525,940.2260367,40.32745182,51.96271187,46.14508185,284.3757023
780,530,943.027041,40.32033317,51.82382273,46.07207795,284.7914136
780,535,945.846182,40.31627839,51.69075143,46.00351491,285.2195417
780,540,948.6832981,40.31520379,51.56333582,45.9392698,285.6598107
780,545,951.5382283,40.31702881,51.44141974,45.87922427,286.1119545
780,550,954.410813,40.32166646,51.32485271,45.82325958,286.5757059
780,555,957.3008931,40.32889737,51.2134897,45.77119354,287.0506727
780,560,960.2083107,40.33879727,51.1071909,45.72299409,287.5367597
780,565,963.1329088,40.35126162,51.00582144,45.67854153,288.0336987
780,570,966.0745313,40.36622347,50.90925122,45.63773735,288.5412634
780,575,969.0330232,40.38365783,50.81735468,45.60050625,289.0592739
780,580,972.0082304,40.40350245,50.73001059,45.56675652,289.5875177
780,585,975,40.42569725,50.64710191,45.53639958,290.1257891
780,590,978.0081799,40.45018423,50.56851556,45.50934989,290.6738882
780,595,981.0326192,40.47684695,50.49414228,45.48549462,291.2315617
780,600,984.073168,40.50562998,50.42387648,45.46475323,291.79862
780,605,987.1296774,40.53650565,50.35761606,45.44706086,292.3749051
780,610,990.2019996,40.5694588,50.29526228,45.43236054,292.9602746
780,615,993.2899879,40.60444054,50.23671964,45.42058009,293.5545564
780,620,996.3934966,40.64140356,50.18189572,45.41164964,294.1575829
780,625,999.5123811,40.68030209,50.13070107,45.40550158,294.7691916
780.062359,-625.7017788,1000,40.59428607,50.12868403,45.36148505,294.7795977
780.062359,-468.7087519,910.0467999,40.56482496,53.99133638,47.27808067,280.5822899
780.062359,468.7087519,910.0467999,40.65301487,53.99133638,47.32217563,280.6695628
780.062359,625.7017788,1000,40.6895091,50.12868403,45.40909656,294.8738305
782.4718884,-622.685911,999.9999999,40.70960263,50.34878148,45.52919205,295.1115239
782.4718884,-470.1565433,912.8578374,40.73356757,54.1792427,47.45640513,281.4974378
782.4718884,470.1565433,912.8578374,40.82338316,54.1792427,47.50131293,281.5863194
782.4718884,622.685911,999.9999999,40.80553992,50.34878148,45.5771607,295.2064636
784.8814179,-619.6459956,1000,40.8274767,50.57296061,45.70021865,295.4500203
784.8814179,-471.6043346,915.668875,40.90237214,54.36715548,47.63476381,282.4126533
784.8814179,471.6043346,915.668875,40.99371794,54.36715548,47.68043671,282.5030493
784.8814179,619.6459956,1000,40.92406916,50.57296061,45.74851488,295.5456084
785,-615,997.221139,40.80245884,50.63647034,45.71946459,294.9323397
785,-610,994.1453616,40.77002492,50.69829847,45.7341617,294.3462728
785,-605,991.0852637,40.73960679,50.76399247,45.75179963,293.7691623
785,-600,988.0409911,40.71128252,50.83364921,45.77246586,293.2012104
785,-595,985.0126903,40.68512278,50.90736885,45.79624581,292.6426156
785,-590,982.0005092,40.66118086,50.98525496,45.82321791,292.0935627
785,-585,979.0045965,40.63951188,51.06741466,45.85346327,291.5542419
785,-580,976.0251021,40.62017291,51.15395878,45.88706584,291.0248493
785,-575,973.0621768,40.60322302,51.24500202,45.92411252,290.5055871
785,-570,970.1159724,40.58872338,51.34066312,45.96469325,289.9966638
785,-565,967.1866418,40.57673739,51.44106504,46.00890122,289.4982942
785,-560,964.2743386,40.56733073,51.54633516,46.05683295,289.0107002
785,-555,961.3792176,40.56057152,51.65660546,46.10858849,288.5341107
785,-550,958.5014345,40.55653037,51.77201273,46.16427155,288.0687622
785,-545,955.641146,40.55528056,51.89269881,46.22398968,287.6148988
785,-540,952.7985097,40.55689814,52.01881082,46.28785448,287.172773
785,-535,949.9736838,40.56146205,52.15050139,46.35598172,286.7426455
785,-530,947.166828,40.56903328,52.28792894,46.42848111,286.3247653
785,-525,944.3781022,40.57966527,52.43125794,46.50546161,285.9193802
785,-520,941.6076678,40.59341611,52.58065924,46.58703768,285.5267489
785,-515,938.8556865,40.61036631,52.73631031,46.67333831,285.1471592
785,-510,936.1223211,40.6307079,52.89839563,46.76455176,284.7810161
785,-505,933.4077351,40.65454056,53.06710703,46.86082379,284.4286408
785,-500,930.712093,40.68196807,53.242644,46.96230603,284.0903663
785,-495,928.0355597,40.7130985,53.42521416,47.06915633,283.7665381
785,-490,925.378301,40.74804445,53.61503363,47.18153904,283.4575146
785,-485,922.7404836,40.7869233,53.81232747,47.29962538,283.163668
785,-480,920.1222745,40.82985743,54.01733015,47.42359379,282.8853849
785,-475,917.5238417,40.87697454,54.23028606,47.5536303,282.623067
785,475,917.5238417,40.96838405,54.23028606,47.59933506,282.713526
785,480,920.1222745,40.92126457,54.01733015,47.46929736,282.9758415
785,485,922.7404836,40.87834466,53.81232747,47.34533607,283.2541387
785,490,925.378301,40.83949608,53.61503363,47.22726485,283.5480153
785,495,928.0355597,40.80459592,53.42521416,47.11490504,283.8570841
785,500,930.712093,40.77352631,53.242644,47.00808515,284.1809725
785,505,933.4077351,40.74617418,53.06710703,46.9066406,284.5193216
785,510,936.1223211,40.72243101,52.89839563,46.81041332,284.8717854
785,515,938.8556865,40.70219258,52.73631031,46.71925145,285.2380306
785,520,941.6076678,40.68535881,52.58065924,46.63300902,285.6177356
785,525,944.3781022,40.67183348,52.43125794,46.55154571,286.01059
785,530,947.166828,40.66152414,52.28792894,46.47472654,286.4162944
785,535,949.9736838,40.65434184,52.15050139,46.40242161,286.8345595
785,540,952.7985097,40.65018896,52.01881082,46.33449989,287.2650937
785,545,955.641146,40.64888581,51.89269881,46.27079231,287.7075308
785,550,958.5014345,40.65041888,51.77201273,46.21121581,288.1616744
785,555,961.3792176,40.65473044,51.65660546,46.15566795,288.6272906
785,560,964.2743386,40.66171579,51.54633516,46.10402548,289.1041038
785,565,967.1866418,40.67135786,51.44106504,46.05621145,289.5919308
785,570,970.1159724,40.68358829,51.34066312,46.0121257,290.0905423
785,575,973.0621768,40.69834113,51.24500202,45.97167158,290.5997162
785,580,976.0251021,40.71555276,51.15395878,45.93475577,291.1192374
785,585,979.0045965,40.735071,51.06741466,45.90124283,291.6488073
785,590,982.0005092,40.7568665,50.98525496,45.87106073,292.1882533
785,595,985.0126903,40.78094103,50.90736885,45.84415494,292.7374375
785,600,988.0409911,40.80723931,50.83364921,45.82044426,293.2961694
785,605,991.0852637,40.83569056,50.76399247,45.79984151,293.864247
785,610,994.1453616,40.86625952,50.69829847,45.78227899,294.4415067
785,615,997.221139,40.89889665,50.63647034,45.76768349,295.0277747
787.2909473,-616.5816769,1000,40.94791453,50.80133721,45.87462587,295.7952077
787.2909473,-473.0521259,918.4799124,41.07130838,54.55507465,47.81319152,283.3280055
787.2909473,473.0521259,918.4799124,41.16417296,54.55507465,47.8596238,283.4199045
787.2909473,616.5816769,1000,41.04517468,50.80133721,45.92325594,295.8914564
789.7004767,-613.4925892,1000,41.07099142,51.03403176,46.05251159,296.1472796
789.7004767,-474.4999173,921.2909499,41.24031445,54.74209935,47.9912069,284.2425416
789.7004767,474.4999173,921.2909499,41.33469829,54.74209935,48.03839882,284.3359441
789.7004767,613.4925892,1000,41.16893217,51.03403176,46.10148197,296.244202
790,-610,998.0981916,41.06802348,51.10419472,46.0861091,295.8334143
790,-605,995.05025,41.04003193,51.17325288,46.1066424,295.2644655
790,-600,992.018145,41.01417819,51.24633028,46.13025423,294.7047771
790,-595,989.0020222,40.99048252,51.32352852,46.15700552,294.1544988
790,-590,986.0020284,40.96904836,51.40495263,46.1870005,293.6138662
790,-585,983.0183111,40.94993204,51.49071128,46.22032166,293.0830721
790,-580,980.0510191,40.93319187,51.58091688,46.25705438,292.5623152
790,-575,977.1003019,40.91888821,51.67568577,46.29728699,292.0518003
790,-570,974.1663102,40.9070836,51.77513839,46.34111099,291.5517386
790,-565,971.2491956,40.8978428,51.87939945,46.38862113,291.0623478
790,-560,968.3491106,40.89123295,51.98859816,46.43991556,290.5838529
790,-555,965.4662086,40.88732366,52.10286837,46.49509602,290.1164859
790,-550,962.6006441,40.88618712,52.22234885,46.55426798,289.6604863
790,-545,959.7525723,40.8878982,52.34718345,46.61754083,289.2161018
790,-540,956.9221494,40.89253465,52.47752139,46.68502802,288.7835881
790,-535,954.1095325,40.90017715,52.6135175,46.75684732,288.3632097
790,-530,951.3148795,40.9109095,52.75533244,46.83312097,287.9552402
790,-525,948.5383493,40.92471668,52.90313306,46.91392487,287.5598614
790,-520,945.7801013,40.94169117,53.05709261,46.99939189,287.1773684
790,-515,943.0402961,40.96198178,53.21739112,47.08968645,286.8081187
790,-510,940.3190948,40.98573336,53.38421571,47.18497454,286.4524729
790,-505,937.6166594,41.01304782,53.55776093,47.28540438,286.1107569
790,-500,934.9331527,41.04403124,53.73822913,47.39113019,285.7833084
790,-495,932.2687381,41.07879409,53.9258309,47.5023125,285.4704779
790,-490,929.6235797,41.11745148,54.12078544,47.61911846,285.172629
790,-485,926.9978425,41.16012338,54.32332101,47.7417222,284.8901392
790,-480,924.3916919,41.20693491,54.53367544,47.87030518,284.623401
790,-475,921.805294,41.25792049,54.75113548,48.00452799,284.3717756
790,475,921.805294,41.35249063,54.75113548,48.05181306,284.4653624
790,480,924.3916919,41.30147404,54.53367544,47.91757474,284.716957
790,485,926.9978425,41.25464883,54.32332101,47.78898492,284.9836818
790,490,929.6235797,41.21198,54.12078544,47.66638272,285.2661745
790,495,932.2687381,41.17334192,53.9258309,47.54958641,285.5640426
790,500,934.9331527,41.13861406,53.73822913,47.4384216,285.8769077
790,505,937.6166594,41.10768084,53.55776093,47.33272089,286.2044059
790,510,940.3190948,41.08043131,53.38421571,47.23232351,286.5461862
790,515,943.0402961,41.05675892,53.21739112,47.13707502,286.9019103
790,520,945.7801013,41.03656134,53.05709261,47.04682698,287.2712521
790,525,948.5383493,41.01974025,52.90313306,46.96143665,287.6538969
790,530,951.3148795,41.00616241,52.75533244,46.88074743,288.0495026
790,535,954.1095325,40.99573843,52.6135175,46.80462796,288.4577773
790,540,956.9221494,40.98833408,52.47752139,46.73292774,288.8783914
790,545,959.7525723,40.98393108,52.34718345,46.66555727,289.3111361
790,550,962.6006441,40.98240568,52.22234885,46.60237726,289.7557044
790,555,965.4662086,40.98373818,52.10286837,46.54330328,290.2118979
790,560,968.3491106,40.9878534,51.98859816,46.48822578,290.6794687
790,565,971.2491956,40.99464304,51.87939945,46.43702125,291.1581415
790,570,974.1663102,41.00405718,51.77513839,46.38959779,291.6477038
790,575,977.1003019,41.01597481,51.67568577,46.34583029,292.1478773
790,580,980.0510191,41.03036179,51.58091688,46.30563934,292.6584747
790,585,983.0183111,41.04719153,51.49071128,46.26895141,293.1793203
790,590,986.0020284,41.06640347,51.40495263,46.23567805,293.710209
790,595,989.0020222,41.08793914,51.32352852,46.20573383,294.250942
790,600,992.018145,41.111742,51.24633028,46.17903614,294.8013264
790,605,995.05025,41.13775747,51.17325288,46.15550517,295.3611749
790,610,998.0981916,41.16593274,51.10419472,46.13506373,295.9303054
792.1100062,-610.3783566,1000,41.1967858,51.27116963,46.23397772,296.506438
792.1100062,-475.9477086,924.1019875,41.40938287,54.92817561,48.16877924,285.1562009
792.1100062,475.9477086,924.1019875,41.50528645,54.92817561,48.21673103,285.2511072
792.1100062,610.3783566,1000,41.29542047,51.27116963,46.28329505,296.604047
794.5195356,-607.238592,1000,41.32537936,51.51288134,46.41913035,296.8728927
794.5195356,-477.3955,926.913025,41.57860705,55.11425802,48.34643253,286.0700204
794.5195356,477.3955,926.913025,41.6760308,55.11425802,48.39514441,286.1664311
794.5195356,607.238592,1000,41.42472169,51.51288134,46.46880152,296.971202
795,-605,999.0245242,41.34336532,51.58539729,46.46438131,296.7673584
795,-600,996.0045181,41.3199774,51.66191969,46.49094854,296.2159391
795,-595,993.0005035,41.29883912,51.74262127,46.5207302,295.6740801
795,-590,990.0126262,41.27996074,51.82760856,46.55378465,295.1419261
795,-585,987.0410326,41.26342742,51.91699176,46.59020959,294.6196998
795,-580,984.0858702,41.24931698,52.01088488,46.63010093,294.1076204
795,-575,981.1472876,41.23769109,52.1094059,46.6735485,293.6058954
795,-570,978.2254341,41.22861364,52.21267699,46.72064531,293.1147389
795,-565,975.3204602,41.22215081,52.32082462,46.77148772,292.6343715
795,-560,972.4325169,41.21837119,52.43397983,46.82617551,292.1650212
795,-555,969.5617567,41.21734592,52.55227838,46.88481215,291.7069229
795,-550,966.7083324,41.21914875,52.675861,46.94750487,291.2603197
795,-545,963.8723982,41.2238562,52.80487358,47.01436489,290.8254624
795,-540,961.0541088,41.2315477,52.93946747,47.08550759,290.4026104
795,-535,958.2536199,41.24230571,53.07979968,47.16105269,289.9920317
795,-530,955.471088,41.25610041,53.22603316,47.24106679,289.5938895
795,-525,952.7066705,41.27307671,53.37833711,47.32570691,289.208526
795,-520,949.9605255,41.29338734,53.53688726,47.4151373,288.8362979
795,-515,947.2328119,41.31712849,53.70186618,47.50949734,288.4775129
795,-510,944.5236895,41.34438179,53.87346364,47.60892272,288.1324715
795,-505,941.8333186,41.37521986,54.05187695,47.71354841,287.8014728
795,-500,939.1618604,41.40980188,54.23731135,47.82355661,287.4849097
795,-495,936.5094767,41.44824076,54.42998038,47.93911057,287.1831378
795,-490,933.8763301,41.49065414,54.63010636,48.06038025,286.8965258
795,-485,931.2625838,41.53704676,54.83674219,48.18689448,286.6241739
795,-480,928.6684015,41.58752438,55.04990792,48.31871615,286.3662393
795,480,928.6684015,41.68522217,55.04990792,48.36756505,286.4629212
795,485,931.2625838,41.63470179,54.83674219,48.23572199,286.7208135
795,490,933.8763301,41.58828304,54.63010636,48.1091947,286.9931395
795,495,936.5094767,41.54585962,54.42998038,47.98792,287.2797416
795,500,939.1618604,41.50742626,54.23731135,47.8723688,287.581519
795,505,941.8333186,41.47286481,54.05187695,47.76237088,287.8981024
795,510,944.5236895,41.44206191,53.87346364,47.65776278,288.2291359
795,515,947.2328119,41.41488644,53.70186618,47.55837631,288.5742543
795,520,949.9605255,41.391225,53.53688726,47.46405613,288.9331182
795,525,952.7066705,41.37100731,53.37833711,47.37467221,289.3054383
795,530,955.471088,41.35405006,53.22603316,47.29004161,289.6908206
795,535,958.2536199,41.34031428,53.07979968,47.21005698,290.0890212
795,540,961.0541088,41.32966139,52.93946747,47.13456443,290.4997039
795,545,963.8723982,41.32208098,52.80487358,47.06347728,290.9226658
795,550,966.7083324,41.31749407,52.675861,46.99667753,291.3576424
795,555,969.5617567,41.31582095,52.55227838,46.93404966,291.804374
795,560,972.4325169,41.31698481,52.43397983,46.87548232,292.2626094
795,565,975.3204602,41.32081819,52.32082462,46.82082141,292.7320129
795,570,978.2254341,41.32733519,52.21267699,46.77000609,293.2124339
795,575,981.1472876,41.33647378,52.1094059,46.72293984,293.7036509
795,580,984.0858702,41.34816755,52.01088488,46.67952621,294.2054431
795,585,987.0410326,41.36235242,51.91699176,46.63967209,294.7175961
795,590,990.0126262,41.37896652,51.82760856,46.60328754,295.2399024
795,595,993.0005035,41.39795007,51.74262127,46.57028567,295.7721605
795,600,996.0045181,41.41924536,51.66191969,46.54058253,296.3141748
795,605,999.0245242,41.44279657,51.58539729,46.51409693,296.8657557
796.929065,-604.0728974,1000,41.45685727,51.75930288,46.60808007,297.2468626
796.929065,-478.8432913,929.7240624,41.74798499,55.30034653,48.52416576,286.983998
796.929065,478.8432913,929.7240624,41.84687463,55.30034653,48.57361058,287.0818594
796.929065,604.0728974,1000,41.55692143,51.75930288,46.65811215,297.3458862
799.3385944,-600.8808629,999.9999999,41.59130834,52.01057596,46.80094215,297.6285758
799.3385944,-480.2910827,932.5350999,41.91751472,55.48791931,48.70271701,287.8995948
799.3385944,480.2910827,932.5350999,42.01786124,55.48791931,48.75289027,287.9988978
799.3385944,600.8808629,999.9999999,41.69210897,52.01057596,46.85134246,297.7283283
800,-600,1000,41.62874686,52.08041743,46.85458215,297.7347403
800,-595,997.008024,41.61013048,52.1646471,46.88738879,297.2012761
800,-590,994.0321926,41.59386415,52.25322272,46.92354343,296.6776672
800,-585,991.0726512,41.58000049,52.34625606,46.96312827,296.1641054
800,-580,988.1295462,41.56855068,52.44386272,47.0062067,295.6607453
800,-575,985.2030248,41.55963405,52.54616237,47.05289821,295.167853
800,-570,982.2932352,41.55331587,52.65327887,47.10329737,294.6856453
800,-565,979.4003267,41.54966374,52.7653405,47.15750212,294.2143458
800,-560,976.5244493,41.54874774,52.88248012,47.21561393,293.7541854
800,-555,973.6657537,41.55064053,53.00483542,47.27773797,293.3054024
800,-550,970.8243919,41.55541744,53.1325491,47.34398327,292.868243
800,-545,968.0005165,41.56315667,53.26576913,47.4144629,292.4429614
800,-540,965.194281,41.57393935,53.40464896,47.48929416,292.0298205
800,-535,962.4058396,41.58772543,53.54934782,47.56853663,291.6289692
800,-530,959.6353474,41.60467818,53.70003098,47.65235458,291.2407635
800,-525,956.8829605,41.62493775,53.85686999,47.74090387,290.8655432
800,-520,954.1488354,41.64859865,54.02004307,47.83432086,290.5036094
800,-515,951.4331295,41.67575913,54.18973536,47.93274724,290.155274
800,-510,948.7360012,41.70652143,54.3661393,48.03633036,289.8208604
800,-505,946.0576092,41.74099191,54.54945497,48.14522344,289.5007035
800,-500,943.3981132,41.77928085,54.7398905,48.25958567,289.1951504
800,-495,940.7576734,41.82128337,54.9361036,48.37869349,288.902801
800,-490,938.1364506,41.86725119,55.13897757,48.50311438,288.6248107
800,-485,935.5346065,41.91739102,55.35024899,48.63382,288.3631349
800,485,935.5346065,42.01807747,55.35024899,48.68416323,288.4627744
800,490,938.1364506,41.96788419,55.13897757,48.55343088,288.7243973
800,495,940.7576734,41.9218797,54.9361036,48.42899165,289.0023513
800,500,943.3981132,41.87983298,54.7398905,48.30986174,289.294657
800,505,946.0576092,41.84154298,54.54945497,48.19549897,289.600209
800,510,948.7360012,41.80707598,54.3661393,48.08660764,289.9203694
800,515,951.4331295,41.77633073,54.18973536,47.98303304,290.2547998
800,520,954.1488354,41.74913559,54.02004307,47.88458933,290.6031009
800,525,956.8829605,41.72538713,53.85686999,47.79112856,290.9649481
800,530,959.6353474,41.70501499,53.70003098,47.70252298,291.340057
800,535,962.4058396,41.6879598,53.54934782,47.61865381,291.7281613
800,540,965.194281,41.67413032,53.40464896,47.53938964,292.1289697
800,545,968.0005165,41.66343871,53.26576913,47.46460392,292.5422006
800,550,970.8243919,41.65576217,53.1325491,47.39415564,292.9675443
800,555,973.6657537,41.65099979,53.00483542,47.32791761,293.4047181
800,560,976.5244493,41.64912956,52.88248012,47.26580484,293.8535234
800,565,979.4003267,41.65007588,52.7653405,47.20770819,294.3137138
800,570,982.2932352,41.65376585,52.65327887,47.15352236,294.7850508
800,575,985.2030248,41.66012916,52.54616237,47.10314577,295.2673031
800,580,988.1295462,41.66909798,52.44386272,47.05648035,295.7602471
800,585,991.0726512,41.68060684,52.34625606,47.01343145,296.2636656
800,590,994.0321926,41.69459253,52.25322272,46.97390763,296.7773482
800,595,997.008024,41.710994,52.1646471,46.93782055,297.3010908
800,600,1000,41.72975227,52.08041743,46.90508485,297.8346954
801.7481239,-597.6620666,1000,41.72882527,52.26684833,46.9978368,298.0182704
801.7481239,-481.738874,935.3461375,42.08719429,55.67601337,48.88160383,288.8158556
801.7481239,481.738874,935.3461375,42.18899785,55.67601337,48.93250561,288.9166006
801.7481239,597.6620666,1000,41.83037748,52.26684833,47.04861291,298.1187666
804.1576533,-594.4160737,1000,41.86950478,52.52827414,47.19888946,298.4161944
804.1576533,-483.1866654,938.157175,42.25702178,55.86411351,49.06056764,289.7322689
804.1576533,483.1866654,938.157175,42.36019627,55.86411351,49.11215489,289.8343705
804.1576533,594.4160737,1000,41.97182418,52.52827414,47.25004916,298.5174499
805,-590,998.0606194,41.91076985,52.68179508,47.29628247,298.2210789
805,-585,995.1130589,41.89955531,52.77850414,47.33902973,297.7161723
805,-580,992.181939,41.89085832,52.87985038,47.38535435,297.2216341
805,-575,989.2674057,41.88471936,52.98595513,47.43533724,296.7376538
805,-570,986.3696062,41.88119252,53.09694399,47.48906825,296.2644385
805,-565,983.4886883,41.88038378,53.21294702,47.5466654,295.8022513
805,-560,980.6248008,41.88236473,53.33409896,47.60823185,295.3513264
805,-555,977.7780934,41.88720955,53.46053942,47.67387449,294.911905
805,-550,974.9487166,41.89499522,53.59241309,47.74370415,294.4842367
805,-545,972.1368216,41.90580158,53.72987,47.81783579,294.0685793
805,-540,969.3425607,41.91958252,53.87306577,47.89632415,293.6650715
805,-535,966.5660867,41.93651136,54.02216185,47.9793366,293.2740753
805,-530,963.8075534,41.9567199,54.1773258,48.06702285,292.8959175
805,-525,961.0671152,41.980301,54.33873159,48.1595163,292.5308932
805,-520,958.3449275,42.00735121,54.50655993,48.25695557,292.1793078
805,-515,955.641146,42.0379709,54.68099853,48.35948472,291.8414775
805,-510,952.9559276,42.07226447,54.86224254,48.46725351,291.5177302
805,-505,950.2894296,42.11013139,55.04840274,48.57926707,291.2061282
805,-500,947.64181,42.15186841,55.24285907,48.69736374,290.9103415
805,-495,945.0132274,42.19761066,55.44474469,48.82117768,290.629678
805,-490,942.4038412,42.24748063,55.654279,48.95087981,290.3645076
805,-485,939.8138113,42.30157362,55.87169943,49.08663653,290.1151918
805,485,939.8138113,42.40515049,55.87169943,49.13842496,290.2176916
805,490,942.4038412,42.3509436,55.654279,49.0026113,290.4668948
805,495,945.0132274,42.30100824,55.44474469,48.87287646,290.7320004
805,500,947.64181,42.25521619,55.24285907,48.74903763,291.0126147
805,505,950.2894296,42.21344445,55.04840274,48.6309236,291.3083669
805,510,952.9559276,42.1755014,54.86224254,48.51887197,291.6198936
805,515,955.641146,42.14104915,54.68099853,48.41102384,291.9434839
805,520,958.3449275,42.11027579,54.50655993,48.30841786,292.2811621
805,525,961.0671152,42.08308322,54.33873159,48.21090741,292.6326067
805,530,963.8075534,42.05937069,54.1773258,48.11834825,292.9975009
805,535,966.5660867,42.0390314,54.02216185,48.03059662,293.3755293
805,540,969.3425607,42.02190196,53.87306577,47.94748387,293.766327
805,545,972.1368216,42.00797136,53.72987,47.86892068,294.1696867
805,550,974.9487166,41.99715326,53.59241309,47.79478317,294.5853325
805,555,977.7780934,41.9893645,53.46053942,47.72495196,295.0129977
805,560,980.6248008,41.98452496,53.33409896,47.65931196,295.4524243
805,565,983.4886883,41.98255741,53.21294702,47.59775222,295.9033625
805,570,986.3696062,41.98338741,53.09694399,47.5401657,296.3655707
805,575,989.2674057,41.98694313,52.98595513,47.48644913,296.8388146
805,580,992.181939,41.99315529,52.87985038,47.43650284,297.3228674
805,585,995.1130589,42.00195703,52.77850414,47.39023059,297.8175092
805,590,998.0606194,42.01328378,52.68179508,47.34753943,298.3225268
806.5671827,-591.1424361,1000,42.01344793,52.79501428,47.40423111,298.8226073
806.5671827,-484.6344567,940.9682124,42.42694012,56.0518113,49.23937571,290.6483739
806.5671827,484.6344567,940.9682124,42.53139437,56.0518113,49.29160283,290.751742
806.5671827,591.1424361,1000,42.11655065,52.79501428,47.45578246,298.9246379
808.9767121,-587.840692,999.9999999,42.16076031,53.06723676,47.61399854,299.2377796
808.9767121,-486.082248,943.7792499,42.59671915,56.23750501,49.41711208,291.5623578
808.9767121,486.082248,943.7792499,42.70253502,56.23750501,49.47002002,291.6670733
808.9767121,587.840692,999.9999999,42.26466302,53.06723676,47.66594989,299.3406019
810,-585,999.162149,42.22218411,53.21373598,47.71796005,299.2759704
810,-580,996.2429423,42.21620876,53.31884782,47.76752829,298.7902347
810,-575,993.3403244,42.21286509,53.42878413,47.82082461,298.3151954
810,-570,990.4544412,42.21222113,53.54367228,47.87794671,297.8510749
810,-565,987.5854393,42.21431295,53.66364413,47.93897854,297.398069
810,-560,984.7334665,42.21922412,53.78883629,48.00403021,296.9564249
810,-555,981.8986709,42.22705492,53.91939031,48.07322261,296.5264116
810,-550,979.0812019,42.23788394,54.05545288,48.14666841,296.108282
810,-545,976.2812095,42.25166295,54.19717613,48.22441954,295.7021688
810,-540,973.4988444,42.26856747,54.34471782,48.30664265,295.308432
810,-535,970.7342582,42.28872496,54.49824166,48.39348331,294.9273901
810,-530,967.9876032,42.3122267,54.65791753,48.48507211,294.5593319
810,-525,965.2590326,42.33916752,54.82392181,48.58154466,294.2045566
810,-520,962.5487001,42.36958556,54.9969218,48.68325368,293.8637929
810,-515,959.8567601,42.40348772,55.17518081,48.78933427,293.5353599
810,-510,957.183368,42.44112904,55.36032292,48.90072598,293.2211484
810,-505,954.5286795,42.48262024,55.55255329,49.01758677,292.9215019
810,-500,951.8928511,42.52807661,55.75208537,49.14008099,292.6367772
810,-495,949.2760399,42.5776182,55.95914122,49.26837971,292.3673442
810,-490,946.6784037,42.63122312,56.17248215,49.40185264,292.111987
810,490,946.6784037,42.73754762,56.17248215,49.45501489,292.2172059
810,495,949.2760399,42.68385127,55.95914122,49.32149624,292.4724726
810,500,951.8928511,42.63413859,55.75208537,49.19311198,292.7417363
810,505,954.5286795,42.58847045,55.55255329,49.07051187,293.0262514
810,510,957.183368,42.54678054,55.36032292,48.95355173,293.3257013
810,515,959.8567601,42.50895314,55.17518081,48.84206698,293.6397287
810,520,962.5487001,42.4748663,54.9969218,48.73589405,293.9679789
810,525,965.2590326,42.44420272,54.82392181,48.63406227,294.3084996
810,530,967.9876032,42.41702624,54.65791753,48.53747188,294.6630417
810,535,970.7342582,42.39329839,54.49824166,48.44577002,295.0308761
810,540,973.4988444,42.372924,54.34471782,48.35882091,295.4117034
810,545,976.2812095,42.3558115,54.19717613,48.27649381,295.8052343
810,550,979.0812019,42.3418727,54.05545288,48.19866279,296.2111894
810,555,981.8986709,42.33102269,53.91939031,48.1252065,296.6292983
810,560,984.7334665,42.32317965,53.78883629,48.05600797,297.0592994
810,565,987.5854393,42.3182647,53.66364413,47.99095442,297.5009398
810,570,990.4544412,42.31620182,53.54367228,47.92993705,297.9539744
810,575,993.3403244,42.31691768,53.42878413,47.87285091,298.418166
810,580,996.2429423,42.32034153,53.31884782,47.81959467,298.8932846
810,585,999.162149,42.32640507,53.21373598,47.77007053,299.3791076
811.3862416,-584.5103652,1000,42.31155233,53.34511713,47.82833473,299.6619945
811.3862416,-487.5300394,946.5902875,42.76664008,56.42320461,49.59492234,292.4764879
811.3862416,487.5300394,946.5902875,42.87381741,56.42320461,49.64851101,292.5825508
811.3862416,584.5103652,1000,42.41627227,53.34511713,47.8806947,299.7656256
813.795771,-581.1509641,1000,42.46593948,53.6288389,48.04738919,300.0955478
813.795771,-488.9778307,949.4013249,42.93670109,56.60891003,49.77280556,293.3907625
813.795771,488.9778307,949.4013249,43.04518872,56.60891003,49.82704938,293.498122
813.795771,581.1509641,1000,42.57149449,53.6288389,48.1001667,300.2000052
815,-575,997.4216761,42.54413127,53.87464933,48.2093903,299.9005162
815,-570,994.5476359,42.54634192,53.9934637,48.26990281,299.4454747
815,-565,991.6904759,42.55137606,54.11743178,48.33440392,299.0017035
815,-560,988.8503426,42.55930829,54.24669205,48.40300017,298.5694427
815,-555,986.027383,42.57017841,54.38138801,48.47578321,298.1489033
815,-550,983.2217451,42.5839584,54.5216684,48.5528134,297.7402341
815,-545,980.4335776,42.60083817,54.66815024,48.6344942,297.3442635
815,-540,977.6630299,42.62094457,54.82104291,48.72099374,296.9613541
815,-535,974.9102523,42.64436731,54.98005261,48.81220996,296.591334
815,-530,972.1753957,42.6710481,55.14383819,48.90744315,296.2328485
815,-525,969.4586118,42.70117998,55.3135423,49.00736114,295.8872498
815,-520,966.760053,42.73491157,55.4898319,49.11237173,295.5553753
815,-515,964.0798722,42.7723473,55.67289948,49.22262339,295.2375496
815,-510,961.4182233,42.81359582,55.86294512,49.33827047,294.9341089
815,-505,958.7752604,42.85877016,56.06017683,49.4594735,294.6454017
815,-500,956.1511387,42.90782775,56.26320817,49.58551796,294.370045
815,-495,953.5460136,42.96086504,56.47200307,49.71643406,294.1081295
815,-490,950.9600412,43.01818434,56.6885419,49.85336312,293.8619455
815,490,950.9600412,43.12722464,56.6885419,49.90788327,293.969852
815,495,953.5460136,43.06964268,56.47200307,49.77082288,294.2157761
815,500,956.1511387,43.01635732,56.26320817,49.63978275,294.477446
815,505,958.7752604,42.96702218,56.06017683,49.5135995,294.7525281
815,510,961.4182233,42.92155125,55.86294512,49.39224819,295.0409418
815,515,964.0798722,42.88001761,55.67289948,49.27645855,295.3441003
815,520,966.760053,42.84230781,55.4898319,49.16606985,295.6616548
815,525,969.4586118,42.80831281,55.3135423,49.06092755,295.9932686
815,530,972.1753957,42.77792784,55.14383819,48.96088302,296.3386169
815,535,974.9102523,42.75100392,54.98005261,48.86552826,296.6968618
815,540,977.6630299,42.72734767,54.82104291,48.77419529,297.0666508
815,545,980.4335776,42.70701707,54.66815024,48.68758365,297.4493383
815,550,983.2217451,42.68992209,54.5216684,48.60579524,297.8450959
815,555,986.027383,42.67597602,54.38138801,48.52868202,298.2536007
815,560,988.8503426,42.66509533,54.24669205,48.45589369,298.6741298
815,565,991.6904759,42.65719951,54.11743178,48.38731564,299.1064265
815,570,994.5476359,42.65221092,53.9934637,48.32283731,299.5502428
815,575,997.4216761,42.65005469,53.87464933,48.26235201,300.0053382
816.2053004,-577.7619817,999.9999999,42.62404265,53.91859403,48.27131834,300.5387491
816.2053004,-490.4256221,952.2123625,43.10690045,56.79462121,49.95076083,294.3051796
816.2053004,490.4256221,952.2123625,43.21652593,56.79462121,50.00557357,294.4136652
816.2053004,577.7619817,999.9999999,42.7304512,53.91859403,48.32452262,300.6440512
818.6148299,-574.3428944,1000,42.78598846,54.21458345,48.50028596,300.9919226
818.6148299,-491.8734134,955.0234,43.27723642,56.98036299,50.12879971,295.2197622
818.6148299,491.8734134,955.0234,43.38794117,56.98036299,50.18415208,295.3293158
818.6148299,574.3428944,1000,42.89326968,54.21458345,48.55392657,301.0980882
820,-570,998.6490875,42.88364076,54.4470437,48.66534223,301.04842
820,-565,995.8036955,42.89161529,54.57580787,48.73371158,300.6146584
820,-560,992.975327,42.90254334,54.7099831,48.80626322,300.1925791
820,-555,990.1641278,42.91638316,54.84971612,48.88304964,299.7823152
820,-550,987.3702446,42.93329329,54.99515901,48.96422615,299.3842034
820,-545,984.5938249,42.95330662,55.14582788,49.04956725,298.9978269
820,-540,981.8350167,42.97646001,55.30126247,49.13886124,298.6227962
820,-535,979.0939689,43.00298704,55.46282999,49.23290852,298.2607253
820,-530,976.3708312,43.03298265,55.63070461,49.33184363,297.9119104
820,-525,973.6657537,43.06654544,55.80506715,49.43580629,297.5766582
820,-520,970.9788875,43.10377796,55.98610541,49.54494168,297.2552861
820,-515,968.3103841,43.1447868,56.17401452,49.65940066,296.948123
820,-510,965.6603958,43.1894881,56.36704985,49.77826898,296.6533899
820,-505,963.0290754,43.23805549,56.56600448,49.90202999,296.372074
820,-500,960.4165763,43.29073438,56.77235053,50.03154246,296.1059056
820,-495,957.8230526,43.34764954,56.98634234,50.16699594,295.8552909
820,495,957.8230526,43.45875535,56.98634234,50.22254885,295.9652414
820,500,960.4165763,43.40149882,56.77235053,50.08692467,296.2155183
820,505,963.0290754,43.34849138,56.56600448,49.95724793,296.4813615
820,510,965.6603958,43.2996078,56.36704985,49.83332883,296.7623645
820,515,968.3103841,43.25460225,56.17401452,49.71430838,297.0567965
820,520,970.9788875,43.21330068,55.98610541,49.59970304,297.3636699
820,525,973.6657537,43.17578656,55.80506715,49.49042685,297.6847634
820,530,976.3708312,43.14195291,55.63070461,49.38632876,298.0197476
820,535,979.0939689,43.11169684,55.46282999,49.28726341,298.3683047
820,540,981.8350167,43.08491937,55.30126247,49.19309092,298.7301277
820,545,984.5938249,43.06152525,55.14582788,49.10367657,299.1049202
820,550,987.3702446,43.04130283,54.99515901,49.01823092,299.4910898
820,555,990.1641278,43.02422598,54.84971612,48.93697105,299.8890367
820,560,992.975327,43.01027358,54.7099831,48.86012834,300.2991892
820,565,995.8036955,42.99936346,54.57580787,48.78758566,300.7212862
820,570,998.6490875,42.99141637,54.4470437,48.71923003,301.1550749
821.0243593,-570.8931612,1000,42.9519096,54.51851383,48.73521171,301.4568884
821.0243593,-493.3212048,957.8344375,43.44770728,57.16616124,50.30693426,296.1345342
821.0243593,493.3212048,957.8344375,43.55938947,57.16616124,50.36277536,296.2450551
821.0243593,570.8931612,1000,43.06008328,54.51851383,48.78929856,301.5639372
823.4338887,-567.4122231,1000,43.12194519,54.83029091,48.97611805,301.933691
823.4338887,-494.7689961,960.645475,43.61831136,57.35196512,50.48513824,297.0494436
823.4338887,494.7689961,960.645475,43.73096921,57.35196512,50.54146717,297.16093
823.4338887,567.4122231,1000,43.23103187,54.83029091,49.03066139,302.0416433
825,-565,999.9249972,43.23506669,55.0402484,49.13765754,302.2384099
825,-560,997.1083191,43.24890052,55.17846917,49.21368484,301.8255478
825,-555,994.3088052,43.26560894,55.32068349,49.29314622,301.4229152
825,-550,991.5266008,43.28548544,55.46862208,49.37705376,301.0325444
825,-545,988.761852,43.30861653,55.62244301,49.46552977,300.6547066
825,-540,986.0147058,43.33509202,55.78231021,49.55870112,300.2896824
825,-535,983.2853096,43.36498588,55.94839379,49.65668983,299.9377428
825,-530,980.5738116,43.3983816,56.12087028,49.75962594,299.5991746
825,-525,977.8803608,43.43541319,56.29992296,49.86766808,299.2743218
825,-520,975.2051066,43.47593615,56.4832509,49.97959352,298.9607942
825,-515,972.5481993,43.52024086,56.67286787,50.09655436,298.660902
825,-510,969.9097896,43.56849729,56.86954751,50.2190224,298.3756092
825,-505,967.2900289,43.62082288,57.07357144,50.34719716,298.105341
825,-500,964.6890691,43.67733989,57.28509725,50.48121857,297.8504046
825,500,964.6890691,43.79032086,57.28509725,50.53770906,297.9622108
825,505,967.2900289,43.73345483,57.07357144,50.40351314,298.2168017
825,510,969.9097896,43.6807931,56.86954751,50.2751703,298.4867373
825,515,972.5481993,43.63221295,56.67286787,50.15254041,298.7717098
825,520,975.2051066,43.58759653,56.4832509,50.03542371,299.0712935
825,525,977.8803608,43.54677345,56.29992296,49.9233482,299.3845241
825,530,980.5738116,43.50945292,56.12087028,49.8151616,299.709091
825,535,983.2853096,43.47577908,55.94839379,49.71208643,300.0473839
825,540,986.0147058,43.44565091,55.78231021,49.61398056,300.3990917
825,545,988.761852,43.4189712,55.62244301,49.5207071,300.7639138
825,550,991.5266008,43.39564635,55.46862208,49.43213421,301.1415598
825,555,994.3088052,43.37558622,55.32068349,49.34813485,301.5317489
825,560,997.1083191,43.35870395,55.17846917,49.26858656,301.9342094
825,565,999.9249972,43.34475803,55.0402484,49.19250321,302.3469606
825.8434181,-563.8995023,1000,43.29623152,55.14902653,49.22262903,302.4215863
825.8434181,-496.2167874,963.4565124,43.78904701,57.53777459,50.6634108,297.9644887
825.8434181,496.2167874,963.4565124,43.90267873,57.53777459,50.72022666,298.0769389
825.8434181,563.8995023,1000,43.40626219,55.14902653,49.27764436,302.5304728
828.2529476,-560.3544011,1000,43.47443973,55.47182564,49.47313269,302.917384
828.2529476,-497.6645788,966.26755,43.95991261,57.72358957,50.84175109,298.8796679
828.2529476,497.6645788,966.26755,44.07451641,57.72358957,50.89905299,298.99308
828.2529476,560.3544011,1000,43.58557504,55.47182564,49.52870034,303.0273636
830,-555,998.4613162,43.61782166,55.79182382,49.70482274,303.0682089
830,-550,995.690715,43.64087643,55.94406382,49.79247013,302.6875607
830,-545,992.937561,43.66724748,56.10226564,49.88475656,302.3195835
830,-540,990.2019996,43.69702643,56.26659544,49.98181094,301.9645615
830,-535,987.4841771,43.73027899,56.43693127,50.08360513,301.6224684
830,-530,984.7842403,43.76686999,56.61111215,50.18899107,301.2910612
830,-525,982.1023368,43.80715557,56.79185864,50.29950711,300.9734142
830,-520,979.4386147,43.8511958,56.97940479,50.41530029,300.6698481
830,-515,976.7932227,43.89914543,57.17393215,50.53653879,300.3807253
830,-510,974.1663102,43.95112268,57.37562197,50.66337232,300.1063721
830,-505,971.5580271,44.00724737,57.58468776,50.79596756,299.8471484
830,-500,968.9685237,44.06764423,57.80135162,50.93449793,299.6034275
830,500,968.9685237,44.1828544,57.80135162,50.99210301,299.7174397
830,505,971.5580271,44.12208771,57.58468776,50.85338774,299.9607946
830,510,974.1663102,44.06560659,57.37562197,50.72061428,300.2196656
830,515,976.7932227,44.01328584,57.17393215,50.593609,300.4936788
830,520,979.4386147,43.96500518,56.97940479,50.47220498,300.782474
830,525,982.1023368,43.92064905,56.79185864,50.35625385,301.0857276
830,530,984.7842403,43.88009999,56.61111215,50.24560607,301.4031138
830,535,987.4841771,43.84324939,56.43693127,50.14009033,301.7342641
830,540,990.2019996,43.80974738,56.26659544,50.03817141,302.0761103
830,545,992.937561,43.77972877,56.10226564,49.94099721,302.4308951
830,550,995.690715,43.75312755,55.94406382,49.84859569,302.7986445
830,555,998.4613162,43.72985176,55.79182382,49.76083779,303.1790741
830.662477,-556.776301,1000,43.65717723,55.80160321,49.72939022,303.4245697
830.662477,-499.1123701,969.0785875,44.13090654,57.90941002,51.02015828,299.7949795
830.662477,499.1123701,969.0785875,44.24648061,57.90941002,51.07794532,299.9093518
830.662477,556.776301,1000,43.76938597,55.80160321,49.78549459,303.5356117
833.0720064,-553.1645615,1000,43.84464956,56.13902771,49.99183864,303.9440085
833.0720064,-500.5601615,971.889625,44.30195486,58.09451218,51.19823352,300.7096341
833.0720064,500.5601615,971.889625,44.41839388,58.09451218,51.25645303,300.8248623
833.0720064,553.1645615,1000,43.95795402,56.13902771,50.04849087,304.0561347
835,-550,999.8624905,43.99956255,56.42268354,50.21112304,304.350515
835,-545,997.1208553,44.02909985,56.58396532,50.30653258,303.9910228
835,-540,994.3968021,44.06193763,56.74998635,50.40596199,303.6430031
835,-535,991.6904759,44.09833502,56.92232884,50.51033193,303.3083072
835,-530,989.0020222,44.13839255,57.10117271,50.61978263,302.9872417
835,-525,986.3315872,44.18221467,57.2866742,50.73444443,302.6800937
835,-520,983.6793177,44.22990994,57.47902603,50.85446798,302.3871908
835,-515,981.0453608,44.28159125,57.67842844,50.98000985,302.1088723
835,-510,978.4298646,44.33736434,57.88508957,51.11122696,301.8454784
835,-505,975.8329775,44.39728029,58.09873971,51.24801,301.5968224
835,505,975.8329775,44.51414041,58.09873971,51.30644006,301.7124673
835,510,978.4298646,44.45384306,57.88508957,51.16946632,301.9607459
835,515,981.0453608,44.39773535,57.67842844,51.0380819,302.2238087
835,520,983.6793177,44.34574323,57.47902603,50.91238463,302.5018196
835,525,986.3315872,44.29774886,57.2866742,50.79221153,302.7944265
835,530,989.0020222,44.25363895,57.10117271,50.67740583,303.1012897
835,535,991.6904759,44.21330455,56.92232884,50.56781669,303.4220813
835,540,994.3968021,44.17664083,56.74998635,50.46331359,303.7565136
835,545,997.1208553,44.14354692,56.58396532,50.36375612,304.1042798
835,550,999.8624905,44.11378785,56.42268354,50.2682357,304.4635525
835.4815359,-549.5185195,1000,44.03701029,56.48437993,50.26069511,304.4761301
835.4815359,-502.0079528,974.7006625,44.47296563,58.27799199,51.37547881,301.6226461
835.4815359,502.0079528,974.7006625,44.59025176,58.27799199,51.43412187,301.7387126
835.4815359,549.5185195,1000,44.15145783,56.48437993,50.31791888,304.5893875
837.8910653,-545.8374875,1000,44.23400221,56.833257,50.5336296,305.0163229
837.8910653,-503.4557442,977.5117,44.64409376,58.46147704,51.5527854,302.5357793
837.8910653,503.4557442,977.5117,44.76223125,58.46147704,51.61185415,302.6526884
837.8910653,545.8374875,1000,44.34961513,56.833257,50.59143606,305.1307336
840,-540,998.5990186,44.42992281,57.2341849,50.83205386,305.3267689
840,-535,995.9041119,44.46981332,57.41110349,50.94045841,305.0023421
840,-530,993.2270637,44.51337418,57.59458052,51.05397735,304.6916095
840,-525,990.5680189,44.56077033,57.78480403,51.17278718,304.3949494
840,-520,987.9271228,44.61211252,57.98196933,51.29704092,304.1126936
840,-515,985.3045215,44.66741678,58.18528856,51.42635267,303.8441076
840,-510,982.7003612,44.72669069,58.3938505,51.56027059,303.5883263
840,-505,980.1147892,44.79025958,58.60988168,51.70007063,303.3479046
840,505,980.1147892,44.90918354,58.60988168,51.75953261,303.4655919
840,510,982.7003612,44.84525931,58.3938505,51.61955491,303.705662
840,515,985.3045215,44.78564313,58.18528856,51.48546585,303.9611045
840,520,987.9271228,44.73000917,57.98196933,51.35598925,304.2293643
840,525,990.5680189,44.67834945,57.78480403,51.23157674,304.5113059
840,530,993.2270637,44.63064751,57.59458052,51.11261401,304.8076634
840,535,995.9041119,44.58679222,57.41110349,50.99894785,305.1181046
840,540,998.5990186,44.54667668,57.2341849,50.89043079,305.4423087
840.3005947,-542.1207527,1000,44.43623141,57.19017953,50.81320547,305.5696603
840.3005947,-504.9035355,980.3227375,44.81527199,58.6449673,51.73011964,303.4489673
840.3005947,504.9035355,980.3227375,44.93433088,58.6449673,51.78964909,303.5667882
840.3005947,542.1207527,1000,44.55303303,57.19017953,50.87160628,305.6852474
842.7101241,-538.3675758,1000,44.64395412,57.55583988,51.099897,306.1370811
842.7101241,-506.3513268,983.1337749,44.98657056,58.8284627,51.90751663,304.3622795
842.7101241,506.3513268,983.1337749,45.10654915,58.8284627,51.96750592,304.4810105
842.7101241,538.3675758,1000,44.76196883,57.55583988,51.15890435,306.2538687
845,-530,997.4592724,44.89170814,58.09124704,51.49147759,306.4039532
845,-525,994.8115399,44.94262117,58.28454298,51.61358208,306.1160763
845,-520,992.181939,44.99738517,58.48358661,51.74048589,305.8413245
845,-515,989.570614,45.05624267,58.68976884,51.87300576,305.5813433
845,-510,986.97771,45.11934893,58.90330033,52.01132463,305.3365237
845,510,986.97771,45.240031,58.90330033,52.07166567,305.4559508
845,515,989.570614,45.17656279,58.68976884,51.93316582,305.7004123
845,520,992.181939,45.11735641,58.48358661,51.80047151,305.9600483
845,525,994.8115399,45.06228961,58.28454298,51.67341629,306.2345004
845,530,997.4592724,45.01112603,58.09124704,51.55118653,306.5221293
845.1196536,-534.5771892,1000,44.8573892,57.93057882,51.39398401,306.7191391
845.1196536,-507.7991182,985.9448125,45.15798803,59.0119632,52.08497562,305.2757144
845.1196536,507.7991182,985.9448125,45.27888461,59.0119632,52.14542391,305.3953539
845.1196536,534.5771892,1000,44.97664251,57.93057882,51.45361066,306.8371524
847.529183,-530.7487956,1000,45.07659732,58.31305168,51.6948245,307.3145636
847.529183,-509.2469095,988.75585,45.32952296,59.19546875,52.26249585,306.1892705
847.529183,509.2469095,988.75585,45.45131533,59.19546875,52.32339204,306.3097965
847.529183,530.7487956,1000,45.19707799,58.31305168,51.75506484,307.4337914
849.9387124,-526.8815665,1000,45.30162204,58.70163106,52.00162655,307.9217872
849.9387124,-510.6947009,991.5668875,45.50113298,59.37897928,52.44005613,307.1029059
849.9387124,510.6947009,991.5668875,45.62383037,59.37897928,52.50140482,307.2243275
849.9387124,526.8815665,1000,45.4232973,58.70163106,52.06246418,308.0421972
850,-525,999.0620601,45.32729873,58.78261665,52.05495769,307.8397524
850,-520,996.4436763,45.38581622,58.98647171,52.18614397,307.5757199
850,-515,993.8435491,45.44853581,59.19755939,52.3230476,307.3266546
850,515,993.8435491,45.5709888,59.19755939,52.38427409,307.4478342
850,520,996.4436763,45.50796667,58.98647171,52.24721919,307.6966002
850,525,999.0620601,45.44912253,58.78261665,52.11586959,307.9603094
852.3482418,-522.9746405,1000,45.53307883,59.10028884,52.31668384,308.5453496
852.3482418,-512.1424922,994.3779249,45.67276474,59.56249477,52.61762975,308.0165677
852.3482418,512.1424922,994.3779249,45.79639905,59.56249477,52.67944691,308.1389164
852.3482418,522.9746405,1000,45.65591901,59.10028884,52.37810393,308.6669124
854.7577713,-519.0271211,1000,45.7711484,59.50944404,52.64029622,309.1858443
854.7577713,-513.5902836,997.1889625,45.84442173,59.74601516,52.79521844,308.9302593
854.7577713,513.5902836,997.1889625,45.96896652,59.74601516,52.85749084,309.0535091
854.7577713,519.0271211,1000,45.89527094,59.50944404,52.70235749,309.3086761
855,-515,998.1232389,45.84416985,59.70866007,52.77641496,309.0798987
855,515,998.1232389,45.96870629,59.70866007,52.83868318,309.2031401
857.1673007,-515.0380749,1000,46.01619008,59.92954039,52.97286524,309.8440659
857.1673007,515.0380749,1000,46.14164369,59.92954039,53.03559204,309.968215
