x_m,y_m,distance_m,mean_diameter_m,cvar_diameter_m,max_diameter_m,composite_m,pareto
225.0,175.0,285.0438562747845,25.007839996725057,44.30689178603863,46.19319979500086,34.65736589138184,0
250.0,175.0,305.16389039334257,23.246924020274065,40.196008930077525,42.18764856299359,31.721466475175795,0
275.0,175.0,325.96012026013244,21.809006591407083,36.58232197176596,38.492838184880966,29.19566428158652,0
200.0,200.0,282.842712474619,25.878984960494044,45.063853123445156,46.69710726640997,35.4714190419696,0
225.0,200.0,301.0398644698074,24.081064070248445,41.214941297735706,42.92589854961812,32.648002683992075,1
250.0,200.0,320.1562118716424,22.554228571788176,37.76114024927611,39.42372458861685,30.15768441053214,0
275.0,200.0,340.03676271838606,21.300941737060153,34.69949502084056,36.402229141049595,28.000218378950358,0
300.0,200.0,360.5551275463989,20.35250595471765,31.834343694912686,33.315268950112255,26.093424824815166,0
325.0,200.0,381.6084380618437,19.745593997582745,29.14097221150991,30.630928534330867,24.443283104546328,0
150.0,225.0,270.4163456597992,28.967563493701107,49.49746333981692,51.087468203656364,39.23251341675901,0
175.0,225.0,285.0438562747845,26.93583731143019,45.97938003728306,47.54260706752218,36.45760867435662,0
200.0,225.0,301.0398644698074,25.110645737242457,42.371917074796386,43.99711516312207,33.741281406019425,0
225.0,225.0,318.1980515339464,23.522068800805794,39.043914291085365,40.34787159828478,31.282991545945578,0
250.0,225.0,336.34060117684277,22.171729789968317,36.113114828819974,37.71270230249368,29.142422309394146,0
275.0,225.0,355.31676008879737,21.053693221360806,33.347957222203625,34.863797108827285,27.200825221782218,0
300.0,225.0,375.0,20.209662935476643,30.78667501605002,32.21562782232843,25.49816897576333,0
325.0,225.0,395.28470752104744,19.665146282659748,28.331866472339474,29.540463337860714,23.99850637749961,0
350.0,225.0,416.08292442733097,19.419700182164625,26.27960292071193,27.470082115060748,22.849651551438278,0
100.0,250.0,269.2582403567252,32.3598645869852,53.57110741613169,55.37086248423983,42.965486001558446,0
125.0,250.0,279.5084971874737,30.142902031839835,50.20695566553815,51.81634581736061,40.17492884868899,0
150.0,250.0,291.547594742265,28.115648951507637,46.92889214603681,48.373561985154204,37.52227054877223,0
175.0,250.0,305.16389039334257,26.284766883528043,43.65200584355836,45.22316394159389,34.9683863635432,0
200.0,250.0,320.1562118716424,24.644282914924894,40.4151484825936,41.77690111055159,32.52971569875925,0
225.0,250.0,336.34060117684277,23.223781874122103,37.572526659026344,39.121136068222924,30.398154266574224,0
250.0,250.0,353.5533905932738,22.0048655783543,34.88894254003117,36.31229280159115,28.446904059192732,0
275.0,250.0,371.6517186829626,20.991126404961406,32.39016886842632,33.67555553971368,26.690647636693864,0
300.0,250.0,390.51248379533274,20.22847401248911,30.04115723437697,31.372795465839275,25.13481562343304,0
325.0,250.0,410.03048667141815,19.73796951507406,27.827208940810298,28.931412700615564,23.78258922794218,0
350.0,250.0,430.11626335213134,19.51735528157352,25.97472056858093,27.069416297247706,22.746037925077225,0
375.0,250.0,450.6939094329987,19.598581319364385,25.369597261256104,27.47857888031979,22.484089290310244,1
400.0,250.0,471.6990566028302,19.981458463493727,26.765601921098103,30.14273004377857,23.373530192295917,0
75.0,275.0,285.0438562747845,33.593303458917276,54.30570165829553,56.13622753390676,43.949502558606405,0
100.0,275.0,292.61749776799064,31.41986922621937,51.04897464319217,52.76376647915474,41.234421934705765,0
125.0,275.0,302.0761493398643,29.397596518773646,47.92141893550674,49.48283949971461,38.659507727140195,0
150.0,275.0,313.2491021535417,27.55684242950076,44.94053470615433,46.379548978505916,36.24868856782754,0
175.0,275.0,325.96012026013244,25.88486421705636,41.836146213977905,43.2488008479279,33.860505215517136,0
200.0,275.0,340.03676271838606,24.40114955656297,39.04229032079429,40.208529422931896,31.72171993867863,0
225.0,275.0,355.31676008879737,23.108462191231943,36.47308318829709,37.91115417681187,29.790772689764516,0
250.0,275.0,371.6517186829626,21.993768867920608,34.00592815078064,35.34293274243775,27.999848509350624,0
275.0,275.0,388.90872965260115,21.069050409898963,31.733814634998037,32.79199296695962,26.401432522448502,0
300.0,275.0,406.97051490249265,20.368965544851065,29.545768555946353,30.82392529958543,24.95736705039871,0
325.0,275.0,425.73465914816,19.923783337986166,27.537728748049442,28.619536149986946,23.730756043017806,0
350.0,275.0,445.1123453691214,19.720093690112027,25.871915062591704,26.87253257654077,22.796004376351867,0
375.0,275.0,465.02688094345683,19.79223847637926,25.060982622984913,26.64438419023798,22.42661054968209,0
400.0,275.0,485.41219597368996,20.13755628628614,26.023205208641283,29.064425746605252,23.080380747463714,0
425.0,275.0,506.2114182829147,20.75045278119771,28.369820852330633,31.64650593158649,24.56013681676417,0
450.0,275.0,527.3755777432247,21.66772132706525,30.878802239150737,34.39083798640575,26.273261783107994,0
25.0,300.0,301.0398644698074,37.14535439063829,58.358126353643264,60.32376813510649,47.75174037214077,0
50.0,300.0,304.138126514911,34.88372857838802,55.16809226243054,56.724382184216516,45.02591042040928,0
75.0,300.0,309.23292192132453,32.75370567075587,52.00081790548511,53.73027025661793,42.37726178812049,0
100.0,300.0,316.22776601683796,30.754892162729995,48.96301995929997,50.49784861238193,39.85895606101498,0
125.0,300.0,325.0,28.901283954793016,46.128882201335436,47.48214122808764,37.51508307806422,0
150.0,300.0,335.4101966249685,27.212265718403593,43.331257647284794,44.75595750525797,35.27176168284419,0
175.0,300.0,347.3110997362451,25.68006161646273,40.53901470294268,41.80885142048431,33.10953815970271,0
200.0,300.0,360.5551275463989,24.322402984603603,38.042570654026136,39.404696709010516,31.182486819314867,0
225.0,300.0,375.0,23.128497879136138,35.62792720584843,36.86176290412379,29.378212542492285,0
250.0,300.0,390.51248379533274,22.102602130430203,33.369982576743816,34.55768487956656,27.73629235358701,0
275.0,300.0,406.97051490249265,21.25112965821351,31.27313517554291,32.43419429815836,26.26213241687821,0
300.0,300.0,424.26406871192853,20.60512869800541,29.25513133668823,30.398241227357687,24.93013001734682,0
325.0,300.0,442.2951503238533,20.195205942949045,27.420580406672276,28.47850019022046,23.80789317481066,0
350.0,300.0,460.9772228646444,20.003512637030628,25.884323655264165,26.825204473546556,22.943918146147396,0
375.0,300.0,480.23431780746364,20.06881431737238,24.94943474894244,26.09600129467529,22.50912453315741,0
400.0,300.0,500.0,20.382577767981626,25.59673516335392,28.31298251262153,22.98965646566777,0
425.0,300.0,520.2163011671203,20.940997820413244,27.698235370051272,30.678240382296202,24.319616595232258,0
450.0,300.0,540.8326913195984,21.78240219298321,29.997055783997308,33.19195535439318,25.88972898849026,0
475.0,300.0,561.8051263561058,22.905762939837558,32.44342653310518,35.85430810875552,27.67459473647137,0
0.0,325.0,325.0,38.43537925213071,59.18996346422237,61.164265402582,48.812671358176544,0
25.0,325.0,325.96012026013244,36.22439773245329,56.11881127801031,57.85464552991619,46.1716045052318,0
50.0,325.0,328.8236609491476,34.127702102706635,53.08766857244282,54.735666310841104,43.60768533757473,0
75.0,325.0,333.54160160315837,32.15550000023157,50.116157030189825,51.7679433455738,41.1358285152107,0
100.0,325.0,340.03676271838606,30.3107336588386,47.35640150287067,48.910758122088886,38.833567580854634,0
125.0,325.0,348.209706929603,28.60078276483382,44.7276992456918,45.94350864079809,36.66424100526281,0
150.0,325.0,357.94552658190884,27.03496697925463,42.08310175458018,43.45694617599292,34.5590343669174,0
175.0,325.0,369.120576505835,25.623308265467024,39.60757881767593,40.74355662660872,32.61544354157148,0
200.0,325.0,381.6084380618437,24.36535687426276,37.27254981243583,38.539007625682984,30.818953343349293,0
225.0,325.0,395.28470752104744,23.25878181153675,35.050593379068104,36.0456614849919,29.154687595302427,0
250.0,325.0,410.03048667141815,22.308010387626286,32.953513342627076,33.98406225204701,27.63076186512668,0
275.0,325.0,425.73465914816,21.515921786825906,30.97747109229298,32.13284832277935,26.246696439559443,0
300.0,325.0,442.2951503238533,20.915285311723984,29.112646799690236,30.04531942708067,25.013966055707108,0
325.0,325.0,459.6194077712559,20.53299611471841,27.44385577056237,28.46779881420885,23.98842594264039,0
350.0,325.0,477.62432936357,20.35235111989028,26.00641900584388,26.891674756032458,23.17938506286708,0
375.0,325.0,496.2358310319802,20.411102933151888,24.989662504815538,25.767155109993872,22.70038271898371,0
400.0,325.0,515.3882032022076,20.698796158231808,25.407615768912276,27.812576972555924,23.05320596357204,0
425.0,325.0,535.0233639758175,21.20930488440285,27.263514088155148,29.994665045202364,24.236409486279,0
450.0,325.0,555.0900827793629,21.987166932205525,29.38479289959789,32.31357459712839,25.685979915901708,0
475.0,325.0,575.5432216610669,23.0289160116468,31.642120645093744,34.769460553411385,27.33551832837027,0
500.0,325.0,596.3430220938282,24.384181458931586,34.03546147388664,37.362477913585856,29.209821466409114,0
525.0,325.0,617.4544517614235,25.932946179964627,36.56477367650941,40.092782030547994,31.248859928237017,0
0.0,350.0,350.0,37.59850627709585,57.17207142058265,58.89979524435966,47.38528884883925,0
25.0,350.0,350.891721190455,35.53857876172884,54.25729104093912,55.86357613723329,44.89793490133398,0
50.0,350.0,353.5533905932738,33.58290320883505,51.34441149434075,52.87971611460308,42.4636573515879,0
75.0,350.0,357.94552658190884,31.751587033902034,48.59832085182692,50.15289948421415,40.17495394286448,0
100.0,350.0,364.0054944640259,30.03746534146718,46.06224175144954,47.46256620506744,38.04985354645836,0
125.0,350.0,371.6517186829626,28.44773126872316,43.58445272888995,44.85427964414962,36.01609199880656,0
150.0,350.0,380.7886552931954,26.99254170711557,41.17422047311557,42.45635711246994,34.083381090115566,0
175.0,350.0,391.3118960624632,25.68280551098517,38.91429668014305,40.108222261519096,32.29855109556411,0
200.0,350.0,403.11288741492746,24.505139259897813,36.68764737995719,37.76442872680304,30.5963933199275,0
225.0,350.0,416.08292442733097,23.47636413480229,34.65118424446902,35.74425683499109,29.063774189635655,0
250.0,350.0,430.11626335213134,22.58848327688514,32.68402600415072,33.790430608366364,27.636254640517926,0
275.0,350.0,445.1123453691214,21.846757729602302,30.817238335917853,31.899199730794837,26.331998032760076,0
300.0,350.0,460.9772228646444,21.283614505690036,29.08787003542074,29.965349517957108,25.185742270555387,0
325.0,350.0,477.62432936357,20.92609503093022,27.56282025694402,28.559332173097015,24.244457643937118,0
350.0,350.0,494.9747468305833,20.754573082549033,26.2061284001652,27.047469453982647,23.480350741357114,0
375.0,350.0,512.9571132170797,20.806903931575434,25.150792606707142,25.795913160528546,22.978848269141288,0
400.0,350.0,531.5072906367325,21.069198228653818,25.38857379936001,27.509155275131445,23.228886014006914,0
425.0,350.0,550.567888638631,21.54215859753824,27.014758438570194,29.534457469940527,24.278458518054215,0
450.0,350.0,570.087712549569,22.26584775798954,28.984086186387906,31.686634702355214,25.624966972188723,0
475.0,350.0,590.0211860602973,23.237777978094996,31.079598259350945,33.96582166336915,27.15868811872297,0
500.0,350.0,610.3277807866851,24.506215591941242,33.30128489213126,36.372152744734514,28.90375024203625,0
525.0,350.0,630.9714732061981,25.953546150695857,35.64912603571079,38.90576233777205,30.801336093203325,0
550.0,350.0,651.9202405202649,27.532513774472086,38.11544638792163,41.32197612356611,32.82398008119686,0
575.0,350.0,673.145600891813,29.239282001418907,40.66021471640614,44.08169003858778,34.94974835891252,0
0.0,375.0,375.0,36.97252684385746,55.48171201553034,57.157497345351246,46.2271194296939,0
25.0,375.0,375.8324094593227,35.03884334930311,52.660302292494144,54.286824308849084,43.84957282089863,0
50.0,375.0,378.3186487605389,33.212835036978305,49.93299682047901,51.565615485622835,41.57291592872866,0
75.0,375.0,382.4264635194589,31.50392263407135,47.418157610849214,48.81169623407602,39.46104012246028,0
100.0,375.0,388.1043674065006,29.903283725897676,45.03646440448729,46.316221089648,37.469874065192485,0
125.0,375.0,395.28470752104744,28.416353861512505,42.719677385181555,43.91073510078401,35.56801562334703,0
150.0,375.0,403.8873605350878,27.058394727643293,40.517061315955694,41.69393213473426,33.787728021799495,0
175.0,375.0,413.82363393117123,25.830778405301913,38.374076196718306,39.45447835407301,32.10242730101011,0
200.0,375.0,425.0,24.727505153075807,36.298309491294425,37.208770320481186,30.512907322185114,0
225.0,375.0,437.3213921133975,23.76457031020869,34.39561348814461,35.44017635956008,29.08009189917665,0
250.0,375.0,450.6939094329987,22.929071368676887,32.530143919442445,33.53874469326486,27.729607644059666,0
275.0,375.0,465.02688094345683,22.231047155311952,30.774004336281454,31.795467626353954,26.502525745796703,0
300.0,375.0,480.23431780746364,21.70128776363522,29.15806198438951,29.99673685840099,25.429674874012363,0
325.0,375.0,496.2358310319802,21.36474796858993,27.75240712120726,28.65819149767501,24.558577544898597,0
350.0,375.0,512.9571132170797,21.201247659989516,26.46537151949077,27.2752736707419,23.833309589740143,0
375.0,375.0,530.3300858899106,21.244267066130856,25.39670631281126,26.07844926346432,23.32048668947106,0
400.0,375.0,548.2928049865327,21.487931341708464,25.49840562700191,27.363144135162642,23.493168484355188,0
425.0,375.0,566.7892024377317,21.928537699573123,26.914701303954452,29.252727870644158,24.421619501763786,0
450.0,375.0,585.768725692999,22.605456633969148,28.752516331979685,31.26058666065319,25.678986482974416,0
475.0,375.0,605.1859218455102,23.51711865472705,30.70796521095032,33.38683893926123,27.112541932838685,0
500.0,375.0,625.0,24.71048792431509,32.781058691186225,35.63160259720484,28.745773307750657,0
525.0,375.0,645.174395028197,26.070365194405532,34.971794745891856,37.9949952745241,30.521079970148694,0
550.0,375.0,665.6763477847173,27.55147063448527,37.28016348021869,40.477134576928975,32.41581705735198,0
575.0,375.0,686.476510887299,29.15033131413145,39.6675727881393,42.81259514489581,34.40895205113537,0
600.0,375.0,707.5485849042453,30.871984089666817,42.15717767061079,45.53892853889518,36.51458088013881,0
0.0,400.0,400.0,36.512121545450604,54.015080843364615,55.53294699150105,45.26360119440761,0
25.0,400.0,400.7804885470349,34.69585970489944,51.33299990185749,52.872453821915826,43.01442980337846,0
50.0,400.0,403.11288741492746,32.98530284109126,48.81753976292311,50.32938974623164,40.901421302007186,0
75.0,400.0,406.97051490249265,31.383663474285996,46.473433000312,47.93633183766188,38.928548237299,0
100.0,400.0,412.31056256176606,29.88050752954483,44.217414438035405,45.56884362004125,37.04896098379012,0
125.0,400.0,419.0763653560052,28.48496418846396,42.06153582613304,43.281432223828425,35.2732500072985,0
150.0,400.0,427.20018726587654,27.211625991244365,40.032311824939946,41.12456193795022,33.62196890809216,0
175.0,400.0,436.6062299143245,26.053465965076953,37.9777099419923,39.00147699626594,32.01558795353463,0
200.0,400.0,447.21359549995793,25.017305516710625,36.05558425196951,36.87312614224106,30.53644488434007,0
225.0,400.0,458.93899376714546,24.10921174068399,34.24964745671884,35.227135852072976,29.179429598701415,0
250.0,400.0,471.6990566028302,23.319903246018676,32.487913838365536,33.4113306011755,27.903908542192106,0
275.0,400.0,485.41219597368996,22.661179733666934,30.83883160840903,31.801591161434143,26.750005671037982,0
300.0,400.0,500.0,22.160252310370403,29.308129662324337,30.117976782466464,25.73419098634737,0
325.0,400.0,515.3882032022076,21.840728698416356,27.98978221414128,28.574395490054343,24.915255456278818,0
350.0,400.0,531.5072906367325,21.683467819964488,26.7800510230114,27.596844745957764,24.231759421487943,0
375.0,400.0,548.2928049865327,21.718702302330858,25.71328729125197,26.410557148137904,23.715994796791414,0
400.0,400.0,565.685424949238,21.946741026198467,25.70370157749732,27.3449064691014,23.825221301847893,0
425.0,400.0,583.6308764964376,22.359901756616402,26.935432080756506,29.115860736059243,24.647666918686454,0
450.0,400.0,602.0797289396148,22.996192523988043,28.658311343130098,30.9975806873211,25.82725193355907,0
475.0,400.0,620.987117418711,23.855144173278333,30.491345337691104,32.99017143372795,27.173244755484717,0
500.0,400.0,640.3124237432849,24.982822829907846,32.43456020436115,35.09373740029763,28.708691517134497,0
525.0,400.0,660.0189391222043,26.26638288399278,34.4879682353163,37.30838259630896,30.37717555965454,0
550.0,400.0,680.0735254367721,27.66164892396091,36.651572197815504,39.634210824977345,32.15661056088821,0
575.0,400.0,700.446286306095,29.167293522297822,38.90588829347629,41.81473671378637,34.03659090788705,0
600.0,400.0,721.1102550927978,30.784006282227892,41.23928856669581,44.36770679502148,36.011647424461856,0
625.0,400.0,742.0411039827915,32.51258812116933,43.68061747966333,47.03422758325357,38.096602800416335,0
650.0,400.0,763.2168761236874,34.34198412680898,46.129283245546866,49.310035687001836,40.23563368617792,0
0.0,425.0,425.0,36.19400021176757,52.78336220244005,54.30704541506251,44.48868120710381,0
25.0,425.0,425.73465914816,34.484758696738226,50.26155811953259,51.88137747496734,42.37315840813541,0
50.0,425.0,427.93106921559223,32.87569545844977,47.93081215421865,49.331683396314354,40.403253806334206,0
75.0,425.0,431.5669125408017,31.36670304483943,45.71997894253058,47.09770329520501,38.54334099368501,0
100.0,425.0,436.6062299143245,29.949098173959044,43.58084324026868,44.81494893941001,36.76497070711386,0
125.0,425.0,443.00112866673373,28.635870874186963,41.573585402195185,42.73524582649067,35.10472813819108,0
150.0,425.0,450.6939094329987,27.43327307366137,39.65059572689497,40.640579126353714,33.541934400278166,0
175.0,425.0,459.6194077712559,26.34000732599432,37.723113393749735,38.65013334018485,32.03156035987203,0
200.0,425.0,469.7073557013984,25.361707440128782,35.924692601201976,36.884883729835785,30.64320002066538,0
225.0,425.0,480.88460154178364,24.501242892301914,34.202440534106366,35.12635543121263,29.351841713204138,0
250.0,425.0,493.0770730829005,23.75408170229476,32.53670151617891,33.38932115946646,28.14539160923683,0
275.0,425.0,506.2114182829147,23.129954962461504,30.982718452351723,31.89749980360217,27.056336707406615,0
300.0,425.0,520.2163011671203,22.65425789132705,29.52880071103882,30.313113173902625,26.091529301182934,0
325.0,425.0,535.0233639758175,22.348307869194084,28.27785411961958,28.857237661632283,25.313080994406832,0
350.0,425.0,550.567888638631,22.195076349908938,27.137242847378197,27.899599874832603,24.666159598643567,0
375.0,425.0,566.7892024377317,22.225995768739672,26.08557548196726,26.78501046634877,24.155785625353467,0
400.0,425.0,583.6308764964376,22.43886980300519,25.972142532866858,27.43180717478799,24.205506167936022,0
425.0,425.0,601.0407640085654,22.82967216389687,27.055633862571018,29.098184641534008,24.942653013233944,0
450.0,425.0,618.9709201569974,23.43034805440829,28.677204464961616,30.868714156729745,26.053776259684952,0
475.0,425.0,637.3774391990981,24.24274068604533,30.402335539815205,32.74348972243535,27.322538112930268,0
500.0,425.0,656.2202374203343,25.31233026850085,32.2310641909786,34.72260458831546,28.771697229739726,0
525.0,425.0,675.4628043053148,26.52858513763544,34.163413594688144,36.80615149039018,30.34599936616179,0
550.0,425.0,695.0719387228922,27.848348567673646,36.19939666886314,38.99422284423697,32.02387261826839,0
575.0,425.0,715.0174823037546,29.272035230959663,38.334293508464974,41.135691322117914,33.80316436971232,0
600.0,425.0,735.2720584926371,30.795449257663833,40.529973264754496,43.44003455919921,35.66271126120917,0
625.0,425.0,755.8108228915487,32.42382646460208,42.827177394346634,45.94704680416349,37.62550192947435,0
650.0,425.0,776.6112283504533,34.15070480473499,45.191052016424926,48.13960685984711,39.67087841057996,0
675.0,425.0,797.6528066771908,35.966789810838804,47.5473493001166,50.75633775238857,41.7570695554777,0
700.0,425.0,818.91696770796,37.88880072416973,50.044067288894034,53.501613935275785,43.966434006531884,0
0.0,450.0,450.0,35.99673061747359,51.76836063609193,53.33891569578107,43.88254562678276,0
25.0,450.0,450.6939094329987,34.38272550117515,49.4016910621943,50.939830005606915,41.89220828168473,0
50.0,450.0,452.76925690687085,32.86416212815004,47.228067150416486,48.67164876721372,40.04611463928326,0
75.0,450.0,456.20718977236646,31.437470415936964,45.14495867776877,46.4730463036974,38.29121454685287,0
100.0,450.0,460.9772228646444,30.09601287193965,43.104400948647914,44.24095758948588,36.60020691029378,0
125.0,450.0,467.0385423067351,28.85417020259826,41.22268195742666,42.278631151696814,35.03842608001246,0
150.0,450.0,474.3416490252569,27.715180088894503,39.39661478593666,40.30488966142436,33.55589743741558,0
175.0,450.0,482.83019789569914,26.679068672573646,37.58187191582867,38.4859397737362,32.13047029420116,0
200.0,450.0,492.44289008980525,25.751724786814222,35.882380403108805,36.789832113981895,30.817052594961513,0
225.0,450.0,503.1152949374527,24.93488642401903,34.24363124600927,35.13281914507935,29.58925883501415,0
250.0,450.0,514.78150704935,24.22506935576408,32.66138373732408,33.454783597283296,28.443226546544082,0
275.0,450.0,527.3755777432247,23.631742776113796,31.19286801559937,32.06799292478381,27.412305395856585,0
300.0,450.0,540.8326913195984,23.177028326262832,29.818509328048542,30.570047163615815,26.49776882715569,0
325.0,450.0,555.0900827793629,22.882445620919427,28.611065644539398,29.190683240284095,25.74675563272941,0
350.0,450.0,570.087712549569,22.733740186638588,27.523103024234075,28.279419923919455,25.12842160543633,0
375.0,450.0,585.768725692999,22.761186771556822,26.513670809902898,27.1962033546291,24.63742879072986,0
400.0,450.0,602.0797289396148,22.960790273356125,26.312639368656754,27.60626062399197,24.63671482100644,0
425.0,450.0,618.9709201569974,23.330875291798723,27.258744028055904,29.179756526177574,25.294809659927314,0
450.0,450.0,636.3961030678928,23.901789376609802,28.790341700799996,30.851535510373957,26.3460655387049,0
475.0,450.0,654.31261641512,24.672769471721526,30.419644639610144,32.62168217905005,27.546207055665835,0
500.0,450.0,672.6812023536855,25.690476498587664,32.14669726202875,34.49028036971193,28.918586880308208,0
525.0,450.0,691.4658342969666,26.846824624452623,33.971530625245386,36.45741335901333,30.409177624849004,0
550.0,450.0,710.6335201775947,28.09955671803593,35.89416545062698,38.52316403421163,31.996861084331456,0
575.0,450.0,730.1540933255117,29.448260112402423,37.91461473435674,40.68761503379828,33.68143742337958,0
600.0,450.0,750.0,30.890018623189555,39.994380223267065,42.71481420198265,35.44219942322831,0
625.0,450.0,770.1460900374682,32.429408357880725,42.16356245693777,45.080374123929246,37.29648540740925,0
650.0,450.0,790.5694150420949,34.063988263492654,44.42857571373188,47.55304416825239,39.24628198861227,0
675.0,450.0,811.2490369793976,35.78178658211297,46.66878509321255,49.640651312560074,41.22528583766276,0
700.0,450.0,832.1658488546619,37.596981728946915,49.01927510202418,52.23476834344211,43.30812841548555,0
725.0,450.0,853.3024082938006,39.50876644173207,51.49954554625416,54.923698866951426,45.504155993993116,0
0.0,475.0,475.0,35.90198961282283,50.945871804668045,52.453873483572266,43.42393070874544,0
25.0,475.0,475.6574397610112,34.373168706356,48.7209253865287,50.18099942168298,41.547047046442344,0
50.0,475.0,477.62432936357,32.93491655334209,46.69293931897892,48.06611787696762,39.81392793616051,0
75.0,475.0,480.88460154178364,31.5810082750169,44.70114989924583,45.913821648096885,38.14107908713136,0
100.0,475.0,485.41219597368996,30.308933886753284,42.760265748388335,43.868099510348124,36.53459981757081,0
125.0,475.0,491.1720676097125,29.128940060676968,40.97124280956774,41.94829197586454,35.050091435122354,0
150.0,475.0,498.1214711292819,28.04655913655288,39.24475687125978,40.19123819512467,33.645658003906334,0
175.0,475.0,506.2114182829147,27.06363440150701,37.53729808487276,38.41994077492621,32.30046624318989,0
200.0,475.0,515.3882032022076,26.180741339592117,35.91021414900673,36.73320927788108,31.045477744299422,0
225.0,475.0,525.594901040716,25.40355843792394,34.35387400085057,35.18305658186943,29.878716219387254,0
250.0,475.0,536.7727638395972,24.72768785216541,32.85024246662761,33.59383985165379,28.78896515939651,0
275.0,475.0,548.8624600025037,24.16038382703607,31.45932514576633,32.30134181089356,27.8098544864012,0
300.0,475.0,561.8051263561058,23.7244565348038,30.15710776986172,30.879421598395865,26.94078215233276,0
325.0,475.0,575.5432216610669,23.441206031936307,28.996156295815926,29.68329736868782,26.218681163876116,0
350.0,475.0,590.0211860602973,23.296265472390502,27.93579559791049,28.61986429234768,25.616030535150497,0
375.0,475.0,605.1859218455102,23.320123526863263,26.96832125838934,27.639681787655046,25.144222392626304,0
400.0,475.0,620.987117418711,23.508335415324545,26.704043138764995,27.854396938662358,25.10618927704477,0
425.0,475.0,637.3774391990981,23.85953926197558,27.53169754561125,29.344848324930304,25.695618403793418,0
450.0,475.0,654.31261641512,24.403813622419865,28.982851786724787,30.92833957870969,26.693332704572327,0
475.0,475.0,671.7514421272201,25.139357308844804,30.52647941951975,32.60494725017892,27.832918364182277,0
500.0,475.0,689.6557112066861,26.110455996121225,32.16262927174168,34.37474714831398,29.13654263393145,0
525.0,475.0,707.9901129253147,27.21305061779936,33.89133776571209,36.23781451068456,30.552194191755724,0
550.0,475.0,726.7220926874317,28.404264612610582,35.71263135055455,38.194224151161045,32.05844798158257,0
575.0,475.0,745.8216945088149,29.68510362859069,37.62652868066679,40.24405058518865,33.65581615462874,0
600.0,475.0,765.2613932506983,31.054638497231664,39.605016051609255,42.15970227588304,35.32982727442046,0
625.0,475.0,785.0159234053791,32.51573299116063,41.65972714369165,44.398965295057224,37.087730067426136,0
650.0,475.0,805.0621094052309,34.06484822828997,43.805179701899064,46.73483549284334,38.93501396509451,0
675.0,475.0,825.3787009609589,35.697867478454086,45.97038855905026,48.73291363805802,40.83412801875217,0
700.0,475.0,845.9462157844315,37.41794893936827,48.18914767688291,51.19162490547987,42.80354830812559,0
725.0,475.0,866.7467911679859,39.22900513409551,50.51626271748186,53.74026544841434,44.87263392578868,0
750.0,475.0,887.7640452282352,41.130314825138726,53.00854909506646,56.42106504576923,47.06943196010259,0
775.0,475.0,908.9829481348921,43.119747110810536,55.64024294125661,59.22659941646414,49.37999502603357,0
0.0,500.0,500.0,35.894581474210284,50.28444339472539,51.807524667620164,43.089512434467835,0
25.0,500.0,500.62460986251966,34.4421411447689,48.19475806338207,49.577504699240514,41.31844960407548,0
50.0,500.0,502.4937810560445,33.07598216231712,46.28442382764336,47.585971051854365,39.680202994980235,0
75.0,500.0,505.5937104039171,31.787373177563815,44.385887085477975,45.53112545687525,38.08663013152089,0
100.0,500.0,509.9019513592785,30.57518587747637,42.51284596884875,43.62141261581982,36.54401592316256,0
125.0,500.0,515.3882032022076,29.451902686401,40.80578780302769,41.82039740547953,35.12884524471434,0
150.0,500.0,522.0153254455275,28.42119958905917,39.17318329701343,40.072783980905875,33.7971914430363,0
175.0,500.0,529.7405025104273,27.486565700120817,37.567698408806606,38.313702039254245,32.52713205446371,0
200.0,500.0,538.5164807134504,26.644505813625166,36.00955942622151,36.77786372636543,31.327032619923337,0
225.0,500.0,548.2928049865327,25.902165633576047,34.52511803260394,35.305944235745734,30.213641833089994,0
250.0,500.0,559.0169943749474,25.25560574909119,33.09425143749237,33.823328402358484,29.174928593291778,0
275.0,500.0,570.6356105256664,24.712941608995116,31.774841280863434,32.58834134338211,28.243891444929275,0
300.0,500.0,583.09518948453,24.29467675367996,30.536371248783624,31.233867919073884,27.41552400123179,0
325.0,500.0,596.3430220938282,24.02155408403884,29.415385679769244,30.181952106221576,26.718469881904042,0
350.0,500.0,610.3277807866851,23.879920401689624,28.391263646215595,29.037943678578436,26.13559202395261,0
375.0,500.0,625.0,23.90105144013305,27.45368040661374,28.11183063285987,25.677365923373394,0
400.0,500.0,640.3124237432849,24.078119049406574,27.133774783419486,28.16512976190729,25.605946916413032,0
425.0,500.0,656.2202374203343,24.412152930106586,27.864048667935634,29.58088926424737,26.13810079902111,0
450.0,500.0,672.6812023536855,24.93189540762247,29.242846437439425,31.08497627795737,27.087370922530948,0
475.0,500.0,689.6557112066861,25.636119739812145,30.709416014108854,32.67746038376016,28.1727678769605,0
500.0,500.0,707.1067811865476,26.56598883813342,32.263808398041945,34.35841046765156,29.414898618087683,0
525.0,500.0,725.0,27.61854613130823,33.90606333943501,36.127894858886634,30.762304735371618,0
550.0,500.0,743.3034373659252,28.75385106129554,35.63621125197609,37.985981454146355,32.195031156635814,0
575.0,500.0,761.9875327064085,29.97434369969513,37.45427499045127,39.93273782620659,33.7143093450732,0
600.0,500.0,781.0249675906655,31.279891806448095,39.33990184207928,41.74889665677048,35.30989682426369,0
625.0,500.0,800.3905296791061,32.6708136356593,41.29165169395912,43.87470702291564,36.98123266480921,0
650.0,500.0,820.0609733428363,34.14332502315326,43.32956275234091,46.09074758674923,38.736443887747086,0
675.0,500.0,840.0148808205721,35.699986308994006,45.422424450102774,48.13112256525563,40.56120537954839,0
700.0,500.0,860.2325267042627,37.33480513785193,47.52443712191258,50.338836529110615,42.42962112988225,0
725.0,500.0,880.6957476904269,39.05507176462277,49.72883120560452,52.761078372822574,44.391951485113644,0
750.0,500.0,901.3878188659974,40.86022089087272,52.07479998220734,55.28496064049401,46.467510436540024,0
775.0,500.0,922.2933372848358,42.749644502847225,54.56688826327321,57.946903023762516,48.65826638306022,0
800.0,500.0,943.3981132056604,44.72136578453956,57.156452695318855,60.70126760531336,50.9389092399292,0
825.0,500.0,964.6890690787369,46.76972191310008,59.764927149947646,63.39368838474768,53.26732453152386,0
0.0,525.0,525.0,35.96153433176234,49.757962988677974,51.255198201990744,42.859748660220156,0
25.0,525.0,525.594901040716,34.57800053353191,47.79449514834804,49.1071854577811,41.18624784093998,0
50.0,525.0,527.3755777432247,33.27633126549351,45.98478011933628,47.2313342452638,39.630555692414895,0
75.0,525.0,530.3300858899106,32.04711319040519,44.17260052925307,45.309520556398674,38.10985685982913,0
100.0,525.0,534.4389581607987,30.889442932110143,42.36706378150444,43.37812377887827,36.62825335680729,0
125.0,525.0,539.6758286230726,29.817492244714785,40.72144163079159,41.692269984306535,35.26946693775319,0
150.0,525.0,546.0082416960389,28.83429551399036,39.17827549488535,40.04413582010178,34.006285504437855,0
175.0,525.0,553.3985905294663,27.94176287917335,37.651574624583,38.46472273455667,32.79666875187817,0
200.0,525.0,561.8051263561058,27.137115419403074,36.17034601132854,36.94312139857864,31.653730715365807,0
225.0,525.0,571.1829829397931,26.425928157126172,34.7513012712551,35.49116297687043,30.588614714190637,0
250.0,525.0,581.4851674806504,25.807262420314927,33.38582440453405,34.10654572899691,29.596543412424488,0
275.0,525.0,592.663479556485,25.28661580286063,32.129880208522884,32.74001761452175,28.708248005691757,0
300.0,525.0,604.6693311223912,24.885041163843475,30.950536347238888,31.627486963916358,27.91778875554118,0
325.0,525.0,617.4544517614235,24.620833391087956,29.863130266059173,30.582212801324978,27.241981828573564,0
350.0,525.0,630.9714732061981,24.48257820896569,28.874558366079924,29.48697749957086,26.678568287522808,0
375.0,525.0,645.174395028197,24.501370798950582,27.978377697232578,28.60481033365259,26.23987424809158,0
400.0,525.0,660.0189391222043,24.668549293272438,27.609428281733287,28.529491266414805,26.13898878750286,0
425.0,525.0,675.4628043053148,24.986723427899157,28.24734459180689,29.87771141962969,26.617034009853022,0
450.0,525.0,691.4658342969666,25.482905335157064,29.560707191313355,31.31000094032607,27.52180626323521,0
475.0,525.0,707.9901129253147,26.157541348714894,30.957594648142198,32.826423325299075,28.557567998428546,0
500.0,525.0,725.0,27.050785418424105,32.438058461154206,34.427041435754724,29.744421939789156,0
525.0,525.0,742.4621202458749,28.057380995957438,34.002140106505955,36.11191760710981,31.029760551231696,0
550.0,525.0,760.3453162872775,29.143069881194005,35.64987251194924,37.881113751181246,32.396471196571625,0
575.0,525.0,778.6205751198719,30.310095338758643,37.38128147870204,39.73469144839378,33.84568840873034,0
600.0,525.0,797.2609359550987,31.557878866165538,39.18125712573683,41.46156257407894,35.369567995951186,0
625.0,525.0,816.2413858657254,32.8845997087809,41.039904216760384,43.48490043640604,36.96225196277064,0
650.0,525.0,835.5387483534201,34.28857665415042,42.98056912348414,45.59403406041916,38.634572888817274,0
675.0,525.0,855.1315688243535,35.77538495609362,44.997057651377446,47.78907021057054,40.38622130373553,0
700.0,525.0,875.0,37.33393534552293,47.001476531685626,49.649370330881965,42.16770593860428,0
725.0,525.0,895.1256894984078,38.97205889016463,49.100700518163215,51.95713910177661,44.03637970416392,0
750.0,525.0,915.4916711800278,40.69060163797863,51.31972280091078,54.34637668838489,46.005162219444706,0
775.0,525.0,936.0822613424527,42.48964685813777,53.679265142462604,56.875668453027174,48.084456000300186,0
800.0,525.0,956.8829604502318,44.36740797090967,56.144319870682914,59.4958365946204,50.25586392079629,0
825.0,525.0,977.8803607803973,46.32207197953959,58.68040894689583,62.15906070041856,52.50124046321771,0
850.0,525.0,999.0620601344043,48.338496494031766,61.172922913141356,64.71682035685915,54.75570970358656,0
0.0,550.0,550.0,36.09206824277297,49.36734840141906,50.80262247000231,42.729708322096016,0
25.0,550.0,550.567888638631,34.77113746383322,47.49922687120776,48.75192652049531,41.13518216752049,0
50.0,550.0,552.268050859363,33.52798765514177,45.77314740934802,46.962549450853324,39.65056753224489,0
75.0,550.0,555.0900827793629,32.352035246921105,44.029417996881314,45.13637239147602,38.190726621901206,0
100.0,550.0,559.0169943749474,31.245731480099487,42.30300663459289,43.250555994532405,36.77436905734619,0
125.0,550.0,564.0257086339238,30.219971374694993,40.73131338433032,41.64976491747233,35.47564237951266,0
150.0,550.0,570.087712549569,29.27970217773963,39.24959885718728,40.11114088718254,34.26465051746345,0
175.0,550.0,577.1698190307598,28.423988202836966,37.784766794204245,38.56830631269861,33.104377498520606,0
200.0,550.0,585.2349955359813,27.654107947891347,36.37470673140839,37.076314636967446,32.014407339649864,0
225.0,550.0,594.2432162002357,26.973148900563615,35.025266687242635,35.73433319765414,30.999207793903125,0
250.0,550.0,604.1522986797286,26.380024083517117,33.720223171469954,34.43491340826269,30.050123627493534,0
275.0,550.0,614.9186938124421,25.879349565912847,32.519424077394646,33.13308178584155,29.199386821653746,0
300.0,550.0,626.4982043070834,25.493294520331858,31.39605315751677,32.055484178901565,28.444673838924317,0
325.0,550.0,638.8466169590318,25.237346477449112,30.34395232556889,31.0146618475772,27.790649401509,0
350.0,550.0,651.9202405202649,25.102205072456158,29.38240212423323,29.963623797061036,27.242303598344694,0
375.0,550.0,665.6763477847173,25.11798486920385,28.514986797116258,29.00670937957642,26.81648583316005,0
400.0,550.0,680.0735254367721,25.277393270718683,28.117947386593663,28.940149108228542,26.697670328656173,0
425.0,550.0,695.0719387228922,25.581240485153458,28.674670683247758,30.227001727910476,27.127955584200606,0
450.0,550.0,710.6335201775947,26.055793692590694,29.92856746951959,31.59405720004428,27.99218058105514,0
475.0,550.0,726.7220926874317,26.70317892217033,31.262134668367732,33.04137367274065,28.98265679526903,0
500.0,550.0,743.3034373659252,27.56106539998035,32.675423065119936,34.569008723186506,30.118244232550143,0
525.0,550.0,760.3453162872775,28.527005816787394,34.168474636810565,36.177019443287506,31.34774022679898,0
550.0,550.0,777.8174593052023,29.568269229911735,35.74132366456289,37.86546252218479,32.65479644723732,0
575.0,550.0,795.6915231419774,30.68665095656279,37.393997849821446,39.63439432299955,34.040324403192116,0
600.0,550.0,813.9410298049853,31.881808518934328,39.114543346220856,41.28069221371942,35.498175932577595,0
625.0,550.0,832.5412902673356,33.14901736845338,40.888595596994975,43.21101758745346,37.01880648272417,0
650.0,550.0,851.46931829632,34.49175736053229,42.74089986695972,45.22311918263862,38.616328613746006,0
675.0,550.0,870.7037383633999,35.91365527235053,44.67146625768582,47.332068111884766,40.29256076501818,0
700.0,550.0,890.2246907382428,37.40343380112584,46.60090992509857,49.101080754509965,42.00217186311221,0
725.0,550.0,910.0137361600648,38.96786513467717,48.60456126331569,51.304690546333255,43.78621319899643,0
750.0,550.0,930.0537618869137,40.60775599693785,50.710701015370674,53.58613615826221,45.659228506154264,0
775.0,550.0,950.3288904374107,42.32480791495077,52.951781456406856,55.98399902802301,47.638294685678815,0
800.0,550.0,970.8243919473799,44.11742896520808,55.30371928540837,58.4824882771882,49.71057412530823,0
825.0,550.0,991.526600752597,45.98297482590821,57.73755688188147,61.06470616071879,51.86026585389484,0
0.0,575.0,575.0,36.27869535833769,49.086102924239434,50.45888336768513,42.68239914128856,0
25.0,575.0,575.5432216610669,35.0147178852866,47.293822637779435,48.49678379389001,41.154270261533014,0
50.0,575.0,577.1698190307598,33.824005519322625,45.63940173094301,46.767859673306845,39.731703625132816,0
75.0,575.0,579.8706752371601,32.6973632754213,43.965288899151396,45.03480191902695,38.33132608728635,0
100.0,575.0,583.6308764964376,31.63736367317194,42.31375140907591,43.24159144043967,36.975557541123926,0
125.0,575.0,588.430114796991,30.65380153773478,40.807085153623184,41.681502916415056,35.73044334567898,0
150.0,575.0,594.2432162002357,29.75261878064589,39.375794228421796,40.20799669232468,34.56420650453384,0
175.0,575.0,601.0407640085654,28.93214646110411,37.96905759437709,38.71875710887257,33.4506020277406,0
200.0,575.0,608.789783094296,28.192892216929103,36.617438663538955,37.310029071186264,32.40516544023403,0
225.0,575.0,617.4544517614235,27.54089673017217,35.33876889584669,36.03246372438804,31.43983281300943,0
250.0,575.0,626.9968101992226,26.97153655723397,34.09924865579599,34.80287761105651,30.535392606514982,0
275.0,575.0,637.3774391990981,26.48916846734275,32.940011966893536,33.5603016095047,29.714590217118143,0
300.0,575.0,648.5560885536423,26.117548763443658,31.87000918529774,32.51390881424432,28.9937789743707,0
325.0,575.0,660.4922406811453,25.869262313389868,30.85039165495417,31.47580453003433,28.359826984172017,0
350.0,575.0,673.145600891813,25.73707003914176,29.914325625953396,30.465082155814084,27.825697832547576,0
375.0,575.0,686.476510887299,25.750112330040707,29.06983249054495,29.531125505828097,27.40997241029283,0
400.0,575.0,700.446286306095,25.902624525725855,28.654154272273946,29.391049785345697,27.2783893989999,0
425.0,575.0,715.0174823037546,26.1932138647804,29.14071041849392,30.621897421902993,27.66696214163716,0
450.0,575.0,730.1540933255117,26.648310546111837,30.339930284048158,31.929421421254634,28.494120415079998,0
475.0,575.0,745.8216945088149,27.27053528099549,31.615702690694082,33.313675201257375,29.443118985844784,0
500.0,575.0,761.9875327064085,28.096100932723918,32.967681323120665,34.77471167419853,30.531891127922293,0
525.0,575.0,778.6205751198719,29.024653972294228,34.39590774892055,36.31258331226175,31.71028086060739,0
550.0,575.0,795.6915231419774,30.02520788412594,35.90041669754126,37.927342212966714,32.9628122908336,0
575.0,575.0,813.1727983645296,31.099104914994935,37.48123692039732,39.619040161946224,34.29017091769613,0
600.0,575.0,831.0385069297331,32.24537590965856,39.12775729514959,41.1922646752536,35.68656660240408,0
625.0,575.0,849.2643875731515,33.45856721840603,40.82460749004064,43.03778558133836,37.14158735422333,0
650.0,575.0,867.8277478854891,34.74557286950116,42.59627250119316,44.96142249275829,38.670922685347165,0
675.0,575.0,886.70739254841,36.107446431964846,44.44276419777749,46.976896816949285,40.27510531487117,0
700.0,575.0,905.883546599672,37.53463931317843,46.306753810195616,48.67565288426226,41.92069656168702,0
725.0,575.0,925.3377761660873,39.03180770374938,48.223174802,50.784084072131556,43.62749125287469,0
750.0,575.0,945.05290857179,40.600054831682684,50.22865110884289,52.967028085403484,45.41435297026278,0
775.0,575.0,965.0129532809391,42.242710826211535,52.3633605076588,55.248102905773635,47.303035666935166,0
800.0,575.0,985.2030247619016,43.95781968950524,54.61250367294543,57.63575814972215,49.28516168122533,0
0.0,600.0,600.0,36.51345004831114,48.89382561456758,50.21044979155394,42.703637831439366,0
25.0,600.0,600.5206074732157,35.3014180552745,47.16485862411546,48.32932535322344,41.23313833969498,0
50.0,600.0,602.0797289396148,34.15763287213385,45.566591643482994,46.65435509061364,39.86211225780842,0
75.0,600.0,604.6693311223912,33.078331796039265,43.97144189605563,45.01095100554,38.52488684604745,0
100.0,600.0,608.276253029822,32.0610317302196,42.39144589387689,43.29965555151651,37.226238812048244,0
125.0,600.0,612.8825336065631,31.116303311475995,40.9364600240752,41.778100576921794,36.026381667775595,0
150.0,600.0,618.4658438426491,30.25051876933021,39.56087029181343,40.381724931638814,34.90569453057182,0
175.0,600.0,625.0,29.463303721470847,38.203308032949145,38.9634722402272,33.833305877209995,0
200.0,600.0,632.4555320336759,28.75220057417105,36.90130009512911,37.590139893323276,32.82675033465008,0
225.0,600.0,640.8002808988149,28.124507753989786,35.662763598681124,36.344770540509415,31.893635676335457,0
250.0,600.0,650.0,27.57898967197501,34.50359094671457,35.18312384092359,31.041290309344788,0
275.0,600.0,660.0189391222043,27.114307632103152,33.3882870869102,34.016199098670185,30.25129735950668,0
300.0,600.0,670.820393249937,26.75587387789163,32.365673152662154,32.92620780366023,29.560773515276892,0
325.0,600.0,682.367203197809,26.515052543579667,31.380664744937267,31.962705855717285,28.947858644258467,0
350.0,600.0,694.6221994724903,26.38569201395886,30.472923752182986,30.988974954424396,28.429307883070923,0
375.0,600.0,707.5485849042453,26.396276343720025,29.64424838178964,30.09763993437487,28.020262362754835,0
400.0,600.0,721.1102550927978,26.541601869106117,29.207197954794186,29.877151425459896,27.87439991195015,0
425.0,600.0,735.2720584926371,26.821121670452264,29.64427576483389,31.056682927672195,28.232698717643075,0
450.0,600.0,750.0,27.25843342997657,30.789381912187597,32.30966139931354,29.023907671082085,0
475.0,600.0,765.2613932506983,27.85748769617902,32.01218910001165,33.63613605387643,29.934838398095337,0
500.0,600.0,781.0249675906655,28.65321955298273,33.30798502860656,35.03615566221627,30.980602290794643,0
525.0,600.0,797.2609359550987,29.547239093683014,34.67681020156554,36.50976860151446,32.112024647624274,0
550.0,600.0,813.9410298049853,30.51031936987932,36.11869910930392,38.057022906249315,33.314509239591615,0
575.0,600.0,831.0385069297331,31.543345819154787,37.633680878830035,39.677966318712976,34.58851334899241,0
600.0,600.0,848.5281374238571,32.64263984943227,39.21090151415318,41.18461787768246,35.926770681792725,0
625.0,600.0,866.3861725581728,33.80795257669001,40.837013651257436,42.952501868121196,37.322483113973725,0
650.0,600.0,884.5903006477066,35.04371614685286,42.53479111840396,44.795154901217096,38.78925363262841,0
675.0,600.0,903.1195934094221,36.349858232919814,44.30424714094671,46.725809684081156,40.32705268693326,0
700.0,600.0,921.9544457292888,37.720257392306934,46.1056935714798,48.35780854621436,41.91297548189337,0
725.0,600.0,941.0765112359356,39.15503067341176,47.942180746052315,50.378928209760254,43.54860570973204,0
750.0,600.0,960.4686356149273,40.6583702912999,49.85767675440217,52.47150966160037,45.25802352285103,0
775.0,600.0,980.114789195633,42.23304320808124,51.896592592314136,54.64821361105817,47.06481790019769,0
800.0,600.0,1000.0,43.87688277462203,54.05170821032822,56.934492288481934,48.96429549247513,0
0.0,625.0,625.0,36.79142215318489,48.77985160941501,50.045971178956194,42.78563688129995,0
25.0,625.0,625.4998001598402,35.62712258885027,47.103151625863056,48.254173264731875,41.36513710735666,0
50.0,625.0,626.9968101992226,34.52645915651472,45.556151637639495,46.61869457289674,40.04130539707711,0
75.0,625.0,629.4839156007085,33.49132828531033,44.047093256333916,45.055293041472375,38.76921077082213,0
100.0,625.0,632.9494450586081,32.51321058805641,42.53000646873761,43.47474488684901,37.52160852839701,0
125.0,625.0,637.3774391990981,31.60422941867631,41.11635696156478,41.931750784844446,36.360293190120544,0
150.0,625.0,642.7480066091221,30.771160344045157,39.7910750527177,40.581912252685086,35.28111769838143,0
175.0,625.0,649.0377492873585,30.014332813034542,38.492987617689735,39.224790356966736,34.25366021536214,0
200.0,625.0,656.2202374203343,29.329841744663998,37.22232546857033,37.9170578253024,33.27608360661716,0
225.0,625.0,664.2665127793211,28.72462592506344,36.02325516075127,36.709626664160304,32.373940542907356,0
250.0,625.0,673.145600891813,28.19814439280452,34.904006343657876,35.490760944421886,31.551075368231196,0
275.0,625.0,682.8250141873832,27.75306366597299,33.86301670987254,34.480224161739166,30.808040187922764,0
300.0,625.0,693.2712311931024,27.406273249536138,32.87457301358944,33.444876181207086,30.14042313156279,0
325.0,625.0,704.4501401802686,27.17339333575103,31.93092890399691,32.480984018696,29.552161119873972,0
350.0,625.0,716.3274390947201,27.046738956494686,31.04895232341564,31.550163590698777,29.047845639955163,0
375.0,625.0,728.8689868556626,27.055131349967702,30.24360472456848,30.706092944988004,28.64936803726809,0
400.0,625.0,742.0411039827915,27.194027303981443,29.78952094566718,30.39422089140241,28.49177412482431,0
425.0,625.0,755.8108228915487,27.462586399337663,30.175454763428483,31.526559730144864,28.81902058138307,0
450.0,625.0,770.1460900374682,27.884403084598485,31.272374576218983,32.72937723872058,29.578388830408734,0
475.0,625.0,785.0159234053791,28.462087634809635,32.446462482348615,34.00271887754817,30.454275058579125,0
500.0,625.0,800.3905296791061,29.229860382226548,33.690583194349564,35.346629723067856,31.460221788288056,0
525.0,625.0,816.2413858657254,30.092132535900927,35.00477570039124,36.76115450344266,32.54845411814608,0
550.0,625.0,832.5412902673356,31.02057748888458,36.38907374491086,38.246337637509335,33.70482561689772,0
575.0,625.0,849.2643875731515,32.01459014815383,37.843506308546836,39.802223274779855,34.92904822835033,0
600.0,625.0,866.3861725581728,33.07124705391564,39.35558205126659,41.24797254638972,36.21341455259112,0
625.0,625.0,883.8834764831844,34.19231635496668,40.91664039868837,42.94451537802355,37.554478376827525,0
650.0,625.0,901.7344398435716,35.380235280744465,42.5464679261173,44.71275502475613,38.96335160343088,0
675.0,625.0,919.9184746487049,36.63555803331993,44.24520047292987,46.56610317584772,40.4403792531249,0
700.0,625.0,938.416218956173,37.95392684487066,45.986548881374944,48.18959551757195,41.970237863122804,0
725.0,625.0,957.2094859538323,39.33060651031717,47.749520489285786,50.07544060607,43.54006349980148,0
750.0,625.0,976.2812094883318,40.77495246515611,49.5844303138061,52.08482987135616,45.17969138948111,0
775.0,625.0,995.6153875869938,42.287168841638035,51.539235434930454,54.16777335327241,46.91320213828425,0
0.0,650.0,650.0,37.107779236184435,48.73519232106741,49.955858193575736,42.92148577862592,0
25.0,650.0,650.4805915628843,35.98655452122622,47.10102840015595,48.294533573357796,41.54379146069108,0
50.0,650.0,651.9202405202649,34.926621259870046,45.60177353529252,46.64959765247923,40.264197397581285,0
75.0,650.0,654.31261641512,33.931817516573616,44.16847794039025,45.14903776390732,39.05014772848193,0
100.0,650.0,657.6473218982952,32.990695844158424,42.72074379542671,43.65488166733788,37.85571981979257,0
125.0,650.0,661.9101147436863,32.11483020094256,41.3487905854192,42.155817813839526,36.73181039318088,0
150.0,650.0,667.0832032063167,31.31136101459075,40.05225699336748,40.84855723275227,35.68180900397911,0
175.0,650.0,673.145600891813,30.58188092251472,38.80381807837096,39.47099874722259,34.69284950044284,0
200.0,650.0,680.0735254367721,29.923946111119463,37.60125916059951,38.299110588844016,33.76260263585949,0
225.0,650.0,687.8408246098802,29.339607153384918,36.421926476498655,37.10740668833384,32.880766814941786,0
250.0,650.0,696.419413859206,28.830690028917527,35.32900187602925,35.93250428003297,32.07984595247339,0
275.0,650.0,705.7797106746552,28.40076529046418,34.333938357215,34.84382443742836,31.367351823839588,0
300.0,650.0,715.8910531638177,28.06740543142308,33.3933048453272,33.927151109487966,30.73035513837514,0
325.0,650.0,726.7220926874317,27.843049931496832,32.498555532196285,33.03325392503927,30.170802731846557,0
350.0,650.0,738.24115301167,27.71907193951008,31.640782312487595,32.14809600708921,29.679927125998837,0
375.0,650.0,750.4165509901817,27.725508802552632,30.8600587583827,31.32876572410784,29.292783780467666,0
400.0,650.0,763.2168761236874,27.85828692060067,30.39531788825499,30.938677839886836,29.126802404427828,0
425.0,650.0,776.6112283504533,28.11664081383031,30.73622935342778,32.02746950462666,29.426435083629045,0
450.0,650.0,790.5694150420949,28.52395061338374,31.785059481271826,33.18400221580492,30.15450504732778,0
475.0,650.0,805.0621094052309,29.082521300246576,32.914180944145016,34.408318070987264,30.998351122195796,0
500.0,650.0,820.0609733428363,29.824215714442314,34.110610379653984,35.700458837178445,31.967413047048147,0
525.0,650.0,835.5387483534201,30.657077710421227,35.37438496723908,37.060465976031935,33.01573133883015,0
550.0,650.0,851.46931829632,31.553229625080455,36.705537344646146,38.488380672984086,34.1293834848633,0
575.0,650.0,867.8277478854891,32.5094685628693,38.10409595275639,39.98424386839701,35.30678225781284,0
600.0,650.0,884.5903006477066,33.527343915520454,39.554699239272544,41.37406698987564,36.5410215773965,0
625.0,650.0,901.7344398435716,34.60717451990074,41.05572870272523,43.00482845771359,37.831451611312986,0
650.0,650.0,919.2388155425118,35.75186220087237,42.6228554001737,44.70502579096369,39.18735880052303,0
675.0,650.0,937.0832406995656,36.96021698674559,44.25647413551412,46.487060582578835,40.60834556112985,0
700.0,650.0,955.24865872714,38.22859270447984,45.93986259897377,48.15904130815846,42.084227651726806,0
725.0,650.0,973.7171047075224,39.55315651582838,47.63499389579471,49.86194877346058,43.59407520581154,0
750.0,650.0,992.4716620639604,40.943181679903056,49.397621863552814,51.79449539461089,45.17040177172794,0
0.0,675.0,675.0,37.45833112226482,48.75193137908805,49.931955630394334,43.105131250676436,0
25.0,675.0,675.4628043053148,36.37662386667266,47.15619576213162,48.29241713734541,41.76640981440214,0
50.0,675.0,676.8493185340442,35.35475183259351,45.69728934336942,46.73956830374541,40.52602058798146,0
75.0,675.0,679.1538853603063,34.39558796748679,44.317599888000004,45.179554461731634,39.3565939277434,0
100.0,675.0,682.367203197809,33.49088774850878,42.95725019249972,43.84819181308942,38.22406897050425,0
125.0,675.0,686.476510887299,32.645759255234395,41.619316676399556,42.388325551922456,37.13253796581698,0
150.0,675.0,691.4658342969666,31.86971603814117,40.35864751929344,41.130179641901385,36.11418177871731,0
175.0,675.0,697.3162840490677,31.16585334161588,39.14632112555918,39.83267188033179,35.15608723358753,0
200.0,675.0,704.0063920164362,30.531402153149145,37.99995626524733,38.659465571076765,34.26567920919824,0
225.0,675.0,711.5124735378854,29.968032803772005,36.873693286626825,37.534751282049,33.42086304519941,0
250.0,675.0,719.8090024443984,29.475458137310355,35.78687607033904,36.41138598463674,32.631167103824694,0
275.0,675.0,728.8689868556626,29.058908020846403,34.81663170220003,35.36537706178123,31.937769861523215,0
300.0,675.0,738.6643351347078,28.736911729903174,33.910905354494375,34.490552880604135,31.323908542198772,0
325.0,675.0,749.1662031885849,28.51948600876112,33.04720434961294,33.55471737175181,30.78334517918703,0
350.0,675.0,760.3453162872775,28.40118326350389,32.24513825178391,32.73615443723569,30.323160757643898,0
375.0,675.0,772.172260574025,28.40638100205686,31.48948438610009,31.965373825803017,29.947932694078474,0
400.0,675.0,784.6177413237608,28.533229260157952,31.015224682622872,31.50747352752425,29.774226971390412,0
425.0,675.0,797.6528066771908,28.782528793559862,31.320866405667484,32.55595666539511,30.051697599613675,0
450.0,675.0,811.2490369793976,29.175223081099,32.324157103985875,33.669648028418955,30.749690092542437,0
475.0,675.0,825.3787009609589,29.716378446733174,33.41164552123957,34.8485866908618,31.564011983986372,0
500.0,675.0,840.0148808205721,30.434681334092616,34.5639222227623,36.092811444240354,32.49930177842746,0
525.0,675.0,855.1315688243535,31.240123587254015,35.781022406721554,37.40236081435501,33.51057299698778,0
550.0,675.0,870.7037383633999,32.10291982423182,37.06297735972486,38.77727308251818,34.58294859197834,0
575.0,675.0,886.70739254841,33.025643936793045,38.40981469564127,40.21758630935416,35.71772931621716,0
600.0,675.0,903.1195934094221,34.007931521803286,39.8022073453926,41.555873708653884,36.905069433597944,0
625.0,675.0,919.9184746487049,35.050255633263305,41.247671520537914,43.12578802329094,38.14896357690061,0
650.0,675.0,937.0832406995656,36.15445778708137,42.75676033546393,44.764540438821015,39.45560906127265,0
675.0,675.0,954.5941546018391,37.31931028216633,44.33012858185841,46.47957823076772,40.82471943201237,0
700.0,675.0,972.4325169388362,38.540548604995934,45.95758112054132,48.147038913187615,42.24906486276863,0
725.0,675.0,990.5806378079475,39.817597958006125,47.58991459921412,49.728501247168964,43.70375627861012,0
0.0,700.0,700.0,37.839192133263055,48.820506085553774,49.99668273894545,43.329849109408414,0
25.0,700.0,700.446286306095,36.794448339901166,47.27306793959951,48.35045516820528,42.03375813975033,0
50.0,700.0,701.78344238091,35.80796734439589,45.837432487167355,46.882228078122644,40.82269991578163,0
75.0,700.0,704.0063920164362,34.88171824141501,44.506241210361914,45.337949080642936,39.69397972588846,0
100.0,700.0,707.1067811865476,34.01160382137074,43.23297509207148,44.08601420086691,38.622289456721106,0
125.0,700.0,711.0731326663946,33.19499992421777,41.93192073684401,42.67442791031618,37.56346033053089,0
150.0,700.0,715.8910531638177,32.44458941741623,40.70113589079049,41.44946242043909,36.57286265410336,0
175.0,700.0,721.5434844830907,31.764677689304527,39.522265209895316,40.22666056606791,35.64347144959992,0
200.0,700.0,728.0109889280518,31.151073149396105,38.41303875856214,39.07939445551013,34.782055953979125,0
225.0,700.0,735.2720584926371,30.607987672066447,37.348040455055056,37.99631641584721,33.97801406356075,0
250.0,700.0,743.3034373659252,30.131351275088633,36.30309711556041,36.9230815001693,33.21722419532452,0
275.0,700.0,752.0804478245661,29.72731727682452,35.33485396729105,35.906508663661384,32.53108562205779,0
300.0,700.0,761.5773105863908,29.414935770256243,34.4461874633382,35.03529071942888,31.93056161679722,0
325.0,700.0,771.7674520216566,29.204253596541072,33.60168065837924,34.14134001069264,31.402967127460155,0
350.0,700.0,782.6237921249264,29.089266762097594,32.830342343597415,33.285563275478786,30.959804552847505,0
375.0,700.0,794.1190087134296,29.094372869208563,32.106251248189814,32.55848170474964,30.60031205869919,0
400.0,700.0,806.2257748298549,29.21690642686893,31.63881202670359,32.09799565440165,30.42785922678626,0
425.0,700.0,818.91696770796,29.458780060738214,31.922283936435946,33.10906044987271,30.69053199858708,0
450.0,700.0,832.1658488546619,29.83826367867441,32.8868553810181,34.18298330379925,31.362559529846255,0
475.0,700.0,845.9462157844315,30.36245049692034,33.935685117792495,35.31980056418512,32.14906780735642,0
500.0,700.0,860.2325267042627,31.058904305005022,35.0469663417843,36.51954833851853,33.052935323394664,0
525.0,700.0,875.0,31.83560993907545,36.22073218780992,37.78226250452306,34.028171063442684,0
550.0,700.0,890.2246907382428,32.66952090370564,37.45701243770136,39.1079787251062,35.0632666707035,0
575.0,700.0,905.883546599672,33.562124780801774,38.75583367704535,40.49673246615589,36.15897922892356,0
600.0,700.0,921.9544457292888,34.511184100173736,40.09292584816701,41.78737721699997,37.302054974170375,0
625.0,700.0,938.416218956173,35.518749192294564,41.48680753798722,43.30084344328308,38.50277836514089,0
650.0,700.0,955.24865872714,36.58443668206712,42.942200172714905,44.88293519660929,39.76331842739101,0
675.0,700.0,972.4325169388362,37.70768189869508,44.45947438521481,46.535873009785476,41.083578141954945,0
700.0,700.0,989.9494936611666,38.88659096624218,46.03280330440159,48.15158247250958,42.45969713532189,0
0.0,725.0,725.0,38.24693395779242,48.93385492391289,50.05583937119928,43.590394440852656,0
25.0,725.0,725.4309064273455,37.23725186569466,47.436569302587685,48.49334476570067,42.33691058414117,0
50.0,725.0,726.7220926874317,36.283782738589316,46.025796842490784,47.07211460717804,41.15478979054005,0
75.0,725.0,728.8689868556626,35.388146569669026,44.73371406340614,45.58080258523001,40.06093031653758,0
100.0,725.0,731.8640584152223,34.54928968794883,43.52834385894222,44.36382004931147,39.038816773445525,0
125.0,725.0,735.6969484781081,33.76080746794953,42.28287535721624,43.0200216154362,38.02184141258289,0
150.0,725.0,740.3546447480423,33.03443269053514,41.077251833912555,41.802659275951825,37.05584226222385,0
175.0,725.0,745.8216945088149,32.37698737500351,39.938081655344284,40.64978401844147,36.15753451517389,0
200.0,725.0,752.0804478245661,31.782924451039342,38.851546945400266,39.52599179211809,35.317235698219804,0
225.0,725.0,759.1113225344488,31.2569511282737,37.823157995477004,38.467015074651854,34.54005456187535,0
250.0,725.0,766.8930825088984,30.796858909764175,36.83431252981146,37.44860625235177,33.81558571978782,0
275.0,725.0,775.4031209635411,30.405118486776338,35.89478013555124,36.471480282668274,33.14994931116379,0
300.0,725.0,784.6177413237608,30.101328330502103,35.01879955989831,35.59153528859248,32.560063945200206,0
325.0,725.0,794.5124291035352,29.89718669807253,34.192857546910915,34.70733554665488,32.04502212249172,0
350.0,725.0,805.0621094052309,29.784926462800627,33.42572341864952,33.92857475084429,31.605324940725072,0
375.0,725.0,816.2413858657254,29.79017345831087,32.72623929809413,33.21977963142236,31.2582063782025,0
400.0,725.0,828.0247580839597,29.907651048723384,32.26504940638164,32.707992944198566,31.086350227552515,0
425.0,725.0,840.3868156985806,30.141631385176552,32.53927622616352,33.684229389905326,31.340453805670037,0
450.0,725.0,853.3024082938006,30.508834245846337,33.47072903480423,34.72113731412573,31.989781640325283,0
475.0,725.0,866.7467911679859,31.017245997193687,34.483565336180405,35.81875059962059,32.750405666687044,0
500.0,725.0,880.6957476904269,31.69319336874677,35.55668003948412,36.97710292556212,33.62493670411544,0
525.0,725.0,895.1256894984078,32.44492193129969,36.69010420045239,38.19622777352834,34.56751306587604,0
550.0,725.0,910.0137361600648,33.25273724855481,37.88386601219746,39.47615843752874,35.56830163037613,0
575.0,725.0,925.3377761660873,34.11695832087578,39.13569968880446,40.74360930280245,36.626329004840116,0
600.0,725.0,941.0765112359356,35.034985808228726,40.4223898588911,42.063398189284804,37.72868783355992,0
625.0,725.0,957.2094859538323,36.00919564174524,41.76825768311432,43.52435491693254,38.888726662429775,0
650.0,725.0,973.7171047075224,37.03860618882393,43.17379273554848,45.05403444516169,40.106199462186204,0
675.0,725.0,990.5806378079475,38.12385566945187,44.64396087847529,46.64925130172748,41.383908273963584,0
0.0,750.0,750.0,38.67963137892906,49.09669215353967,50.198908292507,43.88816176623436,0
25.0,750.0,750.4165509901817,37.702630106921674,47.64233438962154,48.68053713220617,42.672482248271606,0
50.0,750.0,751.6648189186454,36.780043583269446,46.26916957069333,47.304521837624506,41.524606576981384,0
75.0,750.0,753.7406715840667,35.91296004740416,44.99359414995008,45.86240927661088,40.45327709867712,0
100.0,750.0,756.6372975210778,35.101840243229894,43.83618050155545,44.664337209039516,39.469010372392674,0
125.0,750.0,760.3453162872775,34.341663151556055,42.66607328075475,43.41380959836079,38.503868216155404,0
150.0,750.0,764.8529270389178,33.63789527314027,41.48563989735421,42.18653593330351,37.56176758524724,0
175.0,750.0,770.1460900374682,33.00092096876517,40.37637746639142,40.986909275135034,36.688649217578295,0
200.0,750.0,776.2087348130012,32.42574616388765,39.326770052890346,39.948539882260675,35.876258108388996,0
225.0,750.0,783.0229881682912,31.91553106915036,38.314731628314895,38.91064736598838,35.11513134873263,0
250.0,750.0,790.5694150420949,31.469439468726648,37.361936356336514,37.93814108803534,34.41568791253158,0
275.0,750.0,798.8272654335228,31.090824765405806,36.470401224088825,37.04107213061624,33.780612994747315,0
300.0,750.0,807.7747210701756,30.795879852848977,35.61383021769043,36.16448936661113,33.2048550352697,0
325.0,750.0,817.3891362135907,30.596855480380007,34.807146410216966,35.30670296194258,32.70200094529849,0
350.0,750.0,827.6472678623425,30.48821845179389,34.06207235667224,34.519767784603175,32.275145404233065,0
375.0,750.0,838.5254915624212,30.492338492179158,33.374526740261686,33.83286185791216,31.933432616220422,0
400.0,750.0,850.0,30.606810767299585,32.92988724665807,33.335514844214046,31.768349006978827,0
425.0,750.0,862.0469824783333,30.832930268790985,33.17565975625142,34.27925293280145,32.004295012521204,0
450.0,750.0,874.642784226795,31.1889731125301,34.073675084022895,35.28162300181468,32.631324098276494,0
475.0,750.0,887.7640452282352,31.682004488115147,35.05291560204434,36.34265669903613,33.36746004507974,0
500.0,750.0,901.3878188659974,32.338552390553104,36.090408536559075,37.46238550068466,34.214480463556086,0
525.0,750.0,915.4916711800278,33.067690367677045,37.186182895951106,38.64084071386817,35.126936631814075,0
550.0,750.0,930.0537618869137,33.851021077580455,38.34026525317477,39.878053482799544,36.09564316537761,0
575.0,750.0,945.05290857179,34.68776306560471,39.54285333005593,41.02688744524931,37.115308197830316,0
600.0,750.0,960.4686356149273,35.57697691114833,40.78673053710749,42.379453041827155,38.181853724127905,0
625.0,750.0,976.2812094883318,36.519109565305016,42.087986766140666,43.79179799340716,39.303548165722844,0
650.0,750.0,992.4716620639604,37.51464310418675,43.44681620666628,45.27249731662422,40.480729655426515,0
0.0,775.0,775.0,39.134949247987706,49.30106830347074,50.38890285306174,44.218008775729224,0
25.0,775.0,775.4031209635411,38.18848886140535,47.88586400871229,48.90788571719446,43.03717643505882,0
50.0,775.0,776.6112283504533,37.29487169037647,46.547610966818624,47.5753723483838,41.921241328597546,0
75.0,775.0,778.6205751198719,36.454489142685205,45.29558312664918,46.179088683884345,40.87503613466719,0
100.0,775.0,781.4249804043892,35.66855680856119,44.16157693415155,44.914239692029625,39.91506687135637,0
125.0,775.0,785.0159234053791,34.93432221076425,43.056442721245745,43.78940084439875,38.995382466005,0
150.0,775.0,789.3826701923472,34.25379251691938,41.92055659750869,42.61017156505677,38.08717455721404,0
175.0,775.0,794.5124291035352,33.635679806712275,40.84231592628529,41.445959323057565,37.23899786649878,0
200.0,775.0,800.3905296791061,33.07834082087771,39.82458390275081,40.44636463151315,36.451462361814265,0
225.0,775.0,807.0006195784487,32.583347759369026,38.84138147715494,39.43609714103145,35.71236461826199,0
250.0,775.0,814.3248737451165,32.150246619598555,37.90730106046425,38.489087590396416,35.028773840031405,0
275.0,775.0,822.3442101699263,31.78226125951054,37.0393078341859,37.54747903509074,34.41078454684822,0
300.0,775.0,831.0385069297331,31.49679461261507,36.22367986215366,36.75926996171361,33.86023723738437,0
325.0,775.0,840.3868156985806,31.30378468940829,35.43651212717134,35.95724627524839,33.370148408289815,0
350.0,775.0,850.3675675847475,31.19718451554441,34.705765496035795,35.186386524076205,32.9514750057901,0
375.0,775.0,860.9587678861283,31.20161373414539,34.03758962891047,34.4706770362938,32.619601681527925,0
400.0,775.0,872.1381771256204,31.31224399790976,33.59527246222473,33.97886292292243,32.453758230067244,0
425.0,775.0,883.8834764831844,31.532386432617145,33.828558401409744,34.89220632974528,32.68047241701345,0
450.0,775.0,896.1724164467461,31.87801560577808,34.693860869306555,35.86227494261371,33.28593823754232,0
475.0,775.0,908.9829481348921,32.356866014001774,35.64167043746995,36.889098378160845,33.99926822573586,0
500.0,775.0,922.2933372848358,32.99459603668715,36.645839081774724,37.97270610904905,34.82021755923094,0
525.0,775.0,936.0822613424527,33.7023522038733,37.70639382783856,39.113127463838204,35.704373015855936,0
550.0,775.0,950.3288904374107,34.46253897233923,38.82335963575586,40.31039163029034,36.64294930404755,0
575.0,775.0,965.0129532809391,35.273381072090345,39.97874654879908,41.42289310780562,37.62606381044471,0
600.0,775.0,980.114789195633,36.134403785316735,41.18260243803227,42.73164089119245,38.658503111674506,0
625.0,775.0,995.6153875869938,37.046447248702755,42.44222275615413,44.10118617083074,39.74433500242844,0
0.0,800.0,800.0,39.609011057464016,49.52483269074481,50.59214714264412,44.56692187410441,0
25.0,800.0,800.3905296791061,38.69299461404319,48.16797904102467,49.1807211229692,43.430486827533926,0
50.0,800.0,801.5609770940698,37.82662119379813,46.86687596045956,47.88111455011867,42.34674857712885,0
75.0,800.0,803.5079339994098,37.011269120464696,45.64430088341047,46.527633105994326,41.327785001937585,0
100.0,800.0,806.2257748298549,36.24860496322083,44.50692200487799,45.236490028786825,40.37776348404941,0
125.0,800.0,809.7067370350824,35.53769939278935,43.452531809090836,44.1736916951546,39.495115600940096,0
150.0,800.0,813.9410298049853,34.880496144741244,42.38160679190834,43.065711474722,38.63105146832479,0
175.0,800.0,818.91696770796,34.2806926451955,41.328123825058135,41.96089320701082,37.804408235126814,0
200.0,800.0,824.6211251235321,33.74018501638463,40.34565900825389,40.948782878021994,37.04292201231926,0
225.0,800.0,831.0385069297331,33.25967272759557,39.391666226730315,39.97975074215185,36.32566947716295,0
250.0,800.0,838.1527307120105,32.83889258243303,38.48254467344064,39.05664034789332,35.66071862793684,0
275.0,800.0,845.9462157844315,32.48069599370271,37.62871061209897,38.141622549222845,35.05470330290084,0
300.0,800.0,854.4003745317531,32.20259423197446,36.82565218378676,37.355435382994635,34.51412320788061,0
325.0,800.0,863.4958019585272,32.01531986610901,36.070596442937976,36.5458910485682,34.04295815452349,0
350.0,800.0,873.212459828649,31.912151386611377,35.360403776186764,35.846852852342955,33.63627758139907,0
375.0,800.0,883.5298523536146,31.91607302765778,34.70714583297081,35.169922049143004,33.31160943031429,0
400.0,800.0,894.4271909999159,32.023951069209566,34.276262232477386,34.63655140028459,33.150106650843476,0
425.0,800.0,905.883546599672,32.23795163042031,34.4909663210572,35.521405882171486,33.364458975738756,0
450.0,800.0,917.8779875342909,32.574796875499786,35.32968184584447,36.46119897033395,33.952239360672124,0
475.0,800.0,930.3897032964197,33.0407279023031,36.24802177565106,37.45595843123674,34.64437483897708,0
500.0,800.0,943.3981132056604,33.66039056031207,37.220947453601056,38.50571191102222,35.44066900695656,0
525.0,800.0,956.8829604502318,34.34817603998505,38.2484840088704,39.61048693353635,36.29833002442773,0
550.0,800.0,970.8243919473799,35.086462111267345,39.32796226710628,40.6841490856918,37.20721218918681,0
575.0,800.0,985.2030247619016,35.871545794321435,40.44069232916341,41.84885561722413,38.15611906174242,0
600.0,800.0,1000.0,36.70566690817782,41.607305495287335,43.116551858470274,39.15648620173258,0
0.0,825.0,825.0,40.10164003053609,49.780830952587976,50.83050868443259,44.94123549156203,0
25.0,825.0,825.3787009609589,39.21453435491589,48.48507949616325,49.49257076065345,43.84980692553957,0
50.0,825.0,826.5137627408269,38.37371718764711,47.21376539391744,48.17843772477898,42.79374129078228,0
75.0,825.0,828.4020762890445,37.58200866420131,46.01839100661023,46.90523260396298,41.80019983540577,0
100.0,825.0,831.0385069297331,36.84121793571496,44.901930320487516,45.64795524516508,40.87157412810124,0
125.0,825.0,834.4159634139318,36.152007584485645,43.86479221818363,44.6306819274914,40.00839990133464,0
150.0,825.0,838.5254915624212,35.51517790751788,42.843652248957696,43.53248595306116,39.17941507823779,0
175.0,825.0,843.35638967165,34.93493975243132,41.83018140253694,42.46165686124986,38.38256057748413,0
200.0,825.0,848.8963423174822,34.40943173777462,40.87148203729875,41.45052273315367,37.640456887536686,0
225.0,825.0,855.1315688243535,33.94384675496008,39.96332683827633,40.54016234372774,36.953586796618204,0
250.0,825.0,862.0469824783333,33.534742322107405,39.0808361443666,39.62807809044624,36.307789233237,0
275.0,825.0,869.6263565463044,33.1858519492169,38.240615064084146,38.74953993650264,35.713233506650525,0
300.0,825.0,877.8524933039719,32.914686014020326,37.45580301933097,37.97121836905039,35.18524451667565,0
325.0,825.0,886.70739254841,32.73178944134993,36.708927837483934,37.18378984645401,34.72035863941693,0
350.0,825.0,896.1724164467461,32.63107187985608,36.01584688436147,36.44734319041683,34.32345938210878,0
375.0,825.0,906.2284480195929,32.63501591719137,35.37751001144583,35.83258606167851,34.006262964318594,0
400.0,825.0,916.8560410446124,32.739972791176,34.95310899316188,35.307274869224855,33.84654089216894,0
425.0,825.0,928.0355596635293,32.94905545644677,35.16407525541882,36.165372343697484,34.0565653559328,0
450.0,825.0,939.747306460625,33.27709825231794,35.97972706355014,37.07673098327423,34.62841265793404,0
475.0,825.0,951.9716382329885,33.732510988333345,36.87037996626675,38.041376865390596,35.30144547730005,0
500.0,825.0,964.6890690787369,34.335529247898634,37.81395421555874,39.05933596734189,36.074741731728686,0
525.0,825.0,977.8803607803973,35.004441186618386,38.810473143862474,40.13063416303578,36.90745716524043,0
550.0,825.0,991.526600752597,35.719296538489246,39.847222889704966,41.126745529028135,37.783259714097106,0
0.0,850.0,850.0,40.611054998014474,50.06416235953319,51.00298743900405,45.33760867877383,0
25.0,850.0,850.3675675847475,39.75062820449237,48.82060826739596,49.79675783264329,44.28561823594417,0
50.0,850.0,851.46931829632,38.93455972355589,47.59060727846705,48.522350713839465,43.26258350101147,0
75.0,850.0,853.3024082938006,38.165564173952994,46.420313001883876,47.30941384112091,42.292938587918435,0
100.0,850.0,855.8621384311845,37.4453792422741,45.32827204012998,46.08783929349829,41.38682564120204,0
125.0,850.0,859.1420138719791,36.77573683313764,44.30162406178108,45.06327793562849,40.538680447459356,0
150.0,850.0,863.1338250816034,36.157865440978796,43.30865433682024,43.98350516651857,39.73325988889952,0
175.0,850.0,867.8277478854891,35.595570281390415,42.33479312637977,42.98418498389214,38.965181703885094,0
200.0,850.0,873.212459828649,35.086448964696935,41.414123468069896,41.99223525634399,38.250286216383415,0
225.0,850.0,879.2752697534487,34.634423813598254,40.54061282827301,41.065646914925345,37.58751832093563,0
250.0,850.0,886.0022573334675,34.236695330777295,39.690005424468595,40.20030093082401,36.963350377622945,0
275.0,850.0,893.3784192602819,33.89723387561105,38.87769502176475,39.370225981066504,36.3874644486879,0
300.0,850.0,901.3878188659974,33.632686038586456,38.10436847971363,38.599255061766506,35.86852725915004,0
325.0,850.0,910.0137361600648,33.453972009556026,37.37141022197751,37.832765304909024,35.41269111576677,0
350.0,850.0,919.2388155425118,33.355095118501154,36.69186933038124,37.115651576129686,35.023482224441196,0
375.0,850.0,929.0452088031024,33.35805541323191,36.06031887466147,36.44756899391463,34.70918714394669,0
400.0,850.0,939.4147114027968,33.45997530793849,35.64462416832491,35.98988172455178,34.5522997381317,0
425.0,850.0,950.3288904374107,33.66335945708401,35.8474665482656,36.82280079463402,34.75541300267481,0
450.0,850.0,961.7692030835673,33.98292863027239,36.64275074674365,37.70740303732881,35.31283968850802,0
475.0,850.0,973.7171047075224,34.42835570363672,37.50734167600275,38.64371298488703,35.96784868981973,0
500.0,850.0,986.154146165801,35.01751078674168,38.423288710180536,39.63175508657665,36.720399748461105,0
525.0,850.0,999.0620601344043,35.66623128846829,39.38902253589301,40.62064311359752,37.52762691218065,0
50.0,875.0,876.4274071479052,39.508396741062946,47.99323765540964,48.93792427186797,43.75081719823629,0
75.0,875.0,878.2084035125148,38.760918574892976,46.85342618686598,47.737989901677686,42.80717238087948,0
100.0,875.0,880.6957476904269,38.06018358381952,45.77658139506726,46.55000714158657,41.91838248944339,0
125.0,875.0,883.8834764831844,37.4089713173494,44.7755634240361,45.54650255937662,41.09226737069275,0
150.0,875.0,887.7640452282352,36.80875427444624,43.79657130446737,44.51259747857421,40.302662789456804,0
175.0,875.0,892.3284148787374,36.26256008729789,42.84959208442793,43.49138668112573,39.55607608586291,0
200.0,875.0,897.5661535508121,35.768611481863815,41.952456266800986,42.55884012536556,38.860533874332404,0
225.0,875.0,903.4655499796326,35.330103997101745,41.114801492358545,41.640635939792865,38.22245274473015,0
250.0,875.0,910.0137361600648,34.94483629222334,40.31083134382509,40.81430702848558,37.627833818024214,0
275.0,875.0,917.1968163922071,34.61439458504985,39.52584745730455,40.00277608408739,37.0701210211772,0
300.0,875.0,925.0,34.356196972772004,38.77206570279628,39.23869797080711,36.56413133778415,0
325.0,875.0,933.4077351297235,34.1814584772706,38.05445126334116,38.49207074368516,36.11795487030588,0
350.0,875.0,942.4038412485382,34.084367039036046,37.38478672828314,37.7933259711899,35.73457688365959,0
375.0,875.0,951.9716382329885,34.08647524177549,36.76330306536089,37.14215612542345,35.42488915356819,0
400.0,875.0,962.0940702446928,34.1849724376211,36.352228787026554,36.6833521554706,35.26860061232382,0
425.0,875.0,972.753822917186,34.38248164881813,36.54576685111101,37.49253569165982,35.46412424996457,0
450.0,875.0,983.9334327077213,34.693230841232094,37.31764874975728,38.35191526496763,36.00543979549469,0
475.0,875.0,995.6153875869938,35.1283627751276,38.157663300621856,39.26151399117083,36.643013037874724,0
100.0,900.0,905.5385138137417,38.68482151435378,46.248204860461605,47.03270710381983,42.46651318740769,0
125.0,900.0,908.6390922693124,38.050914891521025,45.26444634719264,45.98517768983005,41.65768061935683,0
150.0,900.0,912.4143795447329,37.466591153918586,44.313366358528015,44.99869804344839,40.8899787562233,0
175.0,900.0,916.8560410446124,36.936300674451125,43.38679057772831,44.05169751147402,40.16154562608972,0
200.0,900.0,921.9544457292888,36.455652170566296,42.498506424498174,43.083741149388025,39.477079297532235,0
225.0,900.0,927.6987657639736,36.029977264773194,41.6806856258401,42.245731759681114,38.855331445306646,0
250.0,900.0,934.0770846134702,35.65675446096638,40.92276524090436,41.4001630430379,38.28975985093537,0
275.0,900.0,941.0765112359356,35.33661725775417,40.180932437264,40.62716981600087,37.75877484750909,0
300.0,900.0,948.6832980505138,35.08481088626117,39.44905307500642,39.88877891814067,37.26693198063379,0
325.0,900.0,956.8829604502318,34.91387772199822,38.74863883204495,39.161026503503564,36.83125827702159,0
350.0,900.0,965.6603957913983,34.81851839676655,38.0947949601708,38.47976324813267,36.456656678468676,0
375.0,900.0,975.0,34.81987595872792,37.4871379299989,37.844715216813746,36.153506944363414,0
400.0,900.0,984.8857801796105,34.91513384679472,37.07892319766393,37.38677981255867,35.99702852222933,0
425.0,900.0,995.3014618697191,35.10709340507613,37.25605782606863,38.173550084203946,36.18157561557238,0
150.0,925.0,937.0832406995656,38.1317507415931,44.844605653414916,45.539134582237565,41.48817819750401,0
175.0,925.0,941.4085191881366,37.6163772003568,43.95521473580609,44.55845182333776,40.785795968081445,0
200.0,925.0,946.374661537385,37.14804600243619,43.07297175807346,43.68660410622741,40.11050888025483,0
225.0,925.0,951.9716382329885,36.733646339546915,42.255735347589074,42.81919797537653,39.494690843567994,0
250.0,925.0,958.18839483684,36.37104538657106,41.51499060314225,42.0354230531104,38.94301799485666,0
275.0,925.0,965.0129532809391,36.06184784511221,40.825423065693535,41.276409701920755,38.44363545540287,0
300.0,925.0,972.4325169388362,35.818103554449145,40.133991103225426,40.54879927742042,37.97604732883728,0
325.0,925.0,980.4335775563789,35.650892249869344,39.450702635437274,39.84984677289895,37.550797442653305,0
350.0,925.0,989.0020222426241,35.557213454265536,38.811955039395045,39.191467491997734,37.18458424683029,0
375.0,925.0,998.1232388838565,35.5578896291667,38.218136954879675,38.57882630033291,36.88801329202319,0
225.0,950.0,976.2812094883318,37.44166134731434,42.860896595108954,43.43663684030736,40.151278971211646,0
250.0,950.0,982.344135219425,37.08838399614933,42.11621101203032,42.610945287927514,39.602297504089826,0
275.0,950.0,989.0020222426241,36.7879969406155,41.443717193063534,41.91958730377402,39.11585706683952,0
300.0,950.0,996.2429422585637,36.55347543047159,40.80350752749101,41.2185891211792,38.6784914789813,0
225.0,-175.0,285.0438562747845,25.00783999672505,44.306891786038605,46.19319979500091,34.65736589138183,1
250.0,-175.0,305.16389039334257,23.24692402027406,40.19600893007751,42.18764856299359,31.721466475175788,1
275.0,-175.0,325.96012026013244,21.809006591407073,36.58232197176596,38.492838184881016,29.195664281586517,1
200.0,-200.0,282.842712474619,25.878984960494037,45.06385312344516,46.69710726641008,35.4714190419696,0
225.0,-200.0,301.0398644698074,24.08106407024844,41.21494129773573,42.92589854961801,32.64800268399208,0
250.0,-200.0,320.1562118716424,22.554228571788165,37.761140249276075,39.42372458861675,30.15768441053212,1
275.0,-200.0,340.03676271838606,21.300941737060143,34.69949502084055,36.402229141049645,28.000218378950347,0
300.0,-200.0,360.5551275463989,20.352505954717643,31.834343694912675,33.31526895011231,26.09342482481516,1
325.0,-200.0,381.6084380618437,19.745593997582738,29.140972211509887,30.630928534330774,24.44328310454631,1
150.0,-225.0,270.4163456597992,28.967563493701096,49.49746333981691,51.08746820365642,39.232513416759005,0
175.0,-225.0,285.0438562747845,26.935837311430184,45.97938003728305,47.54260706752212,36.45760867435662,0
200.0,-225.0,301.0398644698074,25.11064573724245,42.371917074796414,43.99711516312197,33.74128140601943,0
225.0,-225.0,318.1980515339464,23.52206880080578,39.04391429108535,40.34787159828478,31.282991545945563,0
250.0,-225.0,336.34060117684277,22.17172978996831,36.11311482881995,37.71270230249368,29.14242230939413,0
275.0,-225.0,355.31676008879737,21.0536932213608,33.347957222203604,34.863797108827384,27.200825221782203,0
300.0,-225.0,375.0,20.20966293547663,30.78667501605001,32.21562782232842,25.49816897576332,0
325.0,-225.0,395.28470752104744,19.66514628265974,28.33186647233948,29.54046333786067,23.99850637749961,0
350.0,-225.0,416.08292442733097,19.41970018216462,26.279602920711916,27.470082115060748,22.849651551438267,0
100.0,-250.0,269.2582403567252,32.359864586985196,53.571107416131696,55.370862484239936,42.965486001558446,0
125.0,-250.0,279.5084971874737,30.142902031839817,50.20695566553814,51.81634581736067,40.17492884868898,0
150.0,-250.0,291.547594742265,28.115648951507623,46.92889214603681,48.373561985154254,37.52227054877221,0
175.0,-250.0,305.16389039334257,26.284766883528036,43.652005843558356,45.22316394159373,34.968386363543196,0
200.0,-250.0,320.1562118716424,24.644282914924887,40.4151484825936,41.77690111055154,32.52971569875925,0
225.0,-250.0,336.34060117684277,23.223781874122096,37.57252665902633,39.12113606822298,30.398154266574213,0
250.0,-250.0,353.5533905932738,22.00486557835429,34.888942540031174,36.3122928015911,28.446904059192732,0
275.0,-250.0,371.6517186829626,20.991126404961395,32.39016886842631,33.67555553971358,26.690647636693853,0
300.0,-250.0,390.51248379533274,20.2284740124891,30.04115723437697,31.37279546583923,25.134815623433035,0
325.0,-250.0,410.03048667141815,19.737969515074052,27.827208940810284,28.931412700615564,23.782589227942168,0
350.0,-250.0,430.11626335213134,19.51735528157352,25.97472056858092,27.069416297247663,22.746037925077218,0
375.0,-250.0,450.6939094329987,19.598581319364385,25.3695972612561,27.478578880319816,22.484089290310244,0
400.0,-250.0,471.6990566028302,19.981458463493723,26.76560192109811,30.142730043778506,23.373530192295917,0
75.0,-275.0,285.0438562747845,33.59330345891726,54.30570165829554,56.13622753390682,43.9495025586064,0
100.0,-275.0,292.61749776799064,31.419869226219355,51.04897464319214,52.763766479154796,41.23442193470575,0
125.0,-275.0,302.0761493398643,29.39759651877364,47.92141893550674,49.48283949971461,38.659507727140195,0
150.0,-275.0,313.2491021535417,27.556842429500755,44.940534706154345,46.379548978506016,36.24868856782755,0
175.0,-275.0,325.96012026013244,25.884864217056354,41.836146213977905,43.248800847927846,33.86050521551713,0
200.0,-275.0,340.03676271838606,24.401149556562963,39.04229032079429,40.208529422931946,31.721719938678625,0
225.0,-275.0,355.31676008879737,23.108462191231936,36.473083188297075,37.91115417681197,29.790772689764506,0
250.0,-275.0,371.6517186829626,21.993768867920604,34.005928150780655,35.342932742437654,27.999848509350628,0
275.0,-275.0,388.90872965260115,21.069050409898953,31.733814634998016,32.79199296695957,26.401432522448484,0
300.0,-275.0,406.97051490249265,20.36896554485106,29.54576855594635,30.823925299585525,24.957367050398705,0
325.0,-275.0,425.73465914816,19.923783337986162,27.53772874804944,28.619536149986946,23.7307560430178,0
350.0,-275.0,445.1123453691214,19.720093690112023,25.8719150625917,26.87253257654077,22.79600437635186,0
375.0,-275.0,465.02688094345683,19.792238476379254,25.0609826229849,26.64438419023798,22.426610549682074,1
400.0,-275.0,485.41219597368996,20.13755628628614,26.02320520864129,29.064425746605245,23.080380747463714,0
425.0,-275.0,506.2114182829147,20.7504527811977,28.36982085233065,31.64650593158651,24.560136816764178,0
450.0,-275.0,527.3755777432247,21.667721327065248,30.878802239150744,34.39083798640577,26.273261783107998,0
25.0,-300.0,301.0398644698074,37.145354390638275,58.35812635364326,60.32376813510638,47.751740372140766,0
50.0,-300.0,304.138126514911,34.883728578388016,55.16809226243054,56.72438218421646,45.025910420409275,0
75.0,-300.0,309.23292192132453,32.753705670755856,52.00081790548508,53.73027025661793,42.377261788120464,0
100.0,-300.0,316.22776601683796,30.75489216272998,48.96301995929997,50.497848612381986,39.85895606101498,0
125.0,-300.0,325.0,28.90128395479301,46.128882201335415,47.48214122808769,37.51508307806421,0
150.0,-300.0,335.4101966249685,27.212265718403575,43.331257647284794,44.75595750525797,35.271761682844186,0
175.0,-300.0,347.3110997362451,25.68006161646272,40.53901470294267,41.80885142048431,33.109538159702694,0
200.0,-300.0,360.5551275463989,24.322402984603595,38.04257065402613,39.404696709010416,31.18248681931486,0
225.0,-300.0,375.0,23.128497879136123,35.627927205848415,36.86176290412374,29.37821254249227,0
250.0,-300.0,390.51248379533274,22.1026021304302,33.36998257674382,34.55768487956666,27.73629235358701,0
275.0,-300.0,406.97051490249265,21.251129658213504,31.273135175542905,32.43419429815836,26.262132416878202,0
300.0,-300.0,424.26406871192853,20.60512869800541,29.255131336688244,30.398241227357733,24.930130017346826,0
325.0,-300.0,442.2951503238533,20.195205942949038,27.420580406672272,28.478500190220505,23.807893174810655,0
350.0,-300.0,460.9772228646444,20.003512637030624,25.884323655264165,26.825204473546556,22.943918146147396,0
375.0,-300.0,480.23431780746364,20.06881431737237,24.949434748942434,26.096001294675297,22.509124533157404,0
400.0,-300.0,500.0,20.382577767981623,25.596735163353905,28.312982512621538,22.989656465667764,0
425.0,-300.0,520.2163011671203,20.94099782041324,27.698235370051282,30.678240382296213,24.31961659523226,0
450.0,-300.0,540.8326913195984,21.782402192983206,29.997055783997308,33.19195535439323,25.889728988490255,0
475.0,-300.0,561.8051263561058,22.905762939837558,32.44342653310518,35.8543081087556,27.67459473647137,0
0.0,-325.0,325.0,38.4353792521307,59.18996346422236,61.164265402582,48.81267135817653,0
25.0,-325.0,325.96012026013244,36.22439773245328,56.118811278010355,57.85464552991619,46.17160450523182,0
50.0,-325.0,328.8236609491476,34.12770210270662,53.08766857244281,54.73566631084105,43.607685337574715,0
75.0,-325.0,333.54160160315837,32.15550000023157,50.116157030189825,51.76794334557374,41.1358285152107,0
100.0,-325.0,340.03676271838606,30.310733658838593,47.356401502870646,48.910758122088886,38.83356758085462,0
125.0,-325.0,348.209706929603,28.600782764833816,44.727699245691824,45.94350864079804,36.664241005262824,0
150.0,-325.0,357.94552658190884,27.03496697925462,42.08310175458016,43.45694617599287,34.55903436691739,0
175.0,-325.0,369.120576505835,25.623308265467017,39.60757881767592,40.74355662660867,32.615443541571466,0
200.0,-325.0,381.6084380618437,24.365356874262748,37.272549812435834,38.539007625682984,30.818953343349293,0
225.0,-325.0,395.28470752104744,23.25878181153674,35.05059337906808,36.0456614849919,29.154687595302413,0
250.0,-325.0,410.03048667141815,22.308010387626283,32.953513342627076,33.98406225204691,27.63076186512668,0
275.0,-325.0,425.73465914816,21.5159217868259,30.977471092292987,32.13284832277925,26.246696439559443,0
300.0,-325.0,442.2951503238533,20.915285311723977,29.11264679969023,30.04531942708067,25.0139660557071,0
325.0,-325.0,459.6194077712559,20.5329961147184,27.44385577056237,28.46779881420881,23.988425942640383,0
350.0,-325.0,477.62432936357,20.35235111989028,26.006419005843867,26.891674756032458,23.179385062867073,0
375.0,-325.0,496.2358310319802,20.41110293315188,24.98966250481553,25.76715510999381,22.700382718983704,0
400.0,-325.0,515.3882032022076,20.698796158231797,25.407615768912276,27.81257697255591,23.053205963572037,0
425.0,-325.0,535.0233639758175,21.209304884402847,27.26351408815515,29.994665045202332,24.236409486279,0
450.0,-325.0,555.0900827793629,21.98716693220552,29.384792899597883,32.31357459712841,25.6859799159017,0
475.0,-325.0,575.5432216610669,23.028916011646793,31.642120645093737,34.769460553411406,27.335518328370263,0
500.0,-325.0,596.3430220938282,24.38418145893158,34.035461473886635,37.36247791358584,29.209821466409107,0
525.0,-325.0,617.4544517614235,25.932946179964624,36.56477367650941,40.092782030547994,31.248859928237017,0
0.0,-350.0,350.0,37.598506277095844,57.17207142058266,58.89979524435966,47.38528884883925,0
25.0,-350.0,350.891721190455,35.53857876172883,54.257291040939094,55.863576137233345,44.89793490133396,0
50.0,-350.0,353.5533905932738,33.58290320883503,51.344411494340726,52.87971611460303,42.46365735158788,0
75.0,-350.0,357.94552658190884,31.75158703390202,48.59832085182692,50.152899484214046,40.17495394286447,0
100.0,-350.0,364.0054944640259,30.03746534146717,46.06224175144954,47.46256620506739,38.04985354645835,0
125.0,-350.0,371.6517186829626,28.447731268723153,43.58445272888997,44.85427964414973,36.01609199880656,0
150.0,-350.0,380.7886552931954,26.992541707115564,41.17422047311557,42.45635711246994,34.083381090115566,0
175.0,-350.0,391.3118960624632,25.682805510985162,38.914296680143046,40.108222261518996,32.29855109556411,0
200.0,-350.0,403.11288741492746,24.50513925989781,36.6876473799572,37.76442872680314,30.596393319927504,0
225.0,-350.0,416.08292442733097,23.47636413480228,34.65118424446902,35.74425683499099,29.06377418963565,0
250.0,-350.0,430.11626335213134,22.58848327688513,32.68402600415072,33.790430608366265,27.636254640517922,0
275.0,-350.0,445.1123453691214,21.84675772960229,30.817238335917864,31.899199730794884,26.331998032760076,0
300.0,-350.0,460.9772228646444,21.283614505690032,29.087870035420725,29.965349517957062,25.18574227055538,0
325.0,-350.0,477.62432936357,20.92609503093022,27.562820256944015,28.55933217309706,24.244457643937118,0
350.0,-350.0,494.9747468305833,20.75457308254903,26.206128400165188,27.047469453982604,23.480350741357107,0
375.0,-350.0,512.9571132170797,20.806903931575434,25.150792606707142,25.795913160528546,22.978848269141288,0
400.0,-350.0,531.5072906367325,21.06919822865381,25.38857379936002,27.509155275131466,23.228886014006918,0
425.0,-350.0,550.567888638631,21.542158597538236,27.014758438570198,29.534457469940527,24.278458518054215,0
450.0,-350.0,570.087712549569,22.265847757989537,28.984086186387902,31.686634702355178,25.62496697218872,0
475.0,-350.0,590.0211860602973,23.237777978094993,31.079598259350952,33.965821663369105,27.15868811872297,0
500.0,-350.0,610.3277807866851,24.506215591941235,33.30128489213124,36.372152744734585,28.90375024203624,0
525.0,-350.0,630.9714732061981,25.953546150695857,35.6491260357108,38.90576233777201,30.80133609320333,0
550.0,-350.0,651.9202405202649,27.53251377447208,38.11544638792162,41.321976123566095,32.82398008119685,0
575.0,-350.0,673.145600891813,29.239282001418907,40.66021471640613,44.08169003858774,34.949748358912515,0
0.0,-375.0,375.0,36.97252684385745,55.481712015530306,57.157497345351246,46.22711942969388,0
25.0,-375.0,375.8324094593227,35.03884334930309,52.660302292494116,54.286824308849035,43.8495728208986,0
50.0,-375.0,378.3186487605389,33.21283503697829,49.93299682047901,51.565615485622835,41.57291592872865,0
75.0,-375.0,382.4264635194589,31.503922634071337,47.418157610849214,48.81169623407602,39.461040122460275,0
100.0,-375.0,388.1043674065006,29.90328372589767,45.03646440448728,46.316221089648,37.46987406519248,0
125.0,-375.0,395.28470752104744,28.416353861512498,42.719677385181555,43.91073510078395,35.56801562334702,0
150.0,-375.0,403.8873605350878,27.058394727643282,40.51706131595568,41.69393213473432,33.78772802179948,0
175.0,-375.0,413.82363393117123,25.830778405301903,38.374076196718285,39.45447835407301,32.102427301010096,0
200.0,-375.0,425.0,24.727505153075803,36.29830949129443,37.208770320481236,30.512907322185118,0
225.0,-375.0,437.3213921133975,23.76457031020868,34.39561348814461,35.44017635956003,29.080091899176644,0
250.0,-375.0,450.6939094329987,22.92907136867688,32.53014391944246,33.53874469326486,27.72960764405967,0
275.0,-375.0,465.02688094345683,22.23104715531195,30.774004336281447,31.795467626354004,26.502525745796696,0
300.0,-375.0,480.23431780746364,21.701287763635214,29.15806198438949,29.996736858400993,25.429674874012353,0
325.0,-375.0,496.2358310319802,21.364747968589928,27.75240712120724,28.658191497674917,24.558577544898583,0
350.0,-375.0,512.9571132170797,21.201247659989512,26.465371519490766,27.2752736707419,23.83330958974014,0
375.0,-375.0,530.3300858899106,21.24426706613085,25.396706312811244,26.078449263464364,23.320486689471046,0
400.0,-375.0,548.2928049865327,21.48793134170846,25.49840562700192,27.363144135162653,23.493168484355188,0
425.0,-375.0,566.7892024377317,21.92853769957312,26.914701303954473,29.25272787064418,24.421619501763796,0
450.0,-375.0,585.768725692999,22.60545663396914,28.752516331979677,31.260586660653217,25.67898648297441,0
475.0,-375.0,605.1859218455102,23.517118654727042,30.707965210950327,33.38683893926123,27.112541932838685,0
500.0,-375.0,625.0,24.71048792431509,32.78105869118624,35.63160259720485,28.745773307750664,0
525.0,-375.0,645.174395028197,26.070365194405525,34.97179474589184,37.994995274524115,30.521079970148683,0
550.0,-375.0,665.6763477847173,27.551470634485263,37.28016348021872,40.477134576928975,32.41581705735199,0
575.0,-375.0,686.476510887299,29.15033131413145,39.6675727881393,42.81259514489579,34.40895205113537,0
600.0,-375.0,707.5485849042453,30.871984089666817,42.157177670610785,45.53892853889526,36.5145808801388,0
0.0,-400.0,400.0,36.51212154545059,54.01508084336462,55.53294699150099,45.263601194407606,0
25.0,-400.0,400.7804885470349,34.69585970489943,51.3329999018575,52.87245382191578,43.01442980337846,0
50.0,-400.0,403.11288741492746,32.985302841091254,48.81753976292309,50.32938974623164,40.90142130200717,0
75.0,-400.0,406.97051490249265,31.38366347428598,46.473433000311964,47.936331837661776,38.92854823729897,0
100.0,-400.0,412.31056256176606,29.880507529544815,44.217414438035405,45.56884362004119,37.04896098379011,0
125.0,-400.0,419.0763653560052,28.48496418846395,42.06153582613301,43.28143222382832,35.27325000729848,0
150.0,-400.0,427.20018726587654,27.21162599124436,40.03231182493994,41.124561937950325,33.62196890809215,0
175.0,-400.0,436.6062299143245,26.053465965076946,37.97770994199228,39.001476996266,32.01558795353461,0
200.0,-400.0,447.21359549995793,25.01730551671062,36.05558425196951,36.87312614224096,30.536444884340067,0
225.0,-400.0,458.93899376714546,24.109211740683982,34.249647456718854,35.227135852072976,29.179429598701418,0
250.0,-400.0,471.6990566028302,23.319903246018672,32.487913838365536,33.4113306011755,27.903908542192106,0
275.0,-400.0,485.41219597368996,22.661179733666927,30.838831608409027,31.801591161434143,26.750005671037975,0
300.0,-400.0,500.0,22.160252310370396,29.30812966232433,30.11797678246642,25.734190986347365,0
325.0,-400.0,515.3882032022076,21.84072869841635,27.989782214141268,28.5743954900543,24.915255456278807,0
350.0,-400.0,531.5072906367325,21.683467819964484,26.7800510230114,27.596844745957807,24.231759421487943,0
375.0,-400.0,548.2928049865327,21.71870230233085,25.713287291251962,26.410557148137862,23.715994796791406,0
400.0,-400.0,565.685424949238,21.946741026198463,25.703701577497327,27.344906469101332,23.825221301847897,0
425.0,-400.0,583.6308764964376,22.3599017566164,26.93543208075649,29.11586073605922,24.647666918686447,0
450.0,-400.0,602.0797289396148,22.996192523988043,28.6583113431301,30.997580687321143,25.827251933559072,0
475.0,-400.0,620.987117418711,23.855144173278333,30.491345337691115,32.99017143372798,27.173244755484724,0
500.0,-400.0,640.3124237432849,24.982822829907846,32.43456020436116,35.093737400297606,28.708691517134504,0
525.0,-400.0,660.0189391222043,26.266382883992772,34.48796823531632,37.30838259630898,30.377175559654546,0
550.0,-400.0,680.0735254367721,27.66164892396091,36.65157219781551,39.63421082497733,32.15661056088821,0
575.0,-400.0,700.446286306095,29.167293522297825,38.90588829347629,41.81473671378636,34.03659090788706,0
600.0,-400.0,721.1102550927978,30.78400628222789,41.2392885666958,44.36770679502147,36.01164742446184,0
625.0,-400.0,742.0411039827915,32.51258812116934,43.68061747966333,47.03422758325358,38.096602800416335,0
650.0,-400.0,763.2168761236874,34.341984126808995,46.129283245546866,49.31003568700179,40.235633686177934,0
0.0,-425.0,425.0,36.194000211767566,52.78336220244005,54.30704541506246,44.48868120710381,0
25.0,-425.0,425.73465914816,34.48475869673821,50.261558119532594,51.88137747496729,42.3731584081354,0
50.0,-425.0,427.93106921559223,32.875695458449755,47.93081215421863,49.331683396314354,40.40325380633419,0
75.0,-425.0,431.5669125408017,31.36670304483942,45.719978942530574,47.09770329520501,38.54334099368499,0
100.0,-425.0,436.6062299143245,29.949098173959037,43.58084324026865,44.81494893941001,36.76497070711385,0
125.0,-425.0,443.00112866673373,28.635870874186953,41.57358540219515,42.73524582649062,35.10472813819105,0
150.0,-425.0,450.6939094329987,27.433273073661358,39.65059572689497,40.64057912635366,33.541934400278166,0
175.0,-425.0,459.6194077712559,26.34000732599431,37.72311339374972,38.6501333401849,32.03156035987202,0
200.0,-425.0,469.7073557013984,25.36170744012877,35.92469260120199,36.884883729835735,30.643200020665383,0
225.0,-425.0,480.88460154178364,24.501242892301907,34.20244053410636,35.12635543121262,29.35184171320413,0
250.0,-425.0,493.0770730829005,23.754081702294748,32.53670151617889,33.38932115946646,28.145391609236817,0
275.0,-425.0,506.2114182829147,23.129954962461497,30.982718452351733,31.897499803602123,27.056336707406615,0
300.0,-425.0,520.2163011671203,22.654257891327042,29.5288007110388,30.313113173902625,26.091529301182923,0
325.0,-425.0,535.0233639758175,22.348307869194077,28.27785411961957,28.857237661632283,25.313080994406825,0
350.0,-425.0,550.567888638631,22.195076349908934,27.137242847378207,27.899599874832692,24.66615959864357,0
375.0,-425.0,566.7892024377317,22.225995768739665,26.085575481967243,26.78501046634877,24.155785625353452,0
400.0,-425.0,583.6308764964376,22.43886980300519,25.972142532866858,27.431807174787984,24.205506167936022,0
425.0,-425.0,601.0407640085654,22.829672163896866,27.05563386257102,29.098184641534054,24.942653013233944,0
450.0,-425.0,618.9709201569974,23.43034805440828,28.67720446496162,30.86871415672977,26.053776259684952,0
475.0,-425.0,637.3774391990981,24.242740686045327,30.402335539815205,32.7434897224354,27.322538112930268,0
500.0,-425.0,656.2202374203343,25.312330268500855,32.2310641909786,34.722604588315534,28.77169722973973,0
525.0,-425.0,675.4628043053148,26.52858513763543,34.16341359468813,36.806151490390185,30.34599936616178,0
550.0,-425.0,695.0719387228922,27.84834856767364,36.19939666886313,38.99422284423696,32.023872618268385,0
575.0,-425.0,715.0174823037546,29.27203523095966,38.33429350846496,41.135691322117935,33.803164369712306,0
600.0,-425.0,735.2720584926371,30.795449257663826,40.52997326475449,43.44003455919922,35.662711261209154,0
625.0,-425.0,755.8108228915487,32.42382646460208,42.82717739434665,45.94704680416343,37.62550192947437,0
650.0,-425.0,776.6112283504533,34.150704804734985,45.19105201642492,48.13960685984707,39.67087841057995,0
675.0,-425.0,797.6528066771908,35.9667898108388,47.54734930011661,50.756337752388625,41.7570695554777,0
700.0,-425.0,818.91696770796,37.88880072416973,50.04406728889405,53.50161393527572,43.966434006531884,0
0.0,-450.0,450.0,35.996730617473574,51.768360636091934,53.338915695780955,43.88254562678276,0
25.0,-450.0,450.6939094329987,34.38272550117514,49.4016910621943,50.93983000560675,41.89220828168472,0
50.0,-450.0,452.76925690687085,32.86416212815003,47.228067150416486,48.67164876721366,40.04611463928326,0
75.0,-450.0,456.20718977236646,31.437470415936957,45.14495867776877,46.47304630369735,38.29121454685286,0
100.0,-450.0,460.9772228646444,30.096012871939642,43.10440094864792,44.24095758948588,36.60020691029378,0
125.0,-450.0,467.0385423067351,28.85417020259825,41.22268195742666,42.27863115169692,35.03842608001246,0
150.0,-450.0,474.3416490252569,27.715180088894492,39.39661478593666,40.30488966142431,33.55589743741558,0
175.0,-450.0,482.83019789569914,26.679068672573635,37.581871915828664,38.48593977373615,32.130470294201146,0
200.0,-450.0,492.44289008980525,25.751724786814222,35.88238040310882,36.789832113981944,30.81705259496152,0
225.0,-450.0,503.1152949374527,24.934886424019023,34.24363124600928,35.1328191450794,29.58925883501415,0
250.0,-450.0,514.78150704935,24.225069355764077,32.66138373732409,33.454783597283296,28.443226546544082,0
275.0,-450.0,527.3755777432247,23.631742776113793,31.192868015599387,32.06799292478381,27.412305395856592,0
300.0,-450.0,540.8326913195984,23.17702832626282,29.81850932804853,30.57004716361586,26.497768827155674,0
325.0,-450.0,555.0900827793629,22.88244562091942,28.611065644539405,29.190683240284095,25.74675563272941,0
350.0,-450.0,570.087712549569,22.73374018663858,27.523103024234064,28.2794199239195,25.128421605436323,0
375.0,-450.0,585.768725692999,22.76118677155682,26.513670809902887,27.1962033546291,24.637428790729853,0
400.0,-450.0,602.0797289396148,22.960790273356125,26.312639368656754,27.60626062399194,24.63671482100644,0
425.0,-450.0,618.9709201569974,23.330875291798723,27.258744028055915,29.17975652617756,25.294809659927317,0
450.0,-450.0,636.3961030678928,23.9017893766098,28.790341700800003,30.851535510373942,26.3460655387049,0
475.0,-450.0,654.31261641512,24.672769471721523,30.419644639610148,32.62168217905005,27.546207055665835,0
500.0,-450.0,672.6812023536855,25.690476498587667,32.14669726202877,34.4902803697119,28.91858688030822,0
525.0,-450.0,691.4658342969666,26.846824624452616,33.971530625245386,36.45741335901338,30.409177624849,0
550.0,-450.0,710.6335201775947,28.099556718035924,35.894165450626986,38.52316403421165,31.996861084331456,0
575.0,-450.0,730.1540933255117,29.448260112402416,37.91461473435675,40.68761503379834,33.681437423379585,0
600.0,-450.0,750.0,30.89001862318955,39.994380223267065,42.71481420198266,35.44219942322831,0
625.0,-450.0,770.1460900374682,32.42940835788072,42.163562456937775,45.08037412392927,37.29648540740925,0
650.0,-450.0,790.5694150420949,34.063988263492654,44.428575713731895,47.553044168252335,39.246281988612274,0
675.0,-450.0,811.2490369793976,35.781786582112964,46.66878509321257,49.64065131256011,41.22528583766277,0
700.0,-450.0,832.1658488546619,37.596981728946915,49.019275102024174,52.2347683434421,43.30812841548554,0
725.0,-450.0,853.3024082938006,39.508766441732064,51.49954554625417,54.92369886695141,45.504155993993116,0
0.0,-475.0,475.0,35.90198961282282,50.945871804668045,52.453873483572266,43.42393070874543,0
25.0,-475.0,475.6574397610112,34.37316870635598,48.72092538652867,50.18099942168309,41.54704704644233,0
50.0,-475.0,477.62432936357,32.93491655334209,46.69293931897891,48.06611787696762,39.813927936160496,0
75.0,-475.0,480.88460154178364,31.58100827501689,44.70114989924584,45.913821648096935,38.14107908713137,0
100.0,-475.0,485.41219597368996,30.308933886753273,42.76026574838834,43.868099510348074,36.53459981757081,0
125.0,-475.0,491.1720676097125,29.128940060676957,40.971242809567734,41.94829197586454,35.05009143512235,0
150.0,-475.0,498.1214711292819,28.046559136552872,39.244756871259796,40.19123819512482,33.645658003906334,0
175.0,-475.0,506.2114182829147,27.063634401507002,37.53729808487275,38.41994077492616,32.300466243189874,0
200.0,-475.0,515.3882032022076,26.180741339592103,35.91021414900671,36.73320927788108,31.045477744299408,0
225.0,-475.0,525.594901040716,25.403558437923934,34.35387400085057,35.18305658186948,29.87871621938725,0
250.0,-475.0,536.7727638395972,24.727687852165403,32.8502424666276,33.59383985165374,28.7889651593965,0
275.0,-475.0,548.8624600025037,24.160383827036064,31.459325145766318,32.30134181089361,27.809854486401193,0
300.0,-475.0,561.8051263561058,23.724456534803792,30.15710776986171,30.879421598395815,26.94078215233275,0
325.0,-475.0,575.5432216610669,23.441206031936304,28.996156295815915,29.683297368687775,26.21868116387611,0
350.0,-475.0,590.0211860602973,23.296265472390488,27.935795597910484,28.61986429234768,25.616030535150486,0
375.0,-475.0,605.1859218455102,23.320123526863256,26.968321258389352,27.639681787655046,25.144222392626304,0
400.0,-475.0,620.987117418711,23.508335415324545,26.704043138765,27.85439693866234,25.106189277044773,0
425.0,-475.0,637.3774391990981,23.859539261975577,27.531697545611255,29.344848324930297,25.695618403793418,0
450.0,-475.0,654.31261641512,24.40381362241986,28.982851786724787,30.928339578709732,26.693332704572324,0
475.0,-475.0,671.7514421272201,25.139357308844797,30.526479419519738,32.604947250178896,27.83291836418227,0
500.0,-475.0,689.6557112066861,26.110455996121225,32.16262927174168,34.37474714831396,29.13654263393145,0
525.0,-475.0,707.9901129253147,27.21305061779936,33.891337765712095,36.23781451068452,30.552194191755728,0
550.0,-475.0,726.7220926874317,28.404264612610582,35.71263135055457,38.194224151161094,32.058447981582574,0
575.0,-475.0,745.8216945088149,29.68510362859069,37.626528680666794,40.244050585188646,33.65581615462874,0
600.0,-475.0,765.2613932506983,31.054638497231657,39.605016051609255,42.159702275883035,35.32982727442045,0
625.0,-475.0,785.0159234053791,32.51573299116063,41.659727143691654,44.398965295057266,37.08773006742614,0
650.0,-475.0,805.0621094052309,34.064848228289975,43.805179701899085,46.73483549284336,38.93501396509453,0
675.0,-475.0,825.3787009609589,35.697867478454086,45.970388559050264,48.732913638057965,40.834128018752175,0
700.0,-475.0,845.9462157844315,37.41794893936827,48.18914767688291,51.191624905479834,42.80354830812559,0
725.0,-475.0,866.7467911679859,39.2290051340955,50.51626271748187,53.74026544841436,44.87263392578869,0
750.0,-475.0,887.7640452282352,41.13031482513873,53.00854909506646,56.421065045769225,47.0694319601026,0
775.0,-475.0,908.9829481348921,43.11974711081053,55.64024294125662,59.22659941646415,49.379995026033576,0
0.0,-500.0,500.0,35.89458147421027,50.28444339472539,51.80752466762011,43.089512434467835,0
25.0,-500.0,500.62460986251966,34.44214114476888,48.194758063382054,49.57750469924046,41.31844960407547,0
50.0,-500.0,502.4937810560445,33.0759821623171,46.28442382764332,47.585971051854315,39.68020299498021,0
75.0,-500.0,505.5937104039171,31.787373177563804,44.38588708547797,45.5311254568753,38.086630131520884,0
100.0,-500.0,509.9019513592785,30.57518587747636,42.512845968848744,43.62141261581977,36.544015923162554,0
125.0,-500.0,515.3882032022076,29.451902686400988,40.80578780302768,41.820397405479426,35.128845244714334,0
150.0,-500.0,522.0153254455275,28.421199589059164,39.17318329701344,40.07278398090582,33.7971914430363,0
175.0,-500.0,529.7405025104273,27.486565700120806,37.56769840880659,38.313702039254245,32.5271320544637,0
200.0,-500.0,538.5164807134504,26.64450581362516,36.00955942622151,36.77786372636543,31.327032619923333,0
225.0,-500.0,548.2928049865327,25.90216563357604,34.52511803260393,35.305944235745635,30.213641833089984,0
250.0,-500.0,559.0169943749474,25.255605749091178,33.09425143749234,33.823328402358435,29.17492859329176,0
275.0,-500.0,570.6356105256664,24.71294160899511,31.774841280863438,32.58834134338201,28.243891444929275,0
300.0,-500.0,583.09518948453,24.294676753679948,30.5363712487836,31.233867919073838,27.415524001231773,0
325.0,-500.0,596.3430220938282,24.021554084038833,29.415385679769248,30.181952106221623,26.718469881904042,0
350.0,-500.0,610.3277807866851,23.879920401689617,28.391263646215588,29.03794367857843,26.135592023952604,0
375.0,-500.0,625.0,23.90105144013305,27.45368040661374,28.11183063285987,25.677365923373394,0
400.0,-500.0,640.3124237432849,24.078119049406567,27.133774783419486,28.16512976190731,25.605946916413025,0
425.0,-500.0,656.2202374203343,24.412152930106586,27.86404866793563,29.58088926424735,26.13810079902111,0
450.0,-500.0,672.6812023536855,24.931895407622456,29.242846437439425,31.084976277957402,27.08737092253094,0
475.0,-500.0,689.6557112066861,25.636119739812138,30.709416014108857,32.67746038376017,28.1727678769605,0
500.0,-500.0,707.1067811865476,26.565988838133418,32.26380839804195,34.35841046765148,29.414898618087683,0
525.0,-500.0,725.0,27.61854613130823,33.90606333943501,36.12789485888667,30.762304735371618,0
550.0,-500.0,743.3034373659252,28.753851061295535,35.636211251976086,37.98598145414631,32.19503115663581,0
575.0,-500.0,761.9875327064085,29.974343699695126,37.454274990451275,39.932737826206605,33.714309345073204,0
600.0,-500.0,781.0249675906655,31.27989180644809,39.33990184207928,41.74889665677043,35.30989682426369,0
625.0,-500.0,800.3905296791061,32.67081363565929,41.2916516939591,43.87470702291562,36.9812326648092,0
650.0,-500.0,820.0609733428363,34.14332502315326,43.32956275234091,46.09074758674922,38.736443887747086,0
675.0,-500.0,840.0148808205721,35.699986308994006,45.422424450102795,48.13112256525565,40.5612053795484,0
700.0,-500.0,860.2325267042627,37.33480513785194,47.52443712191257,50.338836529110615,42.42962112988225,0
725.0,-500.0,880.6957476904269,39.05507176462277,49.7288312056045,52.761078372822595,44.39195148511364,0
750.0,-500.0,901.3878188659974,40.86022089087272,52.07479998220734,55.28496064049403,46.467510436540024,0
775.0,-500.0,922.2933372848358,42.749644502847225,54.56688826327322,57.94690302376252,48.65826638306022,0
800.0,-500.0,943.3981132056604,44.72136578453956,57.15645269531886,60.701267605313355,50.93890923992921,0
825.0,-500.0,964.6890690787369,46.769721913100085,59.76492714994767,63.393688384747676,53.267324531523876,0
0.0,-525.0,525.0,35.96153433176233,49.757962988678,51.25519820199091,42.85974866022016,0
25.0,-525.0,525.594901040716,34.578000533531906,47.79449514834803,49.10718545778099,41.18624784093997,0
50.0,-525.0,527.3755777432247,33.276331265493496,45.984780119336264,47.2313342452638,39.63055569241488,0
75.0,-525.0,530.3300858899106,32.04711319040517,44.172600529253046,45.309520556398624,38.10985685982911,0
100.0,-525.0,534.4389581607987,30.88944293211014,42.367063781504434,43.37812377887822,36.628253356807285,0
125.0,-525.0,539.6758286230726,29.817492244714778,40.72144163079158,41.692269984306535,35.26946693775318,0
150.0,-525.0,546.0082416960389,28.834295513990345,39.17827549488535,40.04413582010178,34.00628550443785,0
175.0,-525.0,553.3985905294663,27.941762879173343,37.651574624582985,38.46472273455667,32.796668751878165,0
200.0,-525.0,561.8051263561058,27.13711541940307,36.17034601132853,36.94312139857864,31.653730715365803,0
225.0,-525.0,571.1829829397931,26.42592815712617,34.7513012712551,35.49116297687038,30.588614714190633,0
250.0,-525.0,581.4851674806504,25.80726242031492,33.385824404534034,34.10654572899691,29.596543412424477,0
275.0,-525.0,592.663479556485,25.28661580286062,32.12988020852288,32.7400176145217,28.70824800569175,0
300.0,-525.0,604.6693311223912,24.885041163843464,30.950536347238867,31.627486963916358,27.917788755541167,0
325.0,-525.0,617.4544517614235,24.620833391087956,29.863130266059176,30.582212801324978,27.241981828573564,0
350.0,-525.0,630.9714732061981,24.482578208965684,28.87455836607994,29.486977499570905,26.67856828752281,0
375.0,-525.0,645.174395028197,24.501370798950575,27.978377697232567,28.60481033365259,26.23987424809157,0
400.0,-525.0,660.0189391222043,24.668549293272434,27.609428281733283,28.52949126641481,26.13898878750286,0
425.0,-525.0,675.4628043053148,24.986723427899147,28.24734459180689,29.8777114196297,26.61703400985302,0
450.0,-525.0,691.4658342969666,25.482905335157056,29.560707191313373,31.310000940326006,27.521806263235213,0
475.0,-525.0,707.9901129253147,26.157541348714886,30.957594648142194,32.82642332529911,28.55756799842854,0
500.0,-525.0,725.0,27.050785418424105,32.438058461154235,34.42704143575475,29.74442193978917,0
525.0,-525.0,742.4621202458749,28.05738099595744,34.00214010650596,36.11191760710978,31.029760551231703,0
550.0,-525.0,760.3453162872775,29.143069881194002,35.649872511949226,37.88111375118126,32.39647119657161,0
575.0,-525.0,778.6205751198719,30.310095338758643,37.38128147870204,39.73469144839378,33.84568840873034,0
600.0,-525.0,797.2609359550987,31.557878866165535,39.181257125736835,41.46156257407898,35.369567995951186,0
625.0,-525.0,816.2413858657254,32.8845997087809,41.039904216760384,43.48490043640601,36.96225196277064,0
650.0,-525.0,835.5387483534201,34.288576654150425,42.98056912348414,45.594034060419176,38.63457288881728,0
675.0,-525.0,855.1315688243535,35.77538495609362,44.99705765137747,47.78907021057054,40.38622130373554,0
700.0,-525.0,875.0,37.33393534552294,47.00147653168561,49.64937033088197,42.16770593860427,0
725.0,-525.0,895.1256894984078,38.97205889016463,49.10070051816322,51.95713910177663,44.03637970416393,0
750.0,-525.0,915.4916711800278,40.69060163797863,51.31972280091079,54.346376688384865,46.00516221944471,0
775.0,-525.0,936.0822613424527,42.489646858137775,53.67926514246262,56.87566845302716,48.08445600030019,0
800.0,-525.0,956.8829604502318,44.36740797090967,56.144319870682914,59.4958365946204,50.25586392079629,0
825.0,-525.0,977.8803607803973,46.32207197953959,58.68040894689584,62.15906070041852,52.50124046321771,0
850.0,-525.0,999.0620601344043,48.33849649403176,61.17292291314137,64.71682035685924,54.75570970358656,0
0.0,-550.0,550.0,36.09206824277295,49.36734840141906,50.80262247000237,42.729708322096,0
25.0,-550.0,550.567888638631,34.77113746383321,47.49922687120775,48.751926520495424,41.13518216752048,0
50.0,-550.0,552.268050859363,33.52798765514177,45.77314740934803,46.96254945085343,39.6505675322449,0
75.0,-550.0,555.0900827793629,32.3520352469211,44.029417996881335,45.13637239147602,38.19072662190122,0
100.0,-550.0,559.0169943749474,31.24573148009948,42.303006634592876,43.250555994532355,36.77436905734618,0
125.0,-550.0,564.0257086339238,30.219971374694985,40.7313133843303,41.64976491747233,35.47564237951264,0
150.0,-550.0,570.087712549569,29.279702177739622,39.24959885718729,40.11114088718249,34.26465051746345,0
175.0,-550.0,577.1698190307598,28.42398820283696,37.78476679420425,38.56830631269861,33.104377498520606,0
200.0,-550.0,585.2349955359813,27.654107947891347,36.374706731408374,37.076314636967446,32.014407339649864,0
225.0,-550.0,594.2432162002357,26.973148900563608,35.02526668724263,35.73433319765409,30.999207793903118,0
250.0,-550.0,604.1522986797286,26.380024083517107,33.72022317146993,34.43491340826264,30.05012362749352,0
275.0,-550.0,614.9186938124421,25.879349565912836,32.51942407739466,33.13308178584159,29.199386821653746,0
300.0,-550.0,626.4982043070834,25.49329452033185,31.39605315751678,32.05548417890161,28.444673838924317,0
325.0,-550.0,638.8466169590318,25.23734647744911,30.343952325568885,31.0146618475772,27.790649401508997,0
350.0,-550.0,651.9202405202649,25.102205072456155,29.38240212423323,29.963623797061036,27.24230359834469,0
375.0,-550.0,665.6763477847173,25.117984869203838,28.514986797116244,29.00670937957642,26.81648583316004,0
400.0,-550.0,680.0735254367721,25.277393270718676,28.117947386593666,28.94014910822854,26.697670328656173,0
425.0,-550.0,695.0719387228922,25.581240485153444,28.67467068324776,30.227001727910494,27.127955584200603,0
450.0,-550.0,710.6335201775947,26.05579369259069,29.92856746951959,31.59405720004425,27.992180581055138,0
475.0,-550.0,726.7220926874317,26.703178922170327,31.26213466836772,33.04137367274069,28.982656795269023,0
500.0,-550.0,743.3034373659252,27.56106539998035,32.67542306511993,34.569008723186485,30.11824423255014,0
525.0,-550.0,760.3453162872775,28.527005816787394,34.168474636810565,36.17701944328751,31.34774022679898,0
550.0,-550.0,777.8174593052023,29.56826922991173,35.74132366456291,37.865462522184814,32.654796447237324,0
575.0,-550.0,795.6915231419774,30.686650956562794,37.39399784982145,39.634394322999576,34.04032440319212,0
600.0,-550.0,813.9410298049853,31.881808518934328,39.114543346220856,41.28069221371939,35.498175932577595,0
625.0,-550.0,832.5412902673356,33.14901736845338,40.888595596994975,43.211017587453476,37.01880648272417,0
650.0,-550.0,851.46931829632,34.49175736053228,42.74089986695973,45.223119182638634,38.616328613746006,0
675.0,-550.0,870.7037383633999,35.913655272350525,44.671466257685815,47.33206811188478,40.292560765018166,0
700.0,-550.0,890.2246907382428,37.40343380112584,46.60090992509857,49.10108075450995,42.00217186311221,0
725.0,-550.0,910.0137361600648,38.96786513467717,48.604561263315695,51.30469054633324,43.786213198996435,0
750.0,-550.0,930.0537618869137,40.60775599693784,50.71070101537067,53.58613615826219,45.65922850615425,0
775.0,-550.0,950.3288904374107,42.32480791495077,52.95178145640685,55.98399902802296,47.63829468567881,0
800.0,-550.0,970.8243919473799,44.11742896520808,55.30371928540838,58.48248827718825,49.71057412530823,0
825.0,-550.0,991.526600752597,45.9829748259082,57.737556881881474,61.064706160718806,51.86026585389484,0
0.0,-575.0,575.0,36.27869535833767,49.086102924239405,50.45888336768513,42.68239914128854,0
25.0,-575.0,575.5432216610669,35.014717885286586,47.293822637779414,48.49678379389006,41.154270261533,0
50.0,-575.0,577.1698190307598,33.82400551932261,45.639401730942986,46.76785967330679,39.731703625132795,0
75.0,-575.0,579.8706752371601,32.697363275421296,43.96528889915142,45.034801919027046,38.33132608728636,0
100.0,-575.0,583.6308764964376,31.637363673171933,42.31375140907591,43.24159144043972,36.97555754112392,0
125.0,-575.0,588.430114796991,30.65380153773477,40.807085153623184,41.681502916415056,35.73044334567898,0
150.0,-575.0,594.2432162002357,29.752618780645882,39.375794228421775,40.20799669232462,34.56420650453383,0
175.0,-575.0,601.0407640085654,28.932146461104104,37.96905759437708,38.71875710887257,33.45060202774059,0
200.0,-575.0,608.789783094296,28.192892216929092,36.61743866353895,37.31002907118616,32.40516544023402,0
225.0,-575.0,617.4544517614235,27.54089673017216,35.33876889584668,36.03246372438794,31.439832813009417,0
250.0,-575.0,626.9968101992226,26.971536557233964,34.099248655795996,34.80287761105651,30.535392606514982,0
275.0,-575.0,637.3774391990981,26.48916846734274,32.94001196689353,33.56030160950475,29.714590217118136,0
300.0,-575.0,648.5560885536423,26.11754876344365,31.870009185297732,32.51390881424436,28.99377897437069,0
325.0,-575.0,660.4922406811453,25.869262313389854,30.85039165495416,31.475804530034235,28.359826984172006,0
350.0,-575.0,673.145600891813,25.737070039141756,29.914325625953374,30.465082155814084,27.825697832547565,0
375.0,-575.0,686.476510887299,25.7501123300407,29.069832490544936,29.53112550582814,27.409972410292816,0
400.0,-575.0,700.446286306095,25.90262452572585,28.65415427227395,29.391049785345658,27.2783893989999,0
425.0,-575.0,715.0174823037546,26.193213864780393,29.140710418493903,30.621897421902975,27.66696214163715,0
450.0,-575.0,730.1540933255117,26.648310546111837,30.339930284048176,31.929421421254624,28.494120415080005,0
475.0,-575.0,745.8216945088149,27.270535280995485,31.615702690694086,33.31367520125738,29.443118985844784,0
500.0,-575.0,761.9875327064085,28.096100932723914,32.96768132312067,34.77471167419853,30.531891127922293,0
525.0,-575.0,778.6205751198719,29.024653972294225,34.39590774892054,36.31258331226176,31.710280860607384,0
550.0,-575.0,795.6915231419774,30.02520788412594,35.90041669754125,37.927342212966714,32.9628122908336,0
575.0,-575.0,813.1727983645296,31.099104914994943,37.481236920397315,39.61904016194622,34.29017091769613,0
600.0,-575.0,831.0385069297331,32.245375909658556,39.12775729514959,41.192264675253575,35.68656660240407,0
625.0,-575.0,849.2643875731515,33.45856721840603,40.824607490040634,43.03778558133831,37.14158735422333,0
650.0,-575.0,867.8277478854891,34.74557286950116,42.596272501193184,44.96142249275827,38.67092268534717,0
675.0,-575.0,886.70739254841,36.107446431964846,44.4427641977775,46.97689681694926,40.27510531487117,0
700.0,-575.0,905.883546599672,37.53463931317843,46.30675381019564,48.67565288426229,41.92069656168704,0
725.0,-575.0,925.3377761660873,39.03180770374937,48.22317480200002,50.784084072131556,43.62749125287469,0
750.0,-575.0,945.05290857179,40.600054831682684,50.22865110884289,52.96702808540349,45.41435297026278,0
775.0,-575.0,965.0129532809391,42.24271082621153,52.36336050765878,55.248102905773614,47.30303566693516,0
800.0,-575.0,985.2030247619016,43.95781968950524,54.61250367294543,57.63575814972214,49.28516168122533,0
0.0,-600.0,600.0,36.51345004831113,48.89382561456758,50.21044979155405,42.70363783143935,0
25.0,-600.0,600.5206074732157,35.301418055274496,47.16485862411546,48.32932535322344,41.233138339694975,0
50.0,-600.0,602.0797289396148,34.15763287213384,45.56659164348296,46.65435509061375,39.8621122578084,0
75.0,-600.0,604.6693311223912,33.07833179603926,43.97144189605563,45.010951005539944,38.524886846047444,0
100.0,-600.0,608.276253029822,32.06103173021958,42.391445893876885,43.29965555151651,37.22623881204824,0
125.0,-600.0,612.8825336065631,31.11630331147599,40.93646002407518,41.778100576921744,36.02638166777558,0
150.0,-600.0,618.4658438426491,30.2505187693302,39.56087029181342,40.381724931638864,34.90569453057181,0
175.0,-600.0,625.0,29.463303721470837,38.20330803294915,38.9634722402272,33.833305877209995,0
200.0,-600.0,632.4555320336759,28.752200574171034,36.9013000951291,37.590139893323276,32.82675033465007,0
225.0,-600.0,640.8002808988149,28.124507753989775,35.66276359868112,36.344770540509415,31.893635676335446,0
250.0,-600.0,650.0,27.578989671975005,34.503590946714574,35.183123840923685,31.041290309344788,0
275.0,-600.0,660.0189391222043,27.114307632103145,33.388287086910196,34.01619909867009,30.251297359506673,0
300.0,-600.0,670.820393249937,26.755873877891627,32.36567315266214,32.92620780366023,29.560773515276885,0
325.0,-600.0,682.367203197809,26.515052543579664,31.380664744937267,31.96270585571724,28.947858644258467,0
350.0,-600.0,694.6221994724903,26.385692013958852,30.472923752182986,30.98897495442435,28.42930788307092,0
375.0,-600.0,707.5485849042453,26.396276343720025,29.64424838178966,30.09763993437492,28.020262362754842,0
400.0,-600.0,721.1102550927978,26.54160186910611,29.20719795479417,29.877151425459875,27.874399911950142,0
425.0,-600.0,735.2720584926371,26.821121670452264,29.644275764833893,31.05668292767217,28.23269871764308,0
450.0,-600.0,750.0,27.258433429976556,30.789381912187604,32.30966139931355,29.02390767108208,0
475.0,-600.0,765.2613932506983,27.857487696179014,32.012189100011646,33.63613605387642,29.93483839809533,0
500.0,-600.0,781.0249675906655,28.65321955298273,33.30798502860655,35.03615566221628,30.980602290794643,0
525.0,-600.0,797.2609359550987,29.54723909368301,34.676810201565544,36.50976860151451,32.11202464762428,0
550.0,-600.0,813.9410298049853,30.51031936987932,36.11869910930392,38.05702290624933,33.314509239591615,0
575.0,-600.0,831.0385069297331,31.54334581915478,37.633680878830035,39.677966318712976,34.58851334899241,0
600.0,-600.0,848.5281374238571,32.64263984943227,39.21090151415319,41.18461787768248,35.92677068179273,0
625.0,-600.0,866.3861725581728,33.80795257669002,40.83701365125743,42.952501868121274,37.322483113973725,0
650.0,-600.0,884.5903006477066,35.04371614685286,42.53479111840395,44.79515490121711,38.7892536326284,0
675.0,-600.0,903.1195934094221,36.34985823291982,44.30424714094671,46.7258096840812,40.327052686933264,0
700.0,-600.0,921.9544457292888,37.72025739230693,46.10569357147979,48.35780854621437,41.912975481893355,0
725.0,-600.0,941.0765112359356,39.15503067341176,47.942180746052315,50.37892820976027,43.54860570973204,0
750.0,-600.0,960.4686356149273,40.6583702912999,49.85767675440218,52.4715096616004,45.25802352285104,0
775.0,-600.0,980.114789195633,42.23304320808123,51.896592592314136,54.64821361105817,47.06481790019768,0
800.0,-600.0,1000.0,43.87688277462203,54.05170821032822,56.934492288482005,48.96429549247513,0
0.0,-625.0,625.0,36.791422153184875,48.779851609415005,50.04597117895609,42.785636881299936,0
25.0,-625.0,625.4998001598402,35.62712258885027,47.10315162586304,48.254173264731826,41.36513710735666,0
50.0,-625.0,626.9968101992226,34.52645915651471,45.5561516376395,46.618694572896906,40.04130539707711,0
75.0,-625.0,629.4839156007085,33.49132828531032,44.047093256333916,45.055293041472325,38.76921077082211,0
100.0,-625.0,632.9494450586081,32.513210588056396,42.53000646873761,43.47474488684896,37.521608528397,0
125.0,-625.0,637.3774391990981,31.604229418676304,41.11635696156478,41.9317507848444,36.360293190120544,0
150.0,-625.0,642.7480066091221,30.77116034404515,39.79107505271769,40.58191225268499,35.28111769838142,0
175.0,-625.0,649.0377492873585,30.014332813034535,38.49298761768972,39.224790356966736,34.25366021536213,0
200.0,-625.0,656.2202374203343,29.329841744663987,37.22232546857032,37.917057825302294,33.27608360661715,0
225.0,-625.0,664.2665127793211,28.724625925063435,36.023255160751276,36.709626664160304,32.373940542907356,0
250.0,-625.0,673.145600891813,28.19814439280451,34.904006343657876,35.49076094442198,31.551075368231196,0
275.0,-625.0,682.8250141873832,27.75306366597298,33.86301670987253,34.480224161739066,30.808040187922757,0
300.0,-625.0,693.2712311931024,27.406273249536127,32.874573013589426,33.444876181207086,30.140423131562777,0
325.0,-625.0,704.4501401802686,27.173393335751022,31.930928903996907,32.480984018696,29.552161119873965,0
350.0,-625.0,716.3274390947201,27.04673895649468,31.048952323415634,31.550163590698727,29.047845639955156,0
375.0,-625.0,728.8689868556626,27.055131349967695,30.243604724568474,30.706092944988004,28.649368037268083,0
400.0,-625.0,742.0411039827915,27.194027303981436,29.789520945667174,30.394220891402444,28.491774124824303,0
425.0,-625.0,755.8108228915487,27.46258639933766,30.175454763428487,31.526559730144925,28.81902058138307,0
450.0,-625.0,770.1460900374682,27.884403084598482,31.272374576219008,32.729377238720645,29.578388830408745,0
475.0,-625.0,785.0159234053791,28.46208763480963,32.446462482348615,34.00271887754817,30.45427505857912,0
500.0,-625.0,800.3905296791061,29.229860382226548,33.69058319434956,35.34662972306788,31.460221788288052,0
525.0,-625.0,816.2413858657254,30.092132535900923,35.00477570039125,36.761154503442704,32.54845411814608,0
550.0,-625.0,832.5412902673356,31.020577488884584,36.38907374491086,38.24633763750938,33.70482561689772,0
575.0,-625.0,849.2643875731515,32.01459014815383,37.84350630854684,39.80222327477987,34.92904822835034,0
600.0,-625.0,866.3861725581728,33.07124705391564,39.35558205126661,41.24797254638978,36.213414552591125,0
625.0,-625.0,883.8834764831844,34.19231635496667,40.916640398688386,42.94451537802358,37.55447837682753,0
650.0,-625.0,901.7344398435716,35.38023528074446,42.5464679261173,44.71275502475611,38.96335160343088,0
675.0,-625.0,919.9184746487049,36.635558033319924,44.245200472929895,46.56610317584778,40.44037925312491,0
700.0,-625.0,938.416218956173,37.95392684487065,45.986548881374965,48.189595517572016,41.970237863122804,0
725.0,-625.0,957.2094859538323,39.33060651031717,47.749520489285786,50.07544060607005,43.54006349980148,0
750.0,-625.0,976.2812094883318,40.77495246515611,49.5844303138061,52.08482987135618,45.17969138948111,0
775.0,-625.0,995.6153875869938,42.287168841638035,51.53923543493045,54.16777335327238,46.91320213828424,0
0.0,-650.0,650.0,37.10777923618442,48.73519232106742,49.95585819357584,42.92148577862592,0
25.0,-650.0,650.4805915628843,35.98655452122621,47.10102840015596,48.29453357335775,41.54379146069108,0
50.0,-650.0,651.9202405202649,34.92662125987003,45.60177353529251,46.64959765247923,40.26419739758127,0
75.0,-650.0,654.31261641512,33.9318175165736,44.16847794039025,45.14903776390732,39.050147728481925,0
100.0,-650.0,657.6473218982952,32.990695844158424,42.7207437954267,43.65488166733788,37.85571981979256,0
125.0,-650.0,661.9101147436863,32.114830200942556,41.3487905854192,42.15581781383942,36.73181039318088,0
150.0,-650.0,667.0832032063167,31.311361014590744,40.05225699336747,40.84855723275217,35.68180900397911,0
175.0,-650.0,673.145600891813,30.581880922514706,38.803818078370945,39.47099874722254,34.692849500442826,0
200.0,-650.0,680.0735254367721,29.923946111119463,37.601259160599525,38.299110588844066,33.762602635859494,0
225.0,-650.0,687.8408246098802,29.33960715338491,36.42192647649865,37.10740668833384,32.88076681494178,0
250.0,-650.0,696.419413859206,28.830690028917523,35.32900187602925,35.93250428003297,32.07984595247339,0
275.0,-650.0,705.7797106746552,28.400765290464168,34.333938357214976,34.84382443742836,31.36735182383957,0
300.0,-650.0,715.8910531638177,28.067405431423072,33.393304845327194,33.927151109487966,30.73035513837513,0
325.0,-650.0,726.7220926874317,27.84304993149683,32.498555532196285,33.033253925039226,30.170802731846557,0
350.0,-650.0,738.24115301167,27.71907193951007,31.6407823124876,32.14809600708926,29.679927125998837,0
375.0,-650.0,750.4165509901817,27.725508802552625,30.860058758382692,31.32876572410784,29.29278378046766,0
400.0,-650.0,763.2168761236874,27.85828692060067,30.395317888254983,30.938677839886886,29.126802404427828,0
425.0,-650.0,776.6112283504533,28.1166408138303,30.736229353427788,32.027469504626666,29.426435083629045,0
450.0,-650.0,790.5694150420949,28.523950613383732,31.78505948127182,33.18400221580493,30.154505047327774,0
475.0,-650.0,805.0621094052309,29.082521300246572,32.91418094414503,34.40831807098727,30.9983511221958,0
500.0,-650.0,820.0609733428363,29.82421571444231,34.110610379653984,35.700458837178424,31.967413047048147,0
525.0,-650.0,835.5387483534201,30.657077710421234,35.37438496723909,37.06046597603196,33.015731338830165,0
550.0,-650.0,851.46931829632,31.553229625080455,36.705537344646146,38.488380672984064,34.1293834848633,0
575.0,-650.0,867.8277478854891,32.50946856286929,38.10409595275638,39.984243868397016,35.306782257812834,0
600.0,-650.0,884.5903006477066,33.527343915520454,39.554699239272544,41.3740669898757,36.5410215773965,0
625.0,-650.0,901.7344398435716,34.60717451990074,41.05572870272523,43.004828457713586,37.831451611312986,0
650.0,-650.0,919.2388155425118,35.75186220087236,42.622855400173684,44.70502579096367,39.18735880052302,0
675.0,-650.0,937.0832406995656,36.96021698674559,44.25647413551412,46.48706058257882,40.60834556112985,0
700.0,-650.0,955.24865872714,38.22859270447983,45.939862598973775,48.15904130815844,42.084227651726806,0
725.0,-650.0,973.7171047075224,39.55315651582838,47.634993895794715,49.861948773460604,43.59407520581155,0
750.0,-650.0,992.4716620639604,40.943181679903056,49.39762186355283,51.794495394610884,45.17040177172794,0
0.0,-675.0,675.0,37.45833112226481,48.75193137908805,49.931955630394334,43.10513125067643,0
25.0,-675.0,675.4628043053148,36.376623866672645,47.15619576213161,48.29241713734541,41.766409814402124,0
50.0,-675.0,676.8493185340442,35.35475183259349,45.697289343369405,46.73956830374541,40.52602058798145,0
75.0,-675.0,679.1538853603063,34.39558796748678,44.31759988800002,45.179554461731584,39.356593927743404,0
100.0,-675.0,682.367203197809,33.490887748508776,42.957250192499735,43.84819181308948,38.224068970504256,0
125.0,-675.0,686.476510887299,32.64575925523438,41.61931667639954,42.38832555192241,37.132537965816965,0
150.0,-675.0,691.4658342969666,31.869716038141156,40.358647519293456,41.130179641901385,36.11418177871731,0
175.0,-675.0,697.3162840490677,31.165853341615875,39.14632112555916,39.83267188033179,35.15608723358752,0
200.0,-675.0,704.0063920164362,30.53140215314914,37.99995626524733,38.659465571076765,34.26567920919823,0
225.0,-675.0,711.5124735378854,29.968032803771997,36.873693286626825,37.53475128204895,33.42086304519941,0
250.0,-675.0,719.8090024443984,29.475458137310348,35.78687607033903,36.41138598463674,32.63116710382469,0
275.0,-675.0,728.8689868556626,29.058908020846392,34.81663170220003,35.365377061781224,31.937769861523208,0
300.0,-675.0,738.6643351347078,28.73691172990317,33.910905354494375,34.490552880604085,31.323908542198772,0
325.0,-675.0,749.1662031885849,28.519486008761113,33.04720434961294,33.55471737175181,30.783345179187027,0
350.0,-675.0,760.3453162872775,28.40118326350388,32.245138251783914,32.73615443723574,30.323160757643898,0
375.0,-675.0,772.172260574025,28.40638100205686,31.48948438610009,31.965373825803017,29.947932694078474,0
400.0,-675.0,784.6177413237608,28.53322926015794,31.015224682622847,31.507473527524255,29.77422697139039,0
425.0,-675.0,797.6528066771908,28.782528793559855,31.320866405667488,32.55595666539511,30.05169759961367,0
450.0,-675.0,811.2490369793976,29.17522308109899,32.32415710398587,33.669648028418955,30.74969009254243,0
475.0,-675.0,825.3787009609589,29.71637844673317,33.41164552123956,34.8485866908618,31.56401198398637,0
500.0,-675.0,840.0148808205721,30.434681334092616,34.56392222276231,36.09281144424037,32.499301778427466,0
525.0,-675.0,855.1315688243535,31.24012358725401,35.781022406721554,37.40236081435501,33.51057299698778,0
550.0,-675.0,870.7037383633999,32.10291982423182,37.06297735972488,38.77727308251811,34.58294859197835,0
575.0,-675.0,886.70739254841,33.025643936793045,38.40981469564128,40.217586309354175,35.71772931621716,0
600.0,-675.0,903.1195934094221,34.007931521803286,39.80220734539261,41.55587370865384,36.905069433597944,0
625.0,-675.0,919.9184746487049,35.05025563326329,41.24767152053792,43.125788023290966,38.148963576900606,0
650.0,-675.0,937.0832406995656,36.15445778708137,42.75676033546393,44.764540438821015,39.45560906127265,0
675.0,-675.0,954.5941546018391,37.31931028216633,44.330128581858425,46.47957823076771,40.82471943201237,0
700.0,-675.0,972.4325169388362,38.54054860499592,45.957581120541306,48.14703891318757,42.24906486276861,0
725.0,-675.0,990.5806378079475,39.817597958006125,47.58991459921411,49.728501247169014,43.703756278610115,0
0.0,-700.0,700.0,37.839192133263055,48.82050608555378,49.996682738945395,43.329849109408414,0
25.0,-700.0,700.446286306095,36.79444833990115,47.27306793959953,48.350455168205386,42.03375813975034,0
50.0,-700.0,701.78344238091,35.80796734439588,45.837432487167334,46.8822280781227,40.822699915781605,0
75.0,-700.0,704.0063920164362,34.88171824141499,44.50624121036191,45.33794908064299,39.69397972588845,0
100.0,-700.0,707.1067811865476,34.01160382137073,43.23297509207146,44.08601420086697,38.62228945672109,0
125.0,-700.0,711.0731326663946,33.19499992421776,41.931920736844006,42.67442791031618,37.56346033053089,0
150.0,-700.0,715.8910531638177,32.444589417416225,40.70113589079049,41.44946242043909,36.57286265410336,0
175.0,-700.0,721.5434844830907,31.764677689304516,39.522265209895295,40.226660566067864,35.64347144959991,0
200.0,-700.0,728.0109889280518,31.151073149396098,38.41303875856215,39.07939445551013,34.782055953979125,0
225.0,-700.0,735.2720584926371,30.607987672066436,37.34804045505504,37.99631641584721,33.978014063560735,0
250.0,-700.0,743.3034373659252,30.131351275088626,36.3030971155604,36.92308150016925,33.21722419532451,0
275.0,-700.0,752.0804478245661,29.727317276824525,35.33485396729106,35.90650866366144,32.531085622057795,0
300.0,-700.0,761.5773105863908,29.414935770256232,34.446187463338184,35.03529071942888,31.930561616797206,0
325.0,-700.0,771.7674520216566,29.204253596541065,33.60168065837922,34.14134001069264,31.402967127460144,0
350.0,-700.0,782.6237921249264,29.089266762097587,32.83034234359739,33.28556327547874,30.959804552847487,0
375.0,-700.0,794.1190087134296,29.09437286920856,32.10625124818981,32.55848170474968,30.60031205869918,0
400.0,-700.0,806.2257748298549,29.216906426868924,31.638812026703583,32.09799565440165,30.427859226786254,0
425.0,-700.0,818.91696770796,29.458780060738206,31.922283936435946,33.109060449872715,30.690531998587076,0
450.0,-700.0,832.1658488546619,29.8382636786744,32.88685538101811,34.18298330379932,31.362559529846255,0
475.0,-700.0,845.9462157844315,30.362450496920328,33.935685117792474,35.31980056418514,32.1490678073564,0
500.0,-700.0,860.2325267042627,31.05890430500502,35.04696634178431,36.51954833851857,33.052935323394664,0
525.0,-700.0,875.0,31.835609939075447,36.220732187809936,37.78226250452304,34.02817106344269,0
550.0,-700.0,890.2246907382428,32.66952090370564,37.45701243770137,39.1079787251062,35.063266670703506,0
575.0,-700.0,905.883546599672,33.56212478080178,38.755833677045366,40.49673246615589,36.15897922892357,0
600.0,-700.0,921.9544457292888,34.511184100173736,40.09292584816703,41.78737721699997,37.30205497417038,0
625.0,-700.0,938.416218956173,35.518749192294564,41.486807537987225,43.30084344328308,38.5027783651409,0
650.0,-700.0,955.24865872714,36.58443668206712,42.94220017271491,44.88293519660936,39.76331842739101,0
675.0,-700.0,972.4325169388362,37.70768189869507,44.45947438521481,46.53587300978544,41.083578141954945,0
700.0,-700.0,989.9494936611666,38.88659096624219,46.03280330440159,48.15158247250958,42.45969713532189,0
0.0,-725.0,725.0,38.246933957792415,48.93385492391288,50.05583937119934,43.59039444085265,0
25.0,-725.0,725.4309064273455,37.237251865694645,47.43656930258771,48.49334476570067,42.33691058414118,0
50.0,-725.0,726.7220926874317,36.28378273858931,46.0257968424908,47.07211460717814,41.15478979054005,0
75.0,-725.0,728.8689868556626,35.38814656966902,44.73371406340613,45.5808025852299,40.06093031653758,0
100.0,-725.0,731.8640584152223,34.549289687948814,43.5283438589422,44.36382004931142,39.038816773445504,0
125.0,-725.0,735.6969484781081,33.76080746794953,42.28287535721623,43.02002161543615,38.02184141258288,0
150.0,-725.0,740.3546447480423,33.03443269053514,41.077251833912555,41.802659275951875,37.05584226222385,0
175.0,-725.0,745.8216945088149,32.376987375003495,39.93808165534428,40.64978401844153,36.157534515173886,0
200.0,-725.0,752.0804478245661,31.782924451039335,38.85154694540026,39.52599179211804,35.3172356982198,0
225.0,-725.0,759.1113225344488,31.2569511282737,37.823157995477004,38.467015074651904,34.54005456187535,0
250.0,-725.0,766.8930825088984,30.79685890976416,36.83431252981145,37.44860625235172,33.815585719787805,0
275.0,-725.0,775.4031209635411,30.405118486776328,35.89478013555124,36.471480282668324,33.14994931116378,0
300.0,-725.0,784.6177413237608,30.1013283305021,35.01879955989831,35.59153528859248,32.560063945200206,0
325.0,-725.0,794.5124291035352,29.897186698072524,34.192857546910915,34.70733554665484,32.045022122491716,0
350.0,-725.0,805.0621094052309,29.78492646280062,33.42572341864954,33.928574750844284,31.60532494072508,0
375.0,-725.0,816.2413858657254,29.790173458310868,32.72623929809413,33.21977963142231,31.258206378202498,0
400.0,-725.0,828.0247580839597,29.907651048723377,32.26504940638165,32.70799294419859,31.086350227552515,0
425.0,-725.0,840.3868156985806,30.141631385176552,32.53927622616354,33.684229389905354,31.340453805670045,0
450.0,-725.0,853.3024082938006,30.50883424584633,33.470729034804236,34.72113731412566,31.989781640325283,0
475.0,-725.0,866.7467911679859,31.017245997193676,34.48356533618041,35.818750599620586,32.750405666687044,0
500.0,-725.0,880.6957476904269,31.69319336874677,35.556680039484135,36.97710292556218,33.624936704115456,0
525.0,-725.0,895.1256894984078,32.44492193129969,36.69010420045238,38.19622777352839,34.567513065876035,0
550.0,-725.0,910.0137361600648,33.25273724855481,37.88386601219746,39.47615843752874,35.56830163037613,0
575.0,-725.0,925.3377761660873,34.11695832087578,39.135699688804465,40.74360930280246,36.62632900484012,0
600.0,-725.0,941.0765112359356,35.034985808228726,40.4223898588911,42.063398189284754,37.72868783355992,0
625.0,-725.0,957.2094859538323,36.00919564174522,41.768257683114335,43.524354916932545,38.888726662429775,0
650.0,-725.0,973.7171047075224,37.03860618882393,43.17379273554849,45.05403444516164,40.10619946218621,0
675.0,-725.0,990.5806378079475,38.12385566945188,44.6439608784753,46.64925130172749,41.383908273963584,0
0.0,-750.0,750.0,38.679631378929045,49.096692153539664,50.198908292507,43.888161766234354,0
25.0,-750.0,750.4165509901817,37.70263010692167,47.64233438962154,48.68053713220612,42.672482248271606,0
50.0,-750.0,751.6648189186454,36.78004358326943,46.26916957069332,47.304521837624456,41.52460657698138,0
75.0,-750.0,753.7406715840667,35.91296004740415,44.99359414995006,45.86240927661088,40.453277098677106,0
100.0,-750.0,756.6372975210778,35.10184024322989,43.83618050155544,44.664337209039566,39.46901037239266,0
125.0,-750.0,760.3453162872775,34.34166315155605,42.66607328075475,43.41380959836079,38.5038682161554,0
150.0,-750.0,764.8529270389178,33.63789527314026,41.48563989735422,42.18653593330361,37.56176758524724,0
175.0,-750.0,770.1460900374682,33.000920968765165,40.37637746639141,40.986909275135034,36.68864921757829,0
200.0,-750.0,776.2087348130012,32.42574616388764,39.32677005289034,39.94853988226067,35.87625810838899,0
225.0,-750.0,783.0229881682912,31.915531069150347,38.31473162831489,38.91064736598843,35.11513134873262,0
250.0,-750.0,790.5694150420949,31.46943946872664,37.36193635633649,37.93814108803528,34.41568791253157,0
275.0,-750.0,798.8272654335228,31.0908247654058,36.47040122408883,37.04107213061619,33.780612994747315,0
300.0,-750.0,807.7747210701756,30.79587985284897,35.61383021769043,36.16448936661113,33.2048550352697,0
325.0,-750.0,817.3891362135907,30.596855480380007,34.80714641021698,35.30670296194253,32.702000945298494,0
350.0,-750.0,827.6472678623425,30.488218451793887,34.06207235667224,34.519767784603175,32.275145404233065,0
375.0,-750.0,838.5254915624212,30.492338492179147,33.374526740261686,33.83286185791211,31.933432616220415,0
400.0,-750.0,850.0,30.60681076729958,32.92988724665808,33.335514844214075,31.76834900697883,0
425.0,-750.0,862.0469824783333,30.832930268790978,33.17565975625143,34.279252932801484,32.004295012521204,0
450.0,-750.0,874.642784226795,31.188973112530103,34.073675084022895,35.281623001814694,32.6313240982765,0
475.0,-750.0,887.7640452282352,31.68200448811514,35.052915602044344,36.34265669903617,33.36746004507974,0
500.0,-750.0,901.3878188659974,32.338552390553104,36.09040853655909,37.46238550068463,34.2144804635561,0
525.0,-750.0,915.4916711800278,33.067690367677045,37.18618289595111,38.640840713868144,35.126936631814075,0
550.0,-750.0,930.0537618869137,33.851021077580455,38.34026525317478,39.87805348279953,36.095643165377616,0
575.0,-750.0,945.05290857179,34.68776306560471,39.542853330055934,41.02688744524932,37.11530819783032,0
600.0,-750.0,960.4686356149273,35.57697691114833,40.7867305371075,42.37945304182712,38.18185372412792,0
625.0,-750.0,976.2812094883318,36.519109565305016,42.08798676614068,43.791797993407236,39.303548165722844,0
650.0,-750.0,992.4716620639604,37.51464310418675,43.44681620666629,45.27249731662422,40.48072965542652,0
0.0,-775.0,775.0,39.13494924798769,49.301068303470736,50.38890285306179,44.21800877572922,0
25.0,-775.0,775.4031209635411,38.18848886140533,47.88586400871229,48.90788571719446,43.03717643505881,0
50.0,-775.0,776.6112283504533,37.29487169037646,46.547610966818624,47.57537234838375,41.921241328597546,0
75.0,-775.0,778.6205751198719,36.45448914268519,45.29558312664916,46.179088683884345,40.87503613466718,0
100.0,-775.0,781.4249804043892,35.66855680856118,44.16157693415152,44.91423969202957,39.915066871356345,0
125.0,-775.0,785.0159234053791,34.93432221076424,43.056442721245716,43.789400844398806,38.99538246600498,0
150.0,-775.0,789.3826701923472,34.253792516919376,41.92055659750871,42.61017156505677,38.08717455721404,0
175.0,-775.0,794.5124291035352,33.63567980671227,40.84231592628527,41.445959323057565,37.23899786649877,0
200.0,-775.0,800.3905296791061,33.0783408208777,39.824583902750796,40.446364631513205,36.45146236181425,0
225.0,-775.0,807.0006195784487,32.583347759369026,38.84138147715496,39.43609714103145,35.712364618261994,0
250.0,-775.0,814.3248737451165,32.15024661959854,37.907301060464235,38.489087590396416,35.02877384003139,0
275.0,-775.0,822.3442101699263,31.782261259510534,37.0393078341859,37.54747903509069,34.41078454684822,0
300.0,-775.0,831.0385069297331,31.496794612615066,36.22367986215365,36.75926996171361,33.86023723738436,0
325.0,-775.0,840.3868156985806,31.30378468940829,35.436512127171355,35.95724627524844,33.37014840828982,0
350.0,-775.0,850.3675675847475,31.197184515544404,34.70576549603578,35.18638652407615,32.951475005790094,0
375.0,-775.0,860.9587678861283,31.201613734145383,34.03758962891047,34.4706770362938,32.619601681527925,0
400.0,-775.0,872.1381771256204,31.31224399790975,33.59527246222471,33.97886292292243,32.45375823006723,0
425.0,-775.0,883.8834764831844,31.532386432617137,33.828558401409744,34.89220632974532,32.68047241701344,0
450.0,-775.0,896.1724164467461,31.87801560577808,34.69386086930655,35.86227494261372,33.28593823754231,0
475.0,-775.0,908.9829481348921,32.35686601400177,35.64167043746995,36.889098378160824,33.99926822573586,0
500.0,-775.0,922.2933372848358,32.99459603668715,36.645839081774724,37.97270610904907,34.82021755923094,0
525.0,-775.0,936.0822613424527,33.7023522038733,37.70639382783857,39.11312746383826,35.704373015855936,0
550.0,-775.0,950.3288904374107,34.46253897233923,38.82335963575586,40.310391630290354,36.64294930404755,0
575.0,-775.0,965.0129532809391,35.273381072090345,39.97874654879909,41.42289310780561,37.62606381044472,0
600.0,-775.0,980.114789195633,36.134403785316735,41.18260243803227,42.731640891192434,38.658503111674506,0
625.0,-775.0,995.6153875869938,37.04644724870275,42.44222275615411,44.10118617083077,39.74433500242843,0
0.0,-800.0,800.0,39.609011057464,49.52483269074479,50.592147142644066,44.566921874104395,0
25.0,-800.0,800.3905296791061,38.69299461404317,48.167979041024665,49.1807211229692,43.43048682753392,0
50.0,-800.0,801.5609770940698,37.82662119379812,46.86687596045954,47.88111455011857,42.34674857712883,0
75.0,-800.0,803.5079339994098,37.011269120464675,45.644300883410466,46.527633105994326,41.32778500193757,0
100.0,-800.0,806.2257748298549,36.24860496322082,44.50692200487797,45.236490028786875,40.377763484049396,0
125.0,-800.0,809.7067370350824,35.53769939278934,43.452531809090836,44.1736916951546,39.49511560094009,0
150.0,-800.0,813.9410298049853,34.88049614474124,42.38160679190833,43.065711474722,38.631051468324785,0
175.0,-800.0,818.91696770796,34.2806926451955,41.32812382505812,41.96089320701082,37.804408235126814,0
200.0,-800.0,824.6211251235321,33.740185016384615,40.34565900825388,40.94878287802194,37.04292201231925,0
225.0,-800.0,831.0385069297331,33.25967272759557,39.39166622673031,39.97975074215185,36.32566947716294,0
250.0,-800.0,838.1527307120105,32.83889258243302,38.48254467344064,39.05664034789332,35.66071862793683,0
275.0,-800.0,845.9462157844315,32.480695993702696,37.628710612098956,38.141622549222845,35.054703302900826,0
300.0,-800.0,854.4003745317531,32.20259423197445,36.82565218378675,37.35543538299453,34.5141232078806,0
325.0,-800.0,863.4958019585272,32.015319866109,36.070596442937976,36.5458910485682,34.04295815452349,0
350.0,-800.0,873.212459828649,31.912151386611377,35.36040377618678,35.846852852343005,33.63627758139908,0
375.0,-800.0,883.5298523536146,31.91607302765778,34.70714583297078,35.169922049143004,33.31160943031428,0
400.0,-800.0,894.4271909999159,32.02395106920956,34.276262232477386,34.63655140028463,33.15010665084347,0
425.0,-800.0,905.883546599672,32.237951630420305,34.4909663210572,35.52140588217152,33.364458975738756,0
450.0,-800.0,917.8779875342909,32.57479687549978,35.32968184584447,36.461198970333975,33.952239360672124,0
475.0,-800.0,930.3897032964197,33.04072790230309,36.24802177565106,37.45595843123673,34.64437483897707,0
500.0,-800.0,943.3981132056604,33.66039056031207,37.220947453601056,38.50571191102215,35.44066900695656,0
525.0,-800.0,956.8829604502318,34.34817603998504,38.2484840088704,39.610486933536386,36.29833002442772,0
550.0,-800.0,970.8243919473799,35.086462111267345,39.32796226710628,40.684149085691864,37.20721218918681,0
575.0,-800.0,985.2030247619016,35.87154579432144,40.44069232916342,41.84885561722415,38.15611906174243,0
600.0,-800.0,1000.0,36.70566690817782,41.607305495287335,43.11655185847027,39.15648620173258,0
0.0,-825.0,825.0,40.101640030536075,49.780830952587976,50.83050868443259,44.941235491562026,0
25.0,-825.0,825.3787009609589,39.21453435491588,48.48507949616326,49.49257076065345,43.84980692553957,0
50.0,-825.0,826.5137627408269,38.3737171876471,47.213765393917434,48.17843772477888,42.793741290782265,0
75.0,-825.0,828.4020762890445,37.5820086642013,46.018391006610244,46.90523260396298,41.80019983540577,0
100.0,-825.0,831.0385069297331,36.84121793571495,44.90193032048753,45.647955245165086,40.871574128101244,0
125.0,-825.0,834.4159634139318,36.152007584485645,43.864792218183624,44.6306819274914,40.008399901334634,0
150.0,-825.0,838.5254915624212,35.515177907517874,42.843652248957696,43.53248595306116,39.17941507823778,0
175.0,-825.0,843.35638967165,34.934939752431305,41.83018140253693,42.46165686124986,38.382560577484114,0
200.0,-825.0,848.8963423174822,34.40943173777461,40.87148203729874,41.45052273315377,37.64045688753667,0
225.0,-825.0,855.1315688243535,33.94384675496006,39.963326838276316,40.54016234372769,36.95358679661819,0
250.0,-825.0,862.0469824783333,33.5347423221074,39.080836144366586,39.62807809044613,36.30778923323699,0
275.0,-825.0,869.6263565463044,33.18585194921688,38.240615064084146,38.74953993650264,35.71323350665051,0
300.0,-825.0,877.8524933039719,32.91468601402032,37.45580301933097,37.97121836905039,35.185244516675645,0
325.0,-825.0,886.70739254841,32.73178944134992,36.70892783748394,37.18378984645396,34.72035863941693,0
350.0,-825.0,896.1724164467461,32.63107187985607,36.01584688436148,36.44734319041683,34.32345938210878,0
375.0,-825.0,906.2284480195929,32.63501591719137,35.37751001144583,35.83258606167841,34.006262964318594,0
400.0,-825.0,916.8560410446124,32.739972791175994,34.95310899316187,35.3072748692249,33.84654089216893,0
425.0,-825.0,928.0355596635293,32.94905545644677,35.16407525541883,36.16537234369747,34.056565355932804,0
450.0,-825.0,939.747306460625,33.27709825231794,35.979727063550136,37.076730983274224,34.628412657934035,0
475.0,-825.0,951.9716382329885,33.732510988333345,36.87037996626676,38.04137686539063,35.30144547730005,0
500.0,-825.0,964.6890690787369,34.335529247898634,37.813954215558745,39.05933596734189,36.07474173172869,0
525.0,-825.0,977.8803607803973,35.00444118661838,38.810473143862474,40.13063416303576,36.90745716524043,0
550.0,-825.0,991.526600752597,35.71929653848924,39.84722288970497,41.12674552902816,37.783259714097106,0
0.0,-850.0,850.0,40.61105499801446,50.064162359533185,51.002987439004,45.33760867877382,0
25.0,-850.0,850.3675675847475,39.75062820449237,48.82060826739596,49.79675783264318,44.28561823594417,0
50.0,-850.0,851.46931829632,38.93455972355589,47.590607278467026,48.522350713839465,43.26258350101146,0
75.0,-850.0,853.3024082938006,38.16556417395299,46.420313001883876,47.30941384112096,42.29293858791843,0
100.0,-850.0,855.8621384311845,37.445379242274086,45.32827204012996,46.08783929349834,41.38682564120202,0
125.0,-850.0,859.1420138719791,36.77573683313764,44.30162406178108,45.06327793562849,40.538680447459356,0
150.0,-850.0,863.1338250816034,36.15786544097878,43.30865433682022,43.983505166518626,39.7332598888995,0
175.0,-850.0,867.8277478854891,35.59557028139041,42.33479312637975,42.98418498389209,38.96518170388508,0
200.0,-850.0,873.212459828649,35.08644896469693,41.41412346806988,41.99223525634388,38.2502862163834,0
225.0,-850.0,879.2752697534487,34.63442381359825,40.54061282827299,41.065646914925395,37.587518320935615,0
250.0,-850.0,886.0022573334675,34.23669533077729,39.69000542446858,40.200300930824056,36.96335037762293,0
275.0,-850.0,893.3784192602819,33.89723387561105,38.87769502176476,39.370225981066504,36.38746444868791,0
300.0,-850.0,901.3878188659974,33.63268603858645,38.104368479713635,38.599255061766506,35.86852725915004,0
325.0,-850.0,910.0137361600648,33.453972009556026,37.37141022197752,37.832765304909024,35.412691115766776,0
350.0,-850.0,919.2388155425118,33.35509511850115,36.69186933038124,37.115651576129736,35.023482224441196,0
375.0,-850.0,929.0452088031024,33.35805541323191,36.06031887466147,36.44756899391463,34.70918714394669,0
400.0,-850.0,939.4147114027968,33.45997530793848,35.64462416832491,35.98988172455176,34.552299738131694,0
425.0,-850.0,950.3288904374107,33.663359457084006,35.847466548265615,36.82280079463399,34.755413002674814,0
450.0,-850.0,961.7692030835673,33.9829286302724,36.64275074674366,37.70740303732881,35.31283968850803,0
475.0,-850.0,973.7171047075224,34.42835570363672,37.50734167600275,38.64371298488701,35.96784868981973,0
500.0,-850.0,986.154146165801,35.01751078674168,38.423288710180536,39.631755086576625,36.720399748461105,0
525.0,-850.0,999.0620601344043,35.66623128846829,39.389022535893005,40.62064311359752,37.52762691218065,0
50.0,-875.0,876.4274071479052,39.50839674106293,47.993237655409644,48.93792427186793,43.75081719823629,0
75.0,-875.0,878.2084035125148,38.76091857489297,46.85342618686597,47.737989901677686,42.807172380879464,0
100.0,-875.0,880.6957476904269,38.06018358381952,45.77658139506725,46.55000714158662,41.91838248944339,0
125.0,-875.0,883.8834764831844,37.40897131734939,44.7755634240361,45.54650255937662,41.092267370692745,0
150.0,-875.0,887.7640452282352,36.80875427444623,43.79657130446736,44.51259747857421,40.3026627894568,0
175.0,-875.0,892.3284148787374,36.26256008729788,42.849592084427925,43.49138668112563,39.5560760858629,0
200.0,-875.0,897.5661535508121,35.7686114818638,41.95245626680097,42.55884012536552,38.86053387433239,0
225.0,-875.0,903.4655499796326,35.33010399710174,41.11480149235853,41.64063593979281,38.222452744730134,0
250.0,-875.0,910.0137361600648,34.94483629222334,40.31083134382508,40.81430702848558,37.627833818024214,0
275.0,-875.0,917.1968163922071,34.614394585049844,39.52584745730456,40.00277608408744,37.0701210211772,0
300.0,-875.0,925.0,34.356196972772,38.77206570279628,39.23869797080706,36.56413133778414,0
325.0,-875.0,933.4077351297235,34.181458477270596,38.054451263341164,38.49207074368516,36.11795487030588,0
350.0,-875.0,942.4038412485382,34.08436703903604,37.38478672828313,37.79332597118985,35.734576883659585,0
375.0,-875.0,951.9716382329885,34.08647524177548,36.763303065360894,37.14215612542345,35.42488915356819,0
400.0,-875.0,962.0940702446928,34.1849724376211,36.35222878702657,36.6833521554706,35.26860061232384,0
425.0,-875.0,972.753822917186,34.38248164881812,36.54576685111101,37.492535691659796,35.46412424996457,0
450.0,-875.0,983.9334327077213,34.69323084123208,37.31764874975728,38.351915264967644,36.00543979549468,0
475.0,-875.0,995.6153875869938,35.12836277512759,38.15766330062185,39.261513991170844,36.643013037874724,0
100.0,-900.0,905.5385138137417,38.68482151435378,46.248204860461584,47.03270710381983,42.466513187407685,0
125.0,-900.0,908.6390922693124,38.05091489152101,45.26444634719262,45.985177689829946,41.65768061935681,0
150.0,-900.0,912.4143795447329,37.466591153918586,44.313366358528015,44.99869804344844,40.8899787562233,0
175.0,-900.0,916.8560410446124,36.93630067445112,43.3867905777283,44.05169751147397,40.161545626089705,0
200.0,-900.0,921.9544457292888,36.45565217056628,42.49850642449815,43.08374114938792,39.477079297532214,0
225.0,-900.0,927.6987657639736,36.02997726477318,41.6806856258401,42.245731759681064,38.85533144530664,0
250.0,-900.0,934.0770846134702,35.656754460966376,40.92276524090433,41.40016304303785,38.289759850935354,0
275.0,-900.0,941.0765112359356,35.336617257754156,40.180932437263984,40.62716981600087,37.75877484750907,0
300.0,-900.0,948.6832980505138,35.08481088626115,39.44905307500641,39.88877891814067,37.266931980633785,0
325.0,-900.0,956.8829604502318,34.91387772199822,38.74863883204497,39.161026503503564,36.83125827702159,0
350.0,-900.0,965.6603957913983,34.81851839676655,38.094794960170795,38.47976324813262,36.456656678468676,0
375.0,-900.0,975.0,34.81987595872792,37.48713792999889,37.84471521681369,36.1535069443634,0
400.0,-900.0,984.8857801796105,34.91513384679472,37.07892319766395,37.386779812558686,35.99702852222933,0
425.0,-900.0,995.3014618697191,35.10709340507613,37.25605782606863,38.1735500842039,36.18157561557238,0
150.0,-925.0,937.0832406995656,38.131750741593095,44.844605653414916,45.53913458223767,41.488178197504006,0
175.0,-925.0,941.4085191881366,37.61637720035679,43.95521473580608,44.55845182333771,40.78579596808143,0
200.0,-925.0,946.374661537385,37.14804600243618,43.072971758073464,43.68660410622741,40.11050888025483,0
225.0,-925.0,951.9716382329885,36.73364633954691,42.25573534758908,42.819197975376476,39.494690843567994,0
250.0,-925.0,958.18839483684,36.371045386571055,41.51499060314223,42.0354230531104,38.943017994856646,0
275.0,-925.0,965.0129532809391,36.0618478451122,40.82542306569357,41.276409701920755,38.443635455402884,0
300.0,-925.0,972.4325169388362,35.81810355444914,40.13399110322542,40.54879927742037,37.97604732883728,0
325.0,-925.0,980.4335775563789,35.65089224986934,39.450702635437274,39.84984677289895,37.550797442653305,0
350.0,-925.0,989.0020222426241,35.55721345426552,38.81195503939504,39.191467491997734,37.18458424683028,0
375.0,-925.0,998.1232388838565,35.557889629166695,38.21813695487966,38.578826300332864,36.888013292023174,0
225.0,-950.0,976.2812094883318,37.44166134731432,42.86089659510893,43.4366368403073,40.151278971211624,0
250.0,-950.0,982.344135219425,37.088383996149325,42.11621101203033,42.610945287927464,39.602297504089826,0
275.0,-950.0,989.0020222426241,36.787996940615486,41.44371719306355,41.91958730377402,39.11585706683952,0
300.0,-950.0,996.2429422585637,36.55347543047158,40.803507527491,41.2185891211792,38.678491478981286,0
0.0,309.15784197788895,309.15784197788895,39.09564548041176,60.70263327788486,62.78703114096532,49.89913937914831,0
5.0,306.15353888275115,306.1943653472941,38.756193145137075,60.35290005311118,62.37951599112686,49.55454659912412,0
10.0,303.14923578761335,303.3141262101289,38.417212973925366,60.002937089399694,61.971769577723975,49.21007503166253,0
15.0,300.14493269247555,300.5195178702553,38.07872091075373,59.65273626336011,61.56378364608878,48.86572858705692,0
20.0,297.14062959733775,297.81295095664035,37.74037877092597,59.30273736240488,61.33319161155695,48.52155806666543,0
25.0,294.13632650219995,295.19684715153846,37.40168792168352,58.945479301207065,60.8903758025804,48.173583611445295,0
30.0,291.13202340706215,292.67363231608374,37.063678591968056,58.598379703985096,60.51452363300238,47.83102914797658,0
35.0,288.12772031192435,290.2457290162019,36.72605229203475,58.249606761844646,60.25308124936605,47.4878295269397,0
40.0,285.12341721678655,287.9155484606167,36.388735801969766,57.89594754758928,59.84351702558483,47.14234167477952,0
45.0,282.11911412164875,285.68548187260734,36.0513316431352,57.533452432070334,59.49159991118781,46.79239203760277,0
50.0,279.11481102651095,283.55789132797014,35.71467580069543,57.17311718766672,59.05444582779489,46.443896494181075,0
55.0,276.11050793137315,281.5351001032036,35.37941011264847,56.825440214063875,58.61694444410465,46.10242516335617,0
60.0,273.10620483623535,279.6193825900696,35.04534987835422,56.478878889075894,58.2023967579974,45.76211438371506,0
65.0,270.10190174109755,277.81295384513214,34.712266122861266,56.132011928322456,57.791344678926095,45.42213902559186,0
70.0,267.09759864595975,276.11795885533814,34.379957697870495,55.78482727794348,57.42128359795504,45.082392487906986,0
75.0,264.09329555082195,274.53646161283166,34.048455887444,55.437312302367765,57.233725565922605,44.74288409490588,0
80.0,261.08899245568415,273.0704341035922,33.71784011702455,55.088087360566504,57.00205366694832,44.40296373879553,0
85.0,258.08468936054635,271.7217453247526,33.38778454187543,54.732999728933244,56.593811128230875,44.06039213540434,0
90.0,255.08038626540855,270.4921504541491,33.05889062353284,54.37987329287706,56.18789398267138,43.71938195820495,0
95.0,252.07608317027075,269.38328030237,32.7300738317973,54.0309953831904,55.91464831863719,43.38053460749385,0
100.0,249.07178007513295,268.39663118190475,32.40123387884289,53.67677219244316,55.50154636999866,43.03900303564302,0
105.0,246.06747697999515,267.533555329608,32.073705085226166,53.334386474417656,55.08796121335055,42.70404577982191,0
110.0,243.06317388485735,266.7952520173108,31.748582377688244,52.99656374555404,54.673872136424166,42.37257306162114,0
115.0,240.05887078971955,266.182759480841,31.4254379850179,52.65826386933158,54.43188253757249,42.041850927174735,0
120.0,237.05456769458175,265.6969477898928,31.10274099881545,52.30904004837423,54.03464638806169,41.70589052359484,0
125.0,234.05026459944395,265.33851277013997,30.782130891998364,51.96308672789558,53.589899644850185,41.37260880994697,0
130.0,231.04596150430615,265.10797107489867,30.465528014407507,51.622570196139336,53.29411759632238,41.04404910527342,0
135.0,228.04165840916835,265.0056564868075,30.151605082032727,51.28035421606668,53.00466996953891,40.7159796490497,0
140.0,225.03735531403055,265.0317175108165,29.839834546577485,50.934268904377014,52.609643984054514,40.38705172547725,0
145.0,222.03305221889275,265.1861162987941,29.530819263279483,50.5830203241231,52.25159462352449,40.05691979370129,0
150.0,219.02874912375495,265.4686289238651,29.22443235632248,50.22935767728667,51.84266387996172,39.726895016804576,0
155.0,216.02444602861715,265.8788469998524,28.921855067348396,49.86665856981879,51.49446744335597,39.39425681858359,0
160.0,213.02014293347935,266.41618061859526,28.623491683425005,49.50457762680432,51.17761146734433,39.06403465511466,0
165.0,210.01583983834152,267.0798625561349,28.326837151733955,49.1388120203179,50.775740246792175,38.73282458602593,0
170.0,207.01153674320372,267.868953678441,28.032678317400958,48.77286991863943,50.36171413438769,38.40277411802019,0
175.0,204.00723364806592,268.78234945906803,27.742019215492853,48.4139616048396,50.033572409831415,38.07799041016622,0
180.0,201.00293055292812,269.81878750536487,27.45354223042834,48.040948790033354,49.68114632647216,37.74724551023085,0
185.0,197.99862745779032,270.9768559769798,27.168654161477534,47.66015475546226,49.341894674952805,37.414404458469896,0
190.0,194.99432436265252,272.2550027706513,26.88734868623653,47.26844394710162,48.89119738381633,37.077896316669076,1
195.0,191.99002126751472,273.65154533877705,26.610823174684704,46.87582379210314,48.43952560181924,36.74332348339392,0
200.0,188.98571817237692,275.16468100599155,26.340015411358866,46.482096876063366,48.247310931950175,36.411056143711114,0
205.0,185.98141507723912,276.79249764784504,26.07282424304246,46.08013665138344,47.824843701767726,36.07648044721295,1
210.0,182.97711198210132,278.53298459843217,25.809565810537237,45.677120771733954,47.40144972752613,35.743343291135595,1
215.0,179.97280888696352,280.3840436591631,25.551102206903145,45.272991924904005,46.977078362048594,35.41204706590358,1
220.0,176.96850579182572,282.343500088441,25.300239924424986,44.86768890089504,46.586847009685684,35.08396441266001,0
225.0,173.96420269668792,284.4091134613909,25.0561685267627,44.45780562509749,46.37238869396837,34.7569870759301,0
230.0,170.95989960155012,286.5785882995659,24.81644354000339,44.03922485459705,45.92073242391694,34.42783419730022,0
235.0,167.95559650641232,288.8495843822954,24.582335386245624,43.62155322565347,45.467433723301475,34.101944305949544,1
240.0,164.9512934112745,291.2197266636523,24.355657347379235,43.202563321428286,45.01239671408759,33.77911033440376,0
245.0,161.9469903161367,293.6866147315108,24.136518750209106,42.782008747314364,44.59587850209309,33.459263748761735,0
250.0,158.9426872209989,296.2478317575207,23.924731240253024,42.35979569340429,44.43916057011843,33.14226346682865,1
255.0,155.9383841258611,298.90095289875643,23.721112183127786,41.934908056163536,44.112744429683765,32.82801011964566,0
260.0,156.2237609471657,303.32468327598593,23.364375756721266,41.021619890286125,43.06030055476002,32.192997823503696,1
265.0,159.22806404230352,309.1578502620626,22.908301438738903,39.766175003907975,41.98926259864149,31.33723822132344,0
270.0,162.23236713744132,314.99101724813926,22.489014717082874,38.5876731912894,40.64445796437846,30.538343954186136,0
275.0,165.23667023257912,320.82418423421586,22.10325168366534,37.52422113301562,39.36861264614886,29.813736408340482,0
280.0,168.24097332771692,326.6573512202925,21.749397855467166,36.53007820060837,38.47961223865276,29.13973802803777,0
285.0,171.24527642285472,332.4905182063692,21.425122815734934,35.597245287830425,37.50432899938476,28.511184051782678,0
290.0,174.24957951799252,338.32368519244585,21.131606353551703,34.69072064093236,36.431495192956085,27.911163497242033,0
295.0,177.25388261313032,344.1568521785225,20.865039295335745,33.80482507011665,35.54785149329085,27.3349321827262,0
300.0,180.25818570826812,349.9900191645991,20.625242503647353,32.968933584506544,34.48972822099967,26.79708804407695,1
305.0,183.26248880340592,355.8231861506758,20.41540186210764,32.20337927915536,33.869193405593414,26.3093905706315,0
310.0,186.26679189854372,361.65635313675244,20.224122293982226,31.435278531588274,33.00115419944519,25.82970041278525,0
315.0,189.27109499368152,367.4895201228291,20.05411278776326,30.70088012543134,32.13902658895186,25.3774964565973,0
320.0,192.27539808881932,373.32268710890577,19.907020191318782,30.006492871015375,31.528731090412553,24.95675653116708,1
325.0,195.27970118395712,379.1558540949824,19.781533228016926,29.3303024240745,30.779586411798004,24.555917826045714,0
330.0,198.28400427909492,384.98902108105904,19.67503651776846,28.679178359631486,30.10880679736046,24.177107438699974,0
335.0,201.28830737423272,390.8221880671357,19.585070704285577,28.081298344566783,29.36736099076755,23.83318452442618,0
340.0,204.29261046937054,396.65535505321236,19.512642668435063,27.524692965420883,28.66767289229549,23.518667816927973,0
345.0,207.29691356450834,402.488522039289,19.458880522069755,27.01222635497789,28.007654643940214,23.235553438523823,0
350.0,210.30121665964614,408.3216890253657,19.425745800617833,26.59692473197294,27.661149351803815,23.011335266295387,0
355.0,213.30551975478394,414.15485601144235,19.409330738348814,26.279307770049904,27.240470688197085,22.84431925419936,0
360.0,216.30982284992174,419.98802299751895,19.41131820530173,26.082477893081155,27.480254292037316,22.746898049191444,0
365.0,219.31412594505954,425.8211899835956,19.430940715700068,25.98334004238815,27.878784433896577,22.70714037904411,0
370.0,222.31842904019734,431.6543569696723,19.4644319160304,25.92898907277092,28.277317751852713,22.696710494400662,0
375.0,225.32273213533514,437.48752395574894,19.512018805534474,25.928040099497352,28.675854108606245,22.720029452515913,0
380.0,228.32703523047294,443.3206909418256,19.574356297948796,25.994788205042894,29.074393374638504,22.784572251495845,0
385.0,231.33133832561074,449.1538579279022,19.649246915617297,26.155263574225593,29.472935427669412,22.902255244921445,0
390.0,234.33564142074854,454.98702491397887,19.735244324423874,26.4057133294421,29.871480152159805,23.070478826932987,0
395.0,237.33994451588634,460.82019190005553,19.836891960655848,26.749586354337563,30.270027438854587,23.293239157496707,0
400.0,240.34424761102414,466.6533588861322,19.949675815248515,27.142569778354762,30.66857718436101,23.54612279680164,0
405.0,243.34855070616194,472.48652587220886,20.0714358062842,27.535646596674034,31.06712929076347,23.803541201479117,0
410.0,246.35285380129974,478.31969285828546,20.203178220139137,27.928812550875232,31.465683665264212,24.065995385507186,0
415.0,249.35715689643757,484.1528598443622,20.34640254341215,28.322063635543916,31.864240219855837,24.334233089478033,0
420.0,252.36145999157537,489.9860268304388,20.501718332537855,28.715396079895054,32.2627988710155,24.608557206216453,0
425.0,255.36576308671317,495.81919381651545,20.6658498938545,29.108806330963862,32.66135953942367,24.88732811240918,0
430.0,258.370066181851,501.6523608025921,20.839993101801745,29.50229103821148,33.0599221497039,25.171142070006614,0
435.0,261.3743692769888,507.4855277886688,21.029552128732718,29.895847039409126,33.4584866301811,25.462699584070922,0
440.0,264.3786723721266,513.3186947747454,21.22937829860774,30.28947134767931,33.85705291265687,25.759424823143526,0
445.0,267.3829754672644,519.151861760822,21.438746991578935,30.683161139586186,34.25562093220285,26.06095406558256,0
450.0,270.3872785624022,524.9850287468987,21.657974827075837,31.076913744177034,34.654190626966646,26.367444285626433,0
455.0,273.39158165754,530.8181957329754,21.886728685012724,31.47072663288886,35.052761937991804,26.67872765895079,0
460.0,276.3958847526778,536.651362719052,22.122250215503787,31.86459741024122,35.451334809051374,26.993423812872503,0
465.0,279.4001878478156,542.4845297051287,22.36470040133353,32.25852380524575,35.84990918649151,27.31161210328964,0
470.0,282.4044909429534,548.3176966912054,22.61597059245808,32.65250366346851,36.24848501908654,27.634237127963296,0
475.0,285.4087940380912,554.150863677282,22.880638118561592,33.046534939689046,36.647062257902896,27.96358652912532,0
480.0,288.413097133229,559.9840306633586,23.15664069770869,33.44061569110423,37.04564085617279,28.298628194406458,0
485.0,291.4174002283668,565.8171976494352,23.445190162286547,33.83474407103071,37.444220769176454,28.63996711665863,0
490.0,294.4217033235046,571.6503646355119,23.742235533467376,34.22891832306408,37.84280195413028,28.98557692826573,0
495.0,297.4260064186424,577.4835316215886,24.048419680729612,34.6231367756566,38.24138437008411,29.335778228193107,0
500.0,300.4303095137802,583.3166986076652,24.361387510230912,35.01739783707943,38.6399679778244,29.68939267365517,0
505.0,303.434612608918,589.1498655937419,24.676249185902368,35.411699990737546,39.03855273978238,30.043974588319955,0
510.0,306.4389157040558,594.9830325798185,24.993140189621492,35.80604179080947,39.437138619949266,30.399590990215483,0
515.0,309.4432187991936,600.8161995658952,25.311700506275745,36.20042185818581,39.835725583797476,30.75606118223078,0
520.0,312.4475218943314,606.6493665519719,25.632345728779754,36.59483887668277,40.23431359820253,31.113592302731263,0
525.0,315.4518249894692,612.4825335380485,25.955001624380436,36.98929158951004,40.63290263137567,31.472146606945238,0
530.0,318.45612808460703,618.3157005241252,26.279592601979704,37.38377879597251,41.03149265279537,31.83168569897611,0
535.0,321.46043117974483,624.1488675102019,26.605671322791217,37.77455181770662,41.31016265132297,32.19011157024892,0
540.0,324.46473427488263,629.9820344962785,26.933114531664977,38.16107377744292,41.536515673847525,32.547094154553946,0
545.0,327.46903737002043,635.8152014823551,27.26228367318425,38.547626732540664,41.93755955215554,32.90495520286245,0
550.0,330.47334046515823,641.6483684684317,27.593114595133642,38.93420968336875,42.3386049390794,33.263662139251196,0
555.0,333.47764356029603,647.4815354545084,27.92520447841907,39.32082167263869,42.73965178985906,33.623013075528874,0
560.0,336.48194665543383,653.314702440585,28.258812131900516,39.70746178319506,43.14070006148139,33.983136957547785,0
565.0,339.48624975057163,659.1478694266617,28.5939004053144,40.09412913594274,43.54174971259415,34.34401477062857,0
570.0,342.49055284570943,664.9810364127384,28.93041534356797,40.48082288790028,43.942800703427615,34.70561911573412,0
575.0,345.49485594084723,670.814203398815,29.26830521799368,40.867542230371576,44.34385299571989,35.06792372418263,0
580.0,348.49915903598503,676.6473703848917,29.607520437023865,41.25428638722698,44.74490655264644,35.430903412125424,0
585.0,351.50346213112283,682.4805373709684,29.948013459167406,41.641054613286,45.14596133875313,35.79453403622671,0
590.0,354.50776522626063,688.313704357045,30.28973870842716,42.02784619279589,45.54701731989375,36.15879245061153,0
595.0,357.51206832139843,694.1468713431217,30.632652492262046,42.41466043799814,45.94807446316996,36.52365646513009,0
600.0,360.51637141653623,699.9800383291982,30.97671292216846,42.8014966877778,46.34913273687549,36.88910480497313,0
605.0,363.52067451167403,705.8132053152749,31.321879836928993,43.18835430639052,46.7501921104424,37.255117071659754,0
610.0,366.52497760681183,711.6463723013516,31.6678706234401,43.575232682260506,47.15125255439079,37.6215516528503,0
615.0,369.52928070194963,717.4795392874282,32.01433625517996,43.962131226847625,47.55231404028154,37.988233741013794,0
620.0,372.53358379708743,723.3127062735049,32.361788680090314,44.349049373575575,47.953376540669026,38.35541902683295,0
625.0,375.53788689222523,729.1458732595815,32.707998610780116,44.71646356060021,48.06402376047398,38.71223108569016,0
630.0,378.54218998736303,734.9790402456582,33.054442689664086,45.08147453151408,48.26335125398243,39.06795861058909,0
635.0,381.54649308250083,740.8122072317349,33.401467317575936,45.44650291412435,48.65529394349679,39.423985115850144,0
640.0,384.55079617763863,746.6453742178115,33.74934079792611,45.811548234639545,49.047236784987064,39.78044451628283,0
645.0,387.55509927277643,752.4785412038882,34.097597676167226,46.17661003623737,49.439179774338946,40.1371038562023,0
650.0,390.55940236791423,758.3117081899647,34.4461227169798,46.54168787831422,49.83112290758247,40.49390529764701,0
655.0,393.56370546305203,764.1448751760414,34.79428520545356,46.90678133577461,50.2230661808861,40.850533270614086,0
660.0,396.56800855818983,769.9780421621181,35.14272229274779,47.27188999835688,50.615009590551836,41.20730614555234,0
665.0,399.57231165332763,775.8112091481947,35.49186065912235,47.63701346999396,51.006953133008224,41.564437064558156,0
670.0,402.57661474846543,781.6443761342714,35.84167795480512,48.00762749402668,51.39889680480453,41.9246527244159,0
675.0,405.58091784360323,787.4775431203481,36.192152706614884,48.38083102838758,51.790840602608526,42.28649186750123,0
680.0,408.5852209387411,793.3107101064247,36.54326427908391,48.754049994732036,52.182784523198066,42.64865713690797,0
685.0,411.5895240338789,799.1438770925014,36.89499283738056,49.12728400473014,52.57472856345871,43.01113842105535,0
690.0,414.5938271290167,804.977044078578,37.24731931195569,49.50053268293395,52.96667272037925,43.37392599744482,0
695.0,417.5981302241545,810.8102110646547,37.60022536483803,49.873795666249414,53.35861699104709,43.73701051554372,0
700.0,420.6024333192923,816.6433780507314,37.953309801906336,50.24707260343341,53.75056137264334,44.100191202669876,0
705.0,423.6067364144301,822.476545036808,38.30662607946544,50.62036315461597,54.14250586244136,44.46349461704071,0
710.0,426.6110395095679,828.3097120228847,38.66046869965466,51.003399295454834,54.534450457800624,44.83193399755474,0
715.0,429.6153426047057,834.1428790089612,39.01482204073243,51.389051452725326,54.926395156166016,45.201936746728876,0
720.0,432.6196456998435,839.9760459950379,39.36967106238332,51.77471790524907,55.32416968843158,45.57219448381619,0
725.0,435.6239487949813,845.8092129811146,39.725001280618685,52.16039831602141,55.72784247580308,45.94269979832005,0
730.0,438.6282518901191,851.6423799671912,40.080798743858516,52.54609235852461,56.131518100923365,46.31344555119156,0
735.0,441.6325549852569,857.4755469532679,40.437050010138385,52.934085201104764,56.535196502840265,46.68556760562157,0
740.0,444.6368580803947,863.3087139393446,40.793581268379654,53.32895918939125,56.93887762233413,47.06127022888545,0
745.0,447.6411611755325,869.1418809254212,41.15012434615545,53.72384660000153,57.34256140185684,47.436985473078494,0
750.0,450.6454642706703,874.9750479114979,41.506059376215006,54.11874712752853,57.746247785473365,47.81240325187177,0
755.0,453.6497673658081,880.8082148975745,41.86218591086164,54.51366047573991,58.149936718805336,48.187923193300776,0
760.0,456.6540704609459,886.6413818836512,42.21869714580813,54.90861670315295,58.553628148977424,48.56365692448054,0
765.0,459.6583735560837,892.4745488697278,42.575582526044016,55.3038166932947,58.957322024565904,48.93969960966936,0
770.0,462.6626766512215,898.3077158558044,42.93280121920599,55.699253470034016,59.36101829554867,49.316027344620004,0
775.0,465.6669797463593,904.1408828418811,43.28975198216466,56.09479881053374,59.76471691325884,49.6922753963492,0
780.0,468.6712828414971,909.9740498279577,43.6470120510446,56.490356276142165,60.16841783033805,50.06868416359338,0
785.0,471.6755859366349,915.8072168140344,44.00385680244042,56.88592560446077,60.57212100069376,50.444891203450595,0
790.0,474.6798890317727,921.6403838001111,44.36102509953676,57.28150654059346,60.97582637945666,50.82126582006511,0
795.0,477.6841921269105,927.4735507861877,44.71850851716272,57.67709883688097,61.379533922940084,51.197803677021845,0
800.0,480.6884952220483,933.3067177722644,45.076298911808315,58.07270225264632,61.783243588602474,51.574500582227316,0
805.0,483.6927983171861,939.139884758341,45.43327133494965,58.45763995550304,62.13933978902929,51.945455645226346,0
810.0,486.6971014123239,944.9730517444177,45.79042747924296,58.84236917842089,62.54337492947285,52.31639832883192,0
815.0,489.7014045074617,950.8062187304944,46.14685835088935,59.22081084051169,62.835953395652346,52.68383459570052,0
820.0,492.7057076025995,956.6393857165709,46.502510081448804,59.59448206957082,63.241356992609184,53.04849607550982,0
825.0,495.7100106977373,962.4725527026476,46.85843686684539,59.96816264798336,63.64676327947853,53.41329975741438,0
830.0,498.71431379287515,968.3057196887244,47.21336353988796,60.341852384254736,64.052172205233,53.77760796207134,0
835.0,501.71861688801295,974.1388866748009,47.56835879731449,60.71555109207076,64.45758372012789,54.14195494469263,0
840.0,504.72291998315075,979.9720536608776,47.92326520665324,61.08586157577698,64.75429331655035,54.504563391215115,0
845.0,507.72722307828855,985.8052206469542,48.27757130700493,61.44773097574382,65.11698669769736,54.86265114137438,0
850.0,510.73152617342635,991.6383876330309,48.63211603498606,61.809608402423876,65.50893344556954,55.220862218704966,0
855.0,513.7358292685641,997.4715546191076,48.9868935926188,62.17162633602763,65.90088024888918,55.579259964323214,0
857.0,514.9375505066192,999.8048214135382,49.128868544657166,62.31645874269552,66.05765898549508,55.72266364367634,0
0.0,857.2978713203298,857.2978713203298,40.76277307723139,50.152281797244434,51.08132655029746,45.457527437237914,0
5.0,860.165441382498,860.1799733478731,40.649044319901364,49.93963986317754,50.89883717526087,45.29434209153945,0
10.0,862.9949004237916,863.0528362490155,40.53768979080114,49.730447201328936,50.74269139434421,45.13406849606504,0
15.0,865.7866183647958,865.9165482536689,40.42849894725897,49.52296048987495,50.53888964413857,44.97572971856696,0
20.0,868.5409555143435,868.7711962339503,40.32151048010415,49.318014888289554,50.31658151845376,44.81976268419685,0
25.0,871.2582628757933,871.6168657324989,40.216744632884684,49.116220196354945,50.097623006853205,44.666482414619814,0
30.0,873.9388824401856,874.4536409900759,40.11415125028943,48.91750325540368,49.881936828071005,44.515827252846556,0
35.0,876.5831474669536,877.2816049724689,40.01370792320076,48.721793339130706,49.669448248817744,44.367750631165734,0
40.0,879.1913827528158,880.1008393967184,39.91543657566642,48.5289535303968,49.49128833636291,44.22219505303161,0
45.0,881.763904889446,882.9114247566877,39.81897129732708,48.336465721872855,49.28329962772827,44.07771850959997,0
50.0,884.3010225104788,885.7134403479934,39.72466719625723,48.14683183572284,49.078357561820354,43.93574951599004,0
55.0,886.803036528374,888.5069642923147,39.63236735637319,47.9619970385803,48.89494456970399,43.797182197476744,0
60.0,889.2702403616372,891.2920735610993,39.541656479919595,47.77956320899388,48.6931259259624,43.66060984445674,0
65.0,891.7029201528604,894.0688439986815,39.45295243097014,47.602044848360634,48.49426181865695,43.52749863966539,0
70.0,894.1013549780245,896.8373503448322,39.36605560418511,47.425219002772636,48.31952786141279,43.39563730347887,0
75.0,896.4658170474748,899.5976662567532,39.280831041751185,47.248584418478025,48.12396259036096,43.26470773011461,0
80.0,898.7965718989655,902.3498643305335,39.19747065925164,47.07448949689943,47.93119956464675,43.135980078075534,0
85.0,901.0938785831363,905.0940161220822,39.115850927255224,46.90288150031647,47.74117963124087,43.009366213785846,0
90.0,903.3579898417768,907.8301921675527,39.03593894696117,46.73370929651453,47.553845447155716,42.88482412173785,0
95.0,905.5891522792027,910.5584620032724,38.957726959439555,46.56692329816576,47.3691414104877,42.76232512880266,0
100.0,907.7876065270592,913.2788941851919,38.8812912190149,46.40247540501598,47.18701359466795,42.64188331201544,0
105.0,909.9535874028448,915.9915563078662,38.80666389931332,46.24087039370817,47.00740968575197,42.52376714651075,0
110.0,912.0873240624353,918.6965150229829,38.73369814135222,46.08275114918555,46.83412632071332,42.40822464526889,0
115.0,914.1890401468721,921.393836057448,38.6625117877354,45.92762270719356,46.663355190569135,42.29506724746447,0
120.0,916.2589539236654,924.0835842310422,38.593245773787416,45.777128569192655,46.494854096597265,42.185187171490035,0
125.0,918.2972784228491,926.7658234736602,38.52573106451685,45.6291330281176,46.32857912315271,42.07743204631723,0
130.0,920.3042215680125,929.4406168421442,38.46003994850973,45.4865976594692,46.21697431536328,41.973318803989464,0
135.0,922.2799863025228,932.1080265367216,38.39571975790609,45.342397613203175,46.092821757646455,41.869058685554634,0
140.0,924.2247707111393,934.7681139170602,38.33271840337977,45.19627163259302,45.928519954989994,41.76449501798639,0
145.0,926.1387681372125,937.4209395179487,38.271670132366225,45.05206522737332,45.76637332991534,41.66186767986977,0
150.0,928.022167295651,940.0665630646147,38.21264185521567,44.90974319213648,45.60634188818374,41.56119252367608,0
155.0,929.8751523818275,942.7050434876897,38.15536510957679,44.76927129818226,45.448386748413995,41.462318203879526,0
160.0,931.697903176591,945.3364389378294,38.09979717842668,44.63061626057246,45.29247010429406,41.36520671949957,0
165.0,933.4905951475394,947.9608068000001,38.04616625127686,44.493745706566806,45.13855518838548,41.26995597892183,0
170.0,935.2533995467026,950.5782037074404,37.99428770940027,44.35862814537305,44.98660623743714,41.176457927386664,0
175.0,936.9864835047781,953.1886855553048,37.943857883813024,44.22523293914809,44.83658845914315,41.08454541148056,0
180.0,938.6900101220522,955.7923075140009,37.89472289870121,44.09353027519018,44.68846800026829,40.9941265869457,0
185.0,940.3641385561357,958.3891240422249,37.84714150281067,43.96193744758387,44.60872009331959,40.90453947519727,0
190.0,942.0090241066376,960.9791888997075,37.80064129798406,43.82958439835729,44.46214867382577,40.81511284817067,0
195.0,943.6248182968898,963.5625551596731,37.75540538327064,43.696124979370985,44.330552448607236,40.72576518132081,0
200.0,945.2116689528368,966.1392752210248,37.71208724247099,43.563943731802304,44.18901982129906,40.63801548713665,0
205.0,946.7697202791945,968.7094008202585,37.670618836599694,43.433399754412164,44.0492488175509,40.552009295505925,0
210.0,948.2991129329773,971.2729830431152,37.63041796308502,43.30446622179478,43.911209868064624,40.4674420924399,0
215.0,949.7999840944926,973.8300723359791,37.59171622013177,43.1771170048901,43.77487417340381,40.38441661251093,0
220.0,951.2724675358912,976.3807185170256,37.55458227736651,43.051326649751246,43.640213680157295,40.302954463558876,0
225.0,952.7166936873617,978.9249707871274,37.51890453078734,42.92909820560821,43.507201058035335,40.224001368197776,0
230.0,954.1327897010534,981.462877740526,37.48451938974164,42.80882248622616,43.375809677855784,40.1466709379839,0
235.0,955.520879512805,983.994487375272,37.45183436720386,42.69113986594135,43.24601359037817,40.071487116572605,0
240.0,956.8810839017561,986.5198471034425,37.420559132932205,42.5764135466101,43.11778750595153,39.99848633977115,0
245.0,958.2135205479143,989.03900376114,37.39077583197961,42.46360083333556,42.99110677493942,39.927188332657586,0
250.0,959.5183040877455,991.5520036182788,37.3623728113937,42.3535575360118,42.86594736888721,39.85796517370275,0
255.0,960.7955461678545,994.0588923881652,37.335413950002376,42.24483477279354,42.74228586240062,39.79012436139796,0
260.0,962.045355496819,996.5597152368747,37.310225556155764,42.13910903661413,42.62009941570637,39.72466729638495,0
265.0,963.2678378952361,999.0545167924336,37.286629229696636,42.035387532274406,42.49936575786289,39.66100838098552,0
270.0,962.8603221651622,1000.0,37.21757112678155,41.89493533652526,42.389067830383105,39.5562532316534,0
275.0,961.4442261514705,1000.0,37.12117480185155,41.73074902450538,42.229967706791236,39.42596191317847,0
280.0,960.0,1000.0,37.0270732343427,41.56625735131406,42.04348918987348,39.29666529282838,0
285.0,958.5275165586014,1000.0,36.93482848379702,41.40232793485171,41.857630149702814,39.168578209324366,0
290.0,957.0266453970861,1000.0,36.844642138681735,41.23880498989738,41.68742887125863,39.041723564289555,0
295.0,955.4972527433033,1000.0,36.7563386708065,41.073968366519374,41.50075850459037,38.91515351866293,0
300.0,953.9392014169456,1000.0,36.66952086811875,40.90760246181442,41.324394977312714,38.788561664966586,0
305.0,952.3523507609985,1000.0,36.58455260419734,40.734895296858376,41.141443124838204,38.65972395052786,0
310.0,950.7365565707464,1000.0,36.501674606156826,40.558444056451734,40.963118888101896,38.53005933130428,0
315.0,949.0916710202445,1000.0,36.42114941739138,40.38206437397158,40.77877035881918,38.40160689568148,0
320.0,947.417542586161,1000.0,36.34206479356086,40.206234463945364,40.59500534177158,38.27414962875311,0
325.0,945.7140159688869,1000.0,36.264106709960934,40.0309464392883,40.41181565785357,38.14752657462462,0
330.0,943.9809320108113,1000.0,36.18739096336466,39.85619247890337,40.22919320085812,38.021791721134015,0
335.0,942.2181276116481,1000.0,36.1130557735403,39.681742540284056,40.07928172526445,37.89739915691218,0
340.0,940.4254356406998,1000.0,36.04152455765993,39.50441748298947,39.89731725632033,37.772971020324704,0
345.0,938.6026848459363,1000.0,35.97276462780047,39.32762444727336,39.71591996389882,37.65019453753692,0
350.0,936.7496997597598,1000.0,35.905872778654434,39.15135579258862,39.53508165219938,37.52861428562153,0
355.0,934.8663006013213,1000.0,35.841501476575345,38.97560394072324,39.354794190704915,37.408552708649296,0
360.0,932.9523031752481,1000.0,35.78066979336627,38.80036137417849,39.17504951228821,37.29051558377238,0
365.0,931.0075187666316,1000.0,35.723210750203734,38.62562063456815,38.99583961133434,37.17441569238594,0
370.0,929.0317540321213,1000.0,35.66920825657871,38.45137432103781,38.81715654187975,37.06029128880826,0
375.0,927.0248108869579,1000.0,35.61785538438141,38.277615088703804,38.63899241576485,36.947735236542606,0
380.0,924.9864863877742,1000.0,35.56864278590658,38.10433564711079,38.46133940079986,36.83648921650868,0
385.0,922.9165726109809,1000.0,35.52168076759689,37.932187956369155,38.28418971894418,36.72693436198303,0
390.0,920.8148565265441,1000.0,35.47771627131257,37.78071585907957,38.10753564449386,36.629216065196076,0
395.0,918.6811198669536,1000.0,35.437972564251176,37.661181410895324,37.93136950228206,36.549576987573246,0
400.0,916.515138991168,1000.0,35.400137940053625,37.56322440541893,37.856532784393366,36.48168117273627,0
405.0,914.3166847433115,1000.0,35.36453495433178,37.496485612440736,37.944834788463226,36.430510283386255,0
410.0,912.0855223058855,1000.0,35.33238430720067,37.44367392684564,38.0349335836809,36.38802911702315,0
415.0,909.8214110472451,1000.0,35.30386294520754,37.40373576550338,38.12686239991477,36.35379935535546,0
420.0,907.5241043630742,1000.0,35.27868074301675,37.38390075033271,38.22065554868646,36.331290746674725,0
425.0,905.1933495115836,1000.0,35.258272050933115,37.404700660170406,38.316348464510625,36.33148635555176,0
430.0,902.8288874421332,1000.0,35.24029004273613,37.46507274095842,38.41397774825103,36.35268139184727,0
435.0,900.4304526169692,1000.0,35.22610282308345,37.54874595656247,38.51358121261984,36.38742438982296,0
440.0,897.997772825746,1000.0,35.215457999135666,37.63429314278718,38.61519792993351,36.42487557096142,0
445.0,895.5305689924828,1000.0,35.21016805651237,37.72175117129042,38.71886828226366,36.4659596139014,0
450.0,893.0285549745876,1000.0,35.20906511849823,37.811158170391785,38.824634014122246,36.510111644445004,0
455.0,890.4914373535548,1000.0,35.21224472385844,37.902553575973826,38.932538287832564,36.55739914991614,0
460.0,887.9189152169246,1000.0,35.21934575270212,37.99597818500197,39.04262574174392,36.60766196885204,0
465.0,885.3106799310624,1000.0,35.22963823520544,38.09147421182258,39.15494255146886,36.66055622351401,0
470.0,882.6664149042944,1000.0,35.24531144137051,38.18908534740868,39.26953649432246,36.7171983943896,0
475.0,879.9857953399021,1000.0,35.26851719206809,38.28885682173527,39.386457017163984,36.77868700690168,0
480.0,877.2684879784523,1000.0,35.29738309564455,38.39083546947987,39.50575530785344,36.84410928256221,0
485.0,874.5141508289046,1000.0,35.33330278270638,38.49506979925757,39.62748437055058,36.914186290981974,0
490.0,871.7224328879004,1000.0,35.3723830851212,38.60161006661544,39.75169910509989,36.98699657586832,0
495.0,868.8929738466068,1000.0,35.41355261092589,38.71050835102793,39.87845639076811,37.062030480976915,0
500.0,866.0254037844386,1000.0,35.456347810415224,38.82181863715301,40.00781517461136,37.13908322378411,0
505.0,863.1193428489481,1000.0,35.50077818781568,38.93559690062835,40.13983656478158,37.21818754422202,0
510.0,860.1744009211155,1000.0,35.54688045290746,39.05190119870811,40.274583929094646,37.299390825807784,0
515.0,857.1901772652321,1000.0,35.59469276087633,39.17079176606541,40.41212299921734,37.382742263470874,0
520.0,854.1662601625048,1000.0,35.64425477990456,39.292331116108265,40.552521980849534,37.46829294800641,0
525.0,851.1022265274601,1000.0,35.695398658563796,39.41449310646834,40.628938335321386,37.554945882516066,0
530.0,847.9976415061542,1000.0,35.748300877540835,39.53868081162134,40.72052395662294,37.64349084458109,0
535.0,844.8520580551367,1000.0,35.80302440795328,39.66565864242477,40.86870633101545,37.73434152518902,0
540.0,841.6650165000325,1000.0,35.85950608022779,39.79549779725251,41.020050134818504,37.82750193874015,0
545.0,838.436044072534,1000.0,35.91795579327863,39.92828093594398,41.174638083571615,37.923118364611305,0
550.0,835.1646544245033,1000.0,35.978423795009576,40.06408718318053,41.332556197028886,38.021255489095054,0
555.0,831.8503471177974,1000.0,36.0409624418983,40.20298734047933,41.4938939660977,38.12197489118881,0
560.0,828.4926070883191,1000.0,36.1056263072102,40.345064842475956,41.658744530263604,38.225345574843075,0
565.0,825.0909040826956,1000.0,36.172389551149095,40.49040656455204,41.82720486628188,38.33139805785056,0
570.0,821.6446920658589,1000.0,36.24131678065547,40.639103002350566,41.99937598899033,38.44020989150302,0
575.0,818.1534085976785,1000.0,36.312549608281216,40.791248462932366,42.17536316517236,38.551899035606795,0
580.0,814.616474176652,1000.0,36.386152752026035,40.94694126847389,42.35527614148182,38.666547010249964,0
585.0,811.0332915485036,1000.0,36.46219380556116,41.10628397348787,42.53922938753119,38.78423888952452,0
590.0,807.4032449773781,1000.0,36.54074339701067,41.269383596638576,42.72734235534937,38.905063496824624,0
595.0,803.7256994771288,1000.0,36.621875358616855,41.43635186832143,42.91973975652424,39.02911361346914,0
605.0,796.225470579785,1000.0,36.79219884322976,41.78236644371331,43.317914801393286,39.287282643471535,0
610.0,792.4014134263012,1000.0,36.881555749039784,41.96166224225515,43.52477417601151,39.42160899564747,0
615.0,788.5271079677603,1000.0,36.973826221579635,42.145326306768006,43.736682363449674,39.55957626417382,0
620.0,784.6018098373212,1000.0,37.06910310676611,42.333498288546195,43.95364358593462,39.70130069765615,0
625.0,780.6247497997998,1000.0,37.16748375738312,42.526324448119354,44.17582379947986,39.84690410275124,0
630.0,776.5951326141569,1000.0,37.26907030924349,42.723958056847245,44.403396953983965,39.99651418304536,0
635.0,772.5121358270044,1000.0,37.373969978309894,42.92655982878661,44.63654548891008,40.15026490354825,0
640.0,768.3749084919418,1000.0,37.482295380672426,43.134298385560264,44.875460867065385,40.30829688311634,0
645.0,764.1825698090738,1000.0,37.594164877482626,43.347350757246154,45.12034414998673,40.47075781736439,0
650.0,759.9342076785332,1000.0,37.70970294716766,43.56590292262855,45.371406618811314,40.637802934898104,0
655.0,755.6288771612689,1000.0,37.82904058750224,43.79015039251398,45.62887044493921,40.80959549000811,0
660.0,751.2655988397179,1000.0,37.95231575040013,44.02029884022474,45.89296941526783,40.986307295312436,0
665.0,746.8433570702762,1000.0,38.07967381260796,44.25802479829117,46.16394971731753,41.16884930544956,0
670.0,742.3610981186986,1000.0,38.21126808584587,44.504334726062744,46.44207079017536,41.357801405954305,0
675.0,737.8177281686853,1000.0,38.347260370349325,44.757339609806344,46.727606247865,41.552299990077834,0
680.0,733.2121111929343,1000.0,38.487821556229676,45.017297312324374,47.020844882539706,41.752559434277025,0
685.0,728.5430666748534,1000.0,38.632831949619884,45.281476847804036,47.29888697285938,41.957154398711964,0
690.0,723.8093671679029,1000.0,38.78217261933155,45.54706577082014,47.60625650430905,42.16461919507584,0
695.0,719.0097356781756,1000.0,38.93663036798813,45.820213259089265,47.92217915810204,42.378421813538694,0
700.0,714.142842854285,1000.0,39.09614917028874,46.09853725668891,48.16081652177616,42.59734321348883,0
705.0,709.2073039669008,1000.0,39.26070221621713,46.37983698844727,48.28630181870152,42.8202696023322,0
710.0,704.2016756583301,1000.0,39.43102928608453,46.669458038225414,48.621201553666005,43.05024366215497,0
715.0,699.1244524403363,1000.0,39.607384673450014,46.96776206533724,48.965841165976684,43.28757336939363,0
720.0,693.9740629158989,1000.0,39.79003889258072,47.27513342799423,49.320649713388924,43.53258616028747,0
725.0,688.7488656977955,1000.0,39.97928001396527,47.592041144747455,49.68608352812477,43.78566057935636,0
730.0,683.447144993671,1000.0,40.17541513626998,47.9189706763965,50.06262847794607,44.04719290633324,0
735.0,678.0671058236051,1000.0,40.37877201148132,48.25628834203207,50.45080246059094,44.31753017675669,0
740.0,672.6068688320095,1000.0,40.58970084239152,48.604490676622746,50.85115816057796,44.597095759507134,0
745.0,667.0644646509062,1000.0,40.80857627439829,48.96410839065631,51.264286101609635,44.8863423325273,0
750.0,661.4378277661476,1000.0,41.03579960688192,49.33829457391346,51.690818032776804,45.18704709039769,0
755.0,655.7247898318318,1000.0,41.27180125328515,49.73328084640111,52.131430692557714,45.50254104984313,0
760.0,649.9230723708769,1000.0,41.5170434835653,50.14199570459706,52.58685000144998,45.82951959408118,0
765.0,644.0302787913004,1000.0,41.772023488052724,50.565065418765464,53.057855742123245,46.1685444534091,0
770.0,638.0438856379708,1000.0,42.03690700051026,51.00326736411297,53.54528679551937,46.52008718231161,0
775.0,631.9612329882269,1000.0,42.31258098510992,51.45743944606155,54.053312194890964,46.88501021558574,0
780.0,625.7795138864806,1000.0,42.599712519357105,51.93479056670237,54.58679557296535,47.26725154302974,0
785.0,619.4957626973732,1000.0,42.89897623103696,52.43378224619003,55.14039836065663,47.666379238613494,0
790.0,613.1068422387733,1000.0,43.21110360353053,52.95207975879999,55.71532456426499,48.081591681165264,0
795.0,606.6094295343586,1000.0,43.53681701529433,53.490973520464586,56.31288166238785,48.51389526787946,0
805.0,593.2748098478478,1000.0,44.23188275319478,54.63560664209908,57.581707564781716,49.43374469764693,0
810.0,586.4298764558299,1000.0,44.6026783895172,55.2443358627817,58.256222370436284,49.92350712614945,0
815.0,579.4609564069007,1000.0,44.99101839163163,55.87968426142568,58.95989288409479,50.435351326528654,0
820.0,572.3635208501673,1000.0,45.398136642377416,56.543242614801265,59.694756812104366,50.97068962858934,0
825.0,565.1327277728658,1000.0,45.82539128893117,57.23702226871554,60.463056801633044,51.53120677882336,0
830.0,557.7633906953736,1000.0,46.274281196815096,57.963241249006884,61.267267648212076,52.11876122291099,0
835.0,550.2499432076299,1000.0,46.74474015632532,58.71100471590075,62.0667520701877,52.72787243611303,0
840.0,542.5863986500215,1000.0,47.23795623913148,59.47670627189612,62.84912642694365,53.3573312555138,0
845.0,534.7663040992766,1000.0,47.75676445087277,60.26755537039306,63.7789089495862,54.01215991063292,0
850.0,526.7826876426369,1000.0,48.304511798257906,61.09753683356599,64.68347679610177,54.70102431591195,0
855.0,518.6279977016281,1000.0,48.88059360646025,61.94614940747276,65.62122349581618,55.413371506966506,0
857.0,515.3164076564999,1000.0,49.12042845702863,62.29872866541153,66.03569611754422,55.709578561220084,0
0.0,-309.15784197788895,309.15784197788895,39.09564548041175,60.7026332778848,62.78703114096526,49.899139379148274,0
5.0,-306.15353888275115,306.1943653472941,38.75619314513706,60.352900053111156,62.3795159911268,49.55454659912411,0
10.0,-303.14923578761335,303.3141262101289,38.41721297392536,60.002937089399694,61.97176957772403,49.21007503166253,0
15.0,-300.14493269247555,300.5195178702553,38.07872091075372,59.65273626336012,61.56378364608883,48.86572858705692,0
20.0,-297.14062959733775,297.81295095664035,37.74037877092596,59.30273736240485,61.33319161155695,48.521558066665406,0
25.0,-294.13632650219995,295.19684715153846,37.4016879216835,58.94547930120707,60.890375802580465,48.17358361144528,0
30.0,-291.13202340706215,292.67363231608374,37.06367859196804,58.59837970398507,60.51452363300222,47.83102914797655,0
35.0,-288.12772031192435,290.2457290162019,36.72605229203474,58.24960676184463,60.253081249366105,47.487829526939684,0
40.0,-285.12341721678655,287.9155484606167,36.388735801969744,57.89594754758928,59.843517025584944,47.142341674779516,0
45.0,-282.11911412164875,285.68548187260734,36.0513316431352,57.533452432070334,59.491599911187926,46.79239203760277,0
50.0,-279.11481102651095,283.55789132797014,35.71467580069543,57.17311718766669,59.054445827795,46.44389649418106,0
55.0,-276.11050793137315,281.5351001032036,35.37941011264846,56.82544021406387,58.61694444410448,46.10242516335616,0
60.0,-273.10620483623535,279.6193825900696,35.045349878354216,56.47887888907586,58.2023967579974,45.76211438371504,0
65.0,-270.10190174109755,277.81295384513214,34.71226612286125,56.13201192832247,57.79134467892598,45.42213902559186,0
70.0,-267.09759864595975,276.11795885533814,34.37995769787048,55.784827277943485,57.42128359795499,45.082392487906986,0
75.0,-264.09329555082195,274.53646161283166,34.04845588744398,55.43731230236772,57.2337255659226,44.74288409490585,0
80.0,-261.08899245568415,273.0704341035922,33.71784011702454,55.088087360566526,57.00205366694837,44.402963738795535,0
85.0,-258.08468936054635,271.7217453247526,33.38778454187543,54.732999728933216,56.59381112823077,44.06039213540433,0
90.0,-255.08038626540855,270.4921504541491,33.05889062353283,54.37987329287706,56.18789398267138,43.71938195820495,0
95.0,-252.07608317027075,269.38328030237,32.73007383179729,54.030995383190415,55.914648318637084,43.38053460749386,0
100.0,-249.07178007513295,268.39663118190475,32.40123387884287,53.67677219244313,55.50154636999866,43.039003035643006,0
105.0,-246.06747697999515,267.533555329608,32.07370508522616,53.33438647441763,55.08796121335061,42.7040457798219,0
110.0,-243.06317388485735,266.7952520173108,31.748582377688237,52.99656374555404,54.673872136424215,42.37257306162114,0
115.0,-240.05887078971955,266.182759480841,31.425437985017886,52.65826386933156,54.431882537572434,42.04185092717472,0
120.0,-237.05456769458175,265.6969477898928,31.102740998815438,52.309040048374214,54.03464638806163,41.705890523594825,0
125.0,-234.05026459944395,265.33851277013997,30.782130891998342,51.96308672789555,53.58989964485024,41.37260880994695,0
130.0,-231.04596150430615,265.10797107489867,30.4655280144075,51.62257019613934,53.29411759632243,41.04404910527342,0
135.0,-228.04165840916835,265.0056564868075,30.151605082032717,51.28035421606667,53.00466996953891,40.71597964904969,1
140.0,-225.03735531403055,265.0317175108165,29.83983454657748,50.934268904377,52.60964398405457,40.38705172547724,1
145.0,-222.03305221889275,265.1861162987941,29.53081926327947,50.58302032412309,52.251594623524596,40.05691979370128,1
150.0,-219.02874912375495,265.4686289238651,29.22443235632247,50.229357677286636,51.84266387996161,39.726895016804555,1
155.0,-216.02444602861715,265.8788469998524,28.921855067348385,49.86665856981879,51.49446744335602,39.394256818583585,1
160.0,-213.02014293347935,266.41618061859526,28.623491683424994,49.504577626804306,51.17761146734433,39.064034655114654,1
165.0,-210.01583983834152,267.0798625561349,28.326837151733944,49.1388120203179,50.77574024679218,38.73282458602592,1
170.0,-207.01153674320372,267.868953678441,28.03267831740095,48.772869918639415,50.36171413438759,38.40277411802018,1
175.0,-204.00723364806592,268.78234945906803,27.742019215492842,48.413961604839564,50.033572409831365,38.0779904101662,1
180.0,-201.00293055292812,269.81878750536487,27.453542230428333,48.04094879003335,49.68114632647216,37.74724551023084,1
185.0,-197.99862745779032,270.9768559769798,27.16865416147752,47.66015475546221,49.341894674952755,37.41440445846986,1
190.0,-194.99432436265252,272.2550027706513,26.88734868623652,47.26844394710164,48.89119738381645,37.07789631666908,0
195.0,-191.99002126751472,273.65154533877705,26.6108231746847,46.87582379210312,48.43952560181924,36.74332348339391,1
200.0,-188.98571817237692,275.16468100599155,26.340015411358863,46.48209687606333,48.24731093195023,36.41105614371109,1
205.0,-185.98141507723912,276.79249764784504,26.07282424304246,46.08013665138347,47.82484370176783,36.076480447212965,0
210.0,-182.97711198210132,278.53298459843217,25.809565810537237,45.67712077173399,47.40144972752608,35.743343291135616,0
215.0,-179.97280888696352,280.3840436591631,25.55110220690314,45.27299192490404,46.977078362048594,35.41204706590359,0
220.0,-176.96850579182572,282.343500088441,25.30023992442497,44.86768890089501,46.58684700968557,35.083964412659995,1
225.0,-173.96420269668792,284.4091134613909,25.05616852676269,44.45780562509749,46.372388693968425,34.75698707593009,1
230.0,-170.95989960155012,286.5785882995659,24.816443540003377,44.039224854597045,45.92073242391694,34.427834197300214,1
235.0,-167.95559650641232,288.8495843822954,24.582335386245614,43.62155322565347,45.467433723301475,34.101944305949544,0
240.0,-164.9512934112745,291.2197266636523,24.35565734737922,43.202563321428265,45.01239671408764,33.77911033440374,1
245.0,-161.9469903161367,293.6866147315108,24.136518750209092,42.78200874731435,44.59587850209299,33.45926374876172,1
250.0,-158.9426872209989,296.2478317575207,23.924731240253017,42.359795693404294,44.43916057011838,33.14226346682865,0
255.0,-155.9383841258611,298.90095289875643,23.721112183127776,41.934908056163536,44.112744429683765,32.828010119645654,1
260.0,-156.2237609471657,303.32468327598593,23.36437575672126,41.02161989028613,43.06030055475997,32.192997823503696,0
265.0,-159.22806404230352,309.1578502620626,22.908301438738892,39.766175003907954,41.98926259864154,31.337238221323425,1
270.0,-162.23236713744132,314.99101724813926,22.489014717082867,38.58767319128939,40.64445796437847,30.53834395418613,1
275.0,-165.23667023257912,320.82418423421586,22.103251683665334,37.52422113301562,39.36861264614892,29.81373640834048,1
280.0,-168.24097332771692,326.6573512202925,21.749397855467155,36.53007820060837,38.47961223865271,29.139738028037762,1
285.0,-171.24527642285472,332.4905182063692,21.425122815734923,35.597245287830404,37.50432899938476,28.511184051782664,1
290.0,-174.24957951799252,338.32368519244585,21.1316063535517,34.69072064093236,36.431495192956085,27.91116349724203,1
295.0,-177.25388261313032,344.1568521785225,20.865039295335738,33.804825070116635,35.547851493290906,27.334932182726185,1
300.0,-180.25818570826812,349.9900191645991,20.62524250364735,32.96893358450656,34.48972822099967,26.797088044076954,0
305.0,-183.26248880340592,355.8231861506758,20.415401862107636,32.20337927915533,33.869193405593464,26.309390570631482,1
310.0,-186.26679189854372,361.65635313675244,20.22412229398222,31.43527853158827,33.0011541994451,25.829700412785243,1
315.0,-189.27109499368152,367.4895201228291,20.054112787763252,30.700880125431333,32.13902658895186,25.377496456597292,1
320.0,-192.27539808881932,373.32268710890577,19.90702019131878,30.00649287101539,31.528731090412556,24.956756531167084,0
325.0,-195.27970118395712,379.1558540949824,19.78153322801692,29.33030242407449,30.779586411797958,24.555917826045704,1
330.0,-198.28400427909492,384.98902108105904,19.675036517768454,28.679178359631468,30.108806797360508,24.177107438699963,1
335.0,-201.28830737423272,390.8221880671357,19.58507070428557,28.081298344566758,29.367360990767505,23.833184524426166,1
340.0,-204.29261046937054,396.65535505321236,19.512642668435056,27.524692965420858,28.667672892295535,23.51866781692796,1
345.0,-207.29691356450834,402.488522039289,19.458880522069748,27.01222635497787,28.007654643940263,23.23555343852381,1
350.0,-210.30121665964614,408.3216890253657,19.42574580061783,26.596924731972937,27.661149351803726,23.011335266295383,1
355.0,-213.30551975478394,414.15485601144235,19.409330738348807,26.2793077700499,27.240470688197085,22.844319254199355,1
360.0,-216.30982284992174,419.98802299751895,19.411318205301722,26.082477893081155,27.480254292037337,22.746898049191437,1
365.0,-219.31412594505954,425.8211899835956,19.43094071570006,25.98334004238815,27.87878443389652,22.707140379044105,1
370.0,-222.31842904019734,431.6543569696723,19.464431916030392,25.928989072770918,28.277317751852642,22.696710494400655,1
375.0,-225.32273213533514,437.48752395574894,19.512018805534474,25.928040099497345,28.675854108606234,22.72002945251591,0
380.0,-228.32703523047294,443.3206909418256,19.574356297948793,25.994788205042887,29.07439337463851,22.784572251495838,0
385.0,-231.33133832561074,449.1538579279022,19.64924691561729,26.155263574225593,29.472935427669505,22.90225524492144,0
390.0,-234.33564142074854,454.98702491397887,19.735244324423874,26.40571332944211,29.871480152159837,23.07047882693299,0
395.0,-237.33994451588634,460.82019190005553,19.836891960655848,26.74958635433758,30.270027438854576,23.293239157496714,0
400.0,-240.34424761102414,466.6533588861322,19.94967581524851,27.142569778354762,30.668577184360984,23.546122796801637,0
405.0,-243.34855070616194,472.48652587220886,20.071435806284192,27.535646596674038,31.067129290763468,23.803541201479113,0
410.0,-246.35285380129974,478.31969285828546,20.20317822013913,27.928812550875218,31.46568366526421,24.065995385507172,0
415.0,-249.35715689643757,484.1528598443622,20.34640254341215,28.322063635543923,31.86424021985588,24.334233089478037,0
420.0,-252.36145999157537,489.9860268304388,20.50171833253785,28.71539607989505,32.262798871015434,24.60855720621645,0
425.0,-255.36576308671317,495.81919381651545,20.6658498938545,29.108806330963876,32.66135953942372,24.887328112409186,0
430.0,-258.370066181851,501.6523608025921,20.839993101801742,29.5022910382115,33.0599221497039,25.17114207000662,0
435.0,-261.3743692769888,507.4855277886688,21.029552128732714,29.895847039409123,33.458486630181085,25.46269958407092,0
440.0,-264.3786723721266,513.3186947747454,21.229378298607738,30.28947134767932,33.85705291265688,25.75942482314353,0
445.0,-267.3829754672644,519.151861760822,21.438746991578935,30.6831611395862,34.255620932202945,26.060954065582568,0
450.0,-270.3872785624022,524.9850287468987,21.65797482707583,31.076913744177027,34.6541906269666,26.367444285626426,0
455.0,-273.39158165754,530.8181957329754,21.88672868501272,31.47072663288886,35.0527619379918,26.67872765895079,0
460.0,-276.3958847526778,536.651362719052,22.122250215503776,31.864597410241217,35.45133480905137,26.993423812872496,0
465.0,-279.4001878478156,542.4845297051287,22.364700401333522,32.258523805245744,35.849909186491466,27.311612103289633,0
470.0,-282.4044909429534,548.3176966912054,22.615970592458076,32.65250366346851,36.24848501908647,27.634237127963292,0
475.0,-285.4087940380912,554.150863677282,22.880638118561592,33.04653493968906,36.64706225790282,27.963586529125326,0
480.0,-288.413097133229,559.9840306633586,23.15664069770868,33.44061569110423,37.045640856172774,28.298628194406454,0
485.0,-291.4174002283668,565.8171976494352,23.445190162286547,33.83474407103073,37.44422076917644,28.63996711665864,0
490.0,-294.4217033235046,571.6503646355119,23.742235533467376,34.228918323064086,37.84280195413028,28.98557692826573,0
495.0,-297.4260064186424,577.4835316215886,24.048419680729612,34.62313677565661,38.241384370084155,29.335778228193114,0
500.0,-300.4303095137802,583.3166986076652,24.36138751023091,35.01739783707943,38.639967977824426,29.68939267365517,0
505.0,-303.434612608918,589.1498655937419,24.676249185902368,35.411699990737546,39.03855273978238,30.043974588319955,0
510.0,-306.4389157040558,594.9830325798185,24.99314018962149,35.806041790809466,39.43713861994932,30.39959099021548,0
515.0,-309.4432187991936,600.8161995658952,25.31170050627574,36.20042185818581,39.83572558379751,30.756061182230777,0
520.0,-312.4475218943314,606.6493665519719,25.632345728779747,36.59483887668276,40.234313598202505,31.113592302731252,0
525.0,-315.4518249894692,612.4825335380485,25.955001624380436,36.98929158951004,40.63290263137577,31.472146606945238,0
530.0,-318.45612808460703,618.3157005241252,26.279592601979697,37.38377879597251,41.031492652795386,31.831685698976102,0
535.0,-321.46043117974483,624.1488675102019,26.60567132279121,37.77455181770663,41.31016265132295,32.19011157024892,0
540.0,-324.46473427488263,629.9820344962785,26.933114531664973,38.161073777442915,41.53651567384753,32.547094154553946,0
545.0,-327.46903737002043,635.8152014823551,27.262283673184243,38.547626732540664,41.937559552155555,32.90495520286245,0
550.0,-330.47334046515823,641.6483684684317,27.593114595133642,38.93420968336875,42.33860493907942,33.263662139251196,0
555.0,-333.47764356029603,647.4815354545084,27.925204478419065,39.32082167263869,42.73965178985912,33.623013075528874,0
560.0,-336.48194665543383,653.314702440585,28.258812131900513,39.70746178319505,43.14070006148142,33.983136957547785,0
565.0,-339.48624975057163,659.1478694266617,28.5939004053144,40.094129135942744,43.541749712594175,34.344014770628576,0
570.0,-342.49055284570943,664.9810364127384,28.93041534356796,40.480822887900274,43.94280070342765,34.705619115734116,0
575.0,-345.49485594084723,670.814203398815,29.268305217993678,40.867542230371576,44.343852995719885,35.06792372418263,0
580.0,-348.49915903598503,676.6473703848917,29.60752043702386,41.25428638722698,44.744906552646455,35.430903412125424,0
585.0,-351.50346213112283,682.4805373709684,29.948013459167406,41.641054613285995,45.145961338753125,35.7945340362267,0
590.0,-354.50776522626063,688.313704357045,30.28973870842716,42.02784619279591,45.547017319893776,36.158792450611536,0
595.0,-357.51206832139843,694.1468713431217,30.63265249226204,42.41466043799814,45.94807446317001,36.52365646513009,0
600.0,-360.51637141653623,699.9800383291982,30.97671292216846,42.80149668777781,46.34913273687554,36.88910480497313,0
605.0,-363.52067451167403,705.8132053152749,31.32187983692899,43.18835430639051,46.750192110442384,37.25511707165975,0
610.0,-366.52497760681183,711.6463723013516,31.667870623440095,43.575232682260506,47.15125255439083,37.6215516528503,0
615.0,-369.52928070194963,717.4795392874282,32.014336255179956,43.962131226847625,47.552314040281544,37.98823374101379,0
620.0,-372.53358379708743,723.3127062735049,32.361788680090314,44.349049373575575,47.953376540669055,38.35541902683295,0
625.0,-375.53788689222523,729.1458732595815,32.70799861078011,44.71646356060021,48.06402376047398,38.71223108569016,0
630.0,-378.54218998736303,734.9790402456582,33.054442689664086,45.08147453151408,48.263351253982485,39.06795861058909,0
635.0,-381.54649308250083,740.8122072317349,33.40146731757593,45.44650291412435,48.65529394349684,39.423985115850144,0
640.0,-384.55079617763863,746.6453742178115,33.7493407979261,45.81154823463955,49.047236784987064,39.78044451628283,0
645.0,-387.55509927277643,752.4785412038882,34.09759767616722,46.17661003623738,49.439179774338946,40.1371038562023,0
650.0,-390.55940236791423,758.3117081899647,34.4461227169798,46.54168787831422,49.831122907582454,40.49390529764701,0
655.0,-393.56370546305203,764.1448751760414,34.79428520545356,46.90678133577461,50.22306618088612,40.850533270614086,0
660.0,-396.56800855818983,769.9780421621181,35.14272229274779,47.27188999835688,50.61500959055186,41.20730614555234,0
665.0,-399.57231165332763,775.8112091481947,35.49186065912235,47.63701346999397,51.00695313300819,41.56443706455816,0
670.0,-402.57661474846543,781.6443761342714,35.841677954805114,48.0076274940267,51.3988968048046,41.92465272441591,0
675.0,-405.58091784360323,787.4775431203481,36.19215270661488,48.380831028387576,51.790840602608526,42.286491867501226,0
680.0,-408.5852209387411,793.3107101064247,36.5432642790839,48.754049994732036,52.182784523198045,42.64865713690797,0
685.0,-411.5895240338789,799.1438770925014,36.894992837380556,49.12728400473014,52.57472856345869,43.01113842105535,0
690.0,-414.5938271290167,804.977044078578,37.24731931195569,49.50053268293397,52.966672720379236,43.37392599744483,0
695.0,-417.5981302241545,810.8102110646547,37.60022536483803,49.873795666249414,53.35861699104706,43.73701051554372,0
700.0,-420.6024333192923,816.6433780507314,37.95330980190633,50.24707260343341,53.75056137264331,44.10019120266987,0
705.0,-423.6067364144301,822.476545036808,38.30662607946543,50.62036315461597,54.14250586244138,44.4634946170407,0
710.0,-426.6110395095679,828.3097120228847,38.66046869965466,51.003399295454834,54.534450457800645,44.83193399755474,0
715.0,-429.6153426047057,834.1428790089612,39.01482204073243,51.389051452725326,54.926395156165974,45.201936746728876,0
720.0,-432.6196456998435,839.9760459950379,39.36967106238332,51.77471790524908,55.32416968843162,45.5721944838162,0
725.0,-435.6239487949813,845.8092129811146,39.725001280618685,52.1603983160214,55.727842475803044,45.94269979832004,0
730.0,-438.6282518901191,851.6423799671912,40.08079874385852,52.5460923585246,56.131518100923316,46.31344555119156,0
735.0,-441.6325549852569,857.4755469532679,40.43705001013838,52.93408520110477,56.53519650284023,46.68556760562157,0
740.0,-444.6368580803947,863.3087139393446,40.793581268379654,53.32895918939125,56.938877622334125,47.06127022888545,0
745.0,-447.6411611755325,869.1418809254212,41.15012434615545,53.72384660000157,57.34256140185685,47.43698547307851,0
750.0,-450.6454642706703,874.9750479114979,41.506059376215006,54.11874712752853,57.74624778547338,47.81240325187177,0
755.0,-453.6497673658081,880.8082148975745,41.86218591086164,54.5136604757399,58.149936718805314,48.18792319330077,0
760.0,-456.6540704609459,886.6413818836512,42.21869714580812,54.90861670315295,58.55362814897743,48.56365692448054,0
765.0,-459.6583735560837,892.4745488697278,42.575582526044016,55.303816693294706,58.95732202456589,48.93969960966936,0
770.0,-462.6626766512215,898.3077158558044,42.932801219206,55.699253470034016,59.36101829554861,49.31602734462001,0
775.0,-465.6669797463593,904.1408828418811,43.28975198216466,56.09479881053375,59.7647169132588,49.6922753963492,0
780.0,-468.6712828414971,909.9740498279577,43.6470120510446,56.49035627614217,60.16841783033804,50.06868416359339,0
785.0,-471.6755859366349,915.8072168140344,44.00385680244042,56.88592560446078,60.57212100069376,50.444891203450595,0
790.0,-474.6798890317727,921.6403838001111,44.361025099536754,57.28150654059347,60.97582637945665,50.82126582006511,0
795.0,-477.6841921269105,927.4735507861877,44.71850851716272,57.677098836880994,61.3795339229401,51.19780367702185,0
800.0,-480.6884952220483,933.3067177722644,45.07629891180831,58.07270225264632,61.78324358860248,51.574500582227316,0
805.0,-483.6927983171861,939.139884758341,45.43327133494965,58.457639955503026,62.13933978902933,51.94545564522634,0
810.0,-486.6971014123239,944.9730517444177,45.79042747924295,58.842369178420874,62.543374929472826,52.31639832883191,0
815.0,-489.7014045074617,950.8062187304944,46.14685835088935,59.220810840511696,62.83595339565233,52.683834595700525,0
820.0,-492.7057076025995,956.6393857165709,46.502510081448804,59.594482069570816,63.24135699260923,53.04849607550981,0
825.0,-495.7100106977373,962.4725527026476,46.858436866845395,59.96816264798336,63.64676327947853,53.41329975741438,0
830.0,-498.71431379287515,968.3057196887244,47.21336353988796,60.34185238425473,64.052172205233,53.77760796207134,0
835.0,-501.71861688801295,974.1388866748009,47.56835879731448,60.71555109207074,64.4575837201278,54.141954944692614,0
840.0,-504.72291998315075,979.9720536608776,47.92326520665324,61.08586157577697,64.75429331655045,54.5045633912151,0
845.0,-507.72722307828855,985.8052206469542,48.27757130700493,61.447730975743816,65.11698669769743,54.86265114137437,0
850.0,-510.73152617342635,991.6383876330309,48.63211603498606,61.8096084024239,65.50893344556957,55.22086221870498,0
855.0,-513.7358292685641,997.4715546191076,48.98689359261879,62.17162633602766,65.90088024888924,55.57925996432323,0
857.0,-514.9375505066192,999.8048214135382,49.12886854465716,62.31645874269551,66.05765898549497,55.722663643676334,0
0.0,-857.2978713203298,857.2978713203298,40.76277307723137,50.152281797244434,51.08132655029746,45.4575274372379,0
5.0,-860.165441382498,860.1799733478731,40.64904431990135,49.93963986317754,50.898837175260816,45.29434209153945,0
10.0,-862.9949004237916,863.0528362490155,40.537689790801124,49.73044720132892,50.74269139434416,45.13406849606503,0
15.0,-865.7866183647958,865.9165482536689,40.428498947258966,49.52296048987493,50.53888964413863,44.97572971856695,0
20.0,-868.5409555143435,868.7711962339503,40.32151048010414,49.31801488828955,50.3165815184537,44.819762684196846,0
25.0,-871.2582628757933,871.6168657324989,40.21674463288467,49.11622019635493,50.097623006853205,44.6664824146198,0
30.0,-873.9388824401856,874.4536409900759,40.114151250289424,48.917503255403645,49.88193682807095,44.515827252846535,0
35.0,-876.5831474669536,877.2816049724689,40.01370792320075,48.72179333913073,49.66944824881764,44.367750631165734,0
40.0,-879.1913827528158,880.1008393967184,39.91543657566641,48.5289535303968,49.49128833636291,44.222195053031605,0
45.0,-881.763904889446,882.9114247566877,39.818971297327074,48.336465721872855,49.283299627728326,44.07771850959996,0
50.0,-884.3010225104788,885.7134403479934,39.724667196257215,48.14683183572285,49.078357561820354,43.93574951599003,0
55.0,-886.803036528374,888.5069642923147,39.63236735637318,47.961997038580314,48.89494456970399,43.797182197476744,0
60.0,-889.2702403616372,891.2920735610993,39.54165647991959,47.77956320899388,48.69312592596245,43.66060984445673,0
65.0,-891.7029201528604,894.0688439986815,39.45295243097014,47.60204484836063,48.49426181865695,43.52749863966538,0
70.0,-894.1013549780245,896.8373503448322,39.36605560418509,47.42521900277265,48.31952786141273,43.39563730347887,0
75.0,-896.4658170474748,899.5976662567532,39.28083104175118,47.248584418477996,48.12396259036096,43.26470773011459,0
80.0,-898.7965718989655,902.3498643305335,39.19747065925163,47.07448949689943,47.93119956464685,43.135980078075534,0
85.0,-901.0938785831363,905.0940161220822,39.11585092725521,46.90288150031647,47.74117963124081,43.00936621378584,0
90.0,-903.3579898417768,907.8301921675527,39.03593894696115,46.73370929651452,47.55384544715566,42.884824121737836,0
95.0,-905.5891522792027,910.5584620032724,38.957726959439555,46.56692329816578,47.36914141048764,42.76232512880267,0
100.0,-907.7876065270592,913.2788941851919,38.881291219014884,46.40247540501598,47.18701359466795,42.64188331201543,0
105.0,-909.9535874028448,915.9915563078662,38.80666389931331,46.24087039370817,47.00740968575203,42.523767146510735,0
110.0,-912.0873240624353,918.6965150229829,38.73369814135221,46.08275114918556,46.83412632071347,42.40822464526889,0
115.0,-914.1890401468721,921.393836057448,38.66251178773538,45.92762270719355,46.66335519056908,42.295067247464466,0
120.0,-916.2589539236654,924.0835842310422,38.5932457737874,45.777128569192655,46.494854096597216,42.18518717149003,0
125.0,-918.2972784228491,926.7658234736602,38.52573106451683,45.62913302811757,46.32857912315271,42.0774320463172,0
130.0,-920.3042215680125,929.4406168421442,38.46003994850972,45.48659765946919,46.216974315363174,41.97331880398946,0
135.0,-922.2799863025228,932.1080265367216,38.39571975790608,45.34239761320317,46.092821757646455,41.86905868555462,0
140.0,-924.2247707111393,934.7681139170602,38.332718403379765,45.19627163259302,45.928519954989994,41.76449501798639,0
145.0,-926.1387681372125,937.4209395179487,38.271670132366225,45.05206522737332,45.76637332991534,41.66186767986977,0
150.0,-928.022167295651,940.0665630646147,38.212641855215665,44.90974319213646,45.60634188818374,41.56119252367606,0
155.0,-929.8751523818275,942.7050434876897,38.15536510957678,44.76927129818224,45.448386748413995,41.462318203879505,0
160.0,-931.697903176591,945.3364389378294,38.09979717842667,44.63061626057246,45.29247010429406,41.36520671949957,0
165.0,-933.4905951475394,947.9608068000001,38.04616625127685,44.493745706566784,45.13855518838548,41.269955978921814,0
170.0,-935.2533995467026,950.5782037074404,37.99428770940026,44.35862814537305,44.98660623743714,41.17645792738666,0
175.0,-936.9864835047781,953.1886855553048,37.94385788381301,44.22523293914808,44.83658845914315,41.08454541148055,0
180.0,-938.6900101220522,955.7923075140009,37.894722898701204,44.09353027519017,44.68846800026834,40.99412658694568,0
185.0,-940.3641385561357,958.3891240422249,37.84714150281066,43.96193744758387,44.60872009331959,40.90453947519727,0
190.0,-942.0090241066376,960.9791888997075,37.80064129798406,43.829584398357284,44.46214867382577,40.81511284817067,0
195.0,-943.6248182968898,963.5625551596731,37.75540538327064,43.69612497937097,44.33055244860718,40.72576518132081,0
200.0,-945.2116689528368,966.1392752210248,37.712087242470986,43.5639437318023,44.18901982129906,40.63801548713664,0
205.0,-946.7697202791945,968.7094008202585,37.67061883659969,43.433399754412164,44.04924881755079,40.552009295505925,0
210.0,-948.2991129329773,971.2729830431152,37.630417963085016,43.30446622179478,43.911209868064624,40.467442092439896,0
215.0,-949.7999840944926,973.8300723359791,37.59171622013177,43.1771170048901,43.77487417340385,40.38441661251093,0
220.0,-951.2724675358912,976.3807185170256,37.5545822773665,43.051326649751225,43.640213680157295,40.30295446355886,0
225.0,-952.7166936873617,978.9249707871274,37.51890453078734,42.92909820560822,43.507201058035335,40.224001368197776,0
230.0,-954.1327897010534,981.462877740526,37.484519389741635,42.80882248622615,43.375809677855784,40.14667093798389,0
235.0,-955.520879512805,983.994487375272,37.45183436720385,42.691139865941345,43.24601359037817,40.0714871165726,0
240.0,-956.8810839017561,986.5198471034425,37.4205591329322,42.576413546610084,43.11778750595148,39.99848633977114,0
245.0,-958.2135205479143,989.03900376114,37.3907758319796,42.46360083333555,42.99110677493947,39.92718833265758,0
250.0,-959.5183040877455,991.5520036182788,37.3623728113937,42.353557536011785,42.865947368887156,39.85796517370274,0
255.0,-960.7955461678545,994.0588923881652,37.33541395000236,42.24483477279357,42.74228586240072,39.790124361397964,0
260.0,-962.045355496819,996.5597152368747,37.31022555615575,42.13910903661411,42.62009941570632,39.72466729638493,0
265.0,-963.2678378952361,999.0545167924336,37.28662922969662,42.035387532274406,42.49936575786284,39.661008380985514,0
270.0,-962.8603221651622,1000.0,37.21757112678155,41.89493533652526,42.38906783038305,39.5562532316534,0
275.0,-961.4442261514705,1000.0,37.12117480185154,41.73074902450536,42.229967706791186,39.42596191317845,0
280.0,-960.0,1000.0,37.027073234342694,41.566257351314064,42.04348918987354,39.29666529282838,0
285.0,-958.5275165586014,1000.0,36.934828483797006,41.402327934851705,41.857630149702814,39.16857820932435,0
290.0,-957.0266453970861,1000.0,36.84464213868173,41.238804989897375,41.68742887125858,39.041723564289555,0
295.0,-955.4972527433033,1000.0,36.756338670806485,41.07396836651937,41.50075850459032,38.915153518662926,0
300.0,-953.9392014169456,1000.0,36.669520868118745,40.90760246181441,41.324394977312764,38.78856166496658,0
305.0,-952.3523507609985,1000.0,36.584552604197334,40.73489529685836,41.141443124838204,38.65972395052785,0
310.0,-950.7365565707464,1000.0,36.50167460615681,40.55844405645171,40.963118888101896,38.53005933130426,0
315.0,-949.0916710202445,1000.0,36.421149417391376,40.38206437397158,40.77877035881913,38.40160689568148,0
320.0,-947.417542586161,1000.0,36.34206479356085,40.206234463945364,40.59500534177153,38.27414962875311,0
325.0,-945.7140159688869,1000.0,36.26410670996093,40.0309464392883,40.41181565785357,38.147526574624614,0
330.0,-943.9809320108113,1000.0,36.187390963364656,39.85619247890337,40.22919320085812,38.02179172113401,0
335.0,-942.2181276116481,1000.0,36.113055773540296,39.68174254028404,40.07928172526445,37.89739915691217,0
340.0,-940.4254356406998,1000.0,36.041524557659926,39.504417482989474,39.897317256320385,37.772971020324704,0
345.0,-938.6026848459363,1000.0,35.97276462780046,39.32762444727335,39.71591996389887,37.650194537536905,0
350.0,-936.7496997597598,1000.0,35.90587277865443,39.15135579258861,39.53508165219933,37.528614285621515,0
355.0,-934.8663006013213,1000.0,35.84150147657533,38.975603940723246,39.354794190704865,37.40855270864929,0
360.0,-932.9523031752481,1000.0,35.78066979336626,38.80036137417849,39.17504951228821,37.290515583772375,0
365.0,-931.0075187666316,1000.0,35.72321075020373,38.62562063456814,38.99583961133429,37.174415692385935,0
370.0,-929.0317540321213,1000.0,35.669208256578706,38.4513743210378,38.81715654187975,37.06029128880825,0
375.0,-927.0248108869579,1000.0,35.6178553843814,38.27761508870379,38.63899241576479,36.9477352365426,0
380.0,-924.9864863877742,1000.0,35.56864278590658,38.10433564711079,38.46133940079991,36.83648921650868,0
385.0,-922.9165726109809,1000.0,35.521680767596884,37.932187956369155,38.28418971894418,36.72693436198302,0
390.0,-920.8148565265441,1000.0,35.47771627131257,37.78071585907957,38.10753564449381,36.629216065196076,0
395.0,-918.6811198669536,1000.0,35.437972564251176,37.661181410895324,37.93136950228206,36.549576987573246,0
400.0,-916.515138991168,1000.0,35.40013794005361,37.56322440541891,37.85653278439335,36.48168117273626,0
405.0,-914.3166847433115,1000.0,35.36453495433177,37.49648561244074,37.94483478846324,36.430510283386255,0
410.0,-912.0855223058855,1000.0,35.332384307200655,37.44367392684565,38.03493358368095,36.38802911702315,0
415.0,-909.8214110472451,1000.0,35.30386294520753,37.4037357655034,38.12686239991478,36.35379935535546,0
420.0,-907.5241043630742,1000.0,35.27868074301675,37.383900750332714,38.220655548686416,36.33129074667473,0
425.0,-905.1933495115836,1000.0,35.258272050933115,37.404700660170406,38.31634846451063,36.33148635555176,0
430.0,-902.8288874421332,1000.0,35.24029004273612,37.465072740958426,38.41397774825104,36.35268139184727,0
435.0,-900.4304526169692,1000.0,35.22610282308346,37.54874595656247,38.51358121261983,36.38742438982297,0
440.0,-897.997772825746,1000.0,35.21545799913566,37.634293142787186,38.6151979299335,36.42487557096142,0
445.0,-895.5305689924828,1000.0,35.210168056512366,37.72175117129043,38.71886828226366,36.4659596139014,0
450.0,-893.0285549745876,1000.0,35.209065118498216,37.81115817039179,38.82463401412226,36.510111644445004,0
455.0,-890.4914373535548,1000.0,35.21224472385843,37.90255357597382,38.93253828783256,36.55739914991612,0
460.0,-887.9189152169246,1000.0,35.21934575270211,37.995978185001974,39.042625741743905,36.60766196885204,0
465.0,-885.3106799310624,1000.0,35.22963823520544,38.0914742118226,39.15494255146881,36.66055622351402,0
470.0,-882.6664149042944,1000.0,35.24531144137051,38.18908534740869,39.269536494322445,36.7171983943896,0
475.0,-879.9857953399021,1000.0,35.268517192068074,38.288856821735266,39.38645701716395,36.77868700690167,0
480.0,-877.2684879784523,1000.0,35.29738309564454,38.390835469479875,39.50575530785344,36.84410928256221,0
485.0,-874.5141508289046,1000.0,35.333302782706376,38.495069799257564,39.62748437055053,36.914186290981974,0
490.0,-871.7224328879004,1000.0,35.3723830851212,38.60161006661544,39.75169910509991,36.98699657586832,0
495.0,-868.8929738466068,1000.0,35.41355261092589,38.71050835102794,39.87845639076809,37.062030480976915,0
500.0,-866.0254037844386,1000.0,35.456347810415224,38.82181863715301,40.00781517461137,37.13908322378411,0
505.0,-863.1193428489481,1000.0,35.50077818781568,38.93559690062836,40.1398365647816,37.21818754422202,0
510.0,-860.1744009211155,1000.0,35.54688045290746,39.051901198708116,40.274583929094625,37.29939082580779,0
515.0,-857.1901772652321,1000.0,35.59469276087633,39.170791766065435,40.41212299921733,37.38274226347088,0
520.0,-854.1662601625048,1000.0,35.64425477990456,39.292331116108265,40.55252198084951,37.46829294800641,0
525.0,-851.1022265274601,1000.0,35.695398658563796,39.414493106468356,40.62893833532135,37.55494588251608,0
530.0,-847.9976415061542,1000.0,35.74830087754084,39.53868081162134,40.720523956622934,37.643490844581095,0
535.0,-844.8520580551367,1000.0,35.80302440795328,39.66565864242477,40.868706331015474,37.73434152518902,0
540.0,-841.6650165000325,1000.0,35.85950608022779,39.795497797252516,41.020050134818554,37.827501938740156,0
545.0,-838.436044072534,1000.0,35.91795579327863,39.92828093594399,41.17463808357162,37.92311836461131,0
550.0,-835.1646544245033,1000.0,35.978423795009576,40.06408718318053,41.33255619702888,38.021255489095054,0
555.0,-831.8503471177974,1000.0,36.0409624418983,40.20298734047933,41.49389396609766,38.12197489118881,0
560.0,-828.4926070883191,1000.0,36.1056263072102,40.34506484247596,41.658744530263625,38.22534557484308,0
565.0,-825.0909040826956,1000.0,36.172389551149095,40.490406564552046,41.82720486628188,38.33139805785057,0
570.0,-821.6446920658589,1000.0,36.24131678065546,40.63910300235057,41.99937598899034,38.44020989150302,0
575.0,-818.1534085976785,1000.0,36.31254960828122,40.79124846293236,42.17536316517236,38.551899035606795,0
580.0,-814.616474176652,1000.0,36.38615275202603,40.94694126847387,42.355276141481866,38.66654701024995,0
585.0,-811.0332915485036,1000.0,36.46219380556116,41.10628397348787,42.53922938753117,38.78423888952452,0
590.0,-807.4032449773781,1000.0,36.54074339701067,41.26938359663859,42.72734235534932,38.90506349682463,0
595.0,-803.7256994771288,1000.0,36.62187535861685,41.43635186832143,42.9197397565243,39.029113613469136,0
605.0,-796.225470579785,1000.0,36.79219884322976,41.78236644371331,43.31791480139326,39.287282643471535,0
610.0,-792.4014134263012,1000.0,36.88155574903979,41.961662242255144,43.52477417601152,39.42160899564747,0
615.0,-788.5271079677603,1000.0,36.97382622157963,42.145326306768006,43.73668236344965,39.55957626417381,0
620.0,-784.6018098373212,1000.0,37.06910310676611,42.333498288546195,43.95364358593466,39.70130069765615,0
625.0,-780.6247497997998,1000.0,37.16748375738312,42.52632444811936,44.17582379947986,39.84690410275124,0
630.0,-776.5951326141569,1000.0,37.26907030924349,42.72395805684724,44.403396953983965,39.99651418304536,0
635.0,-772.5121358270044,1000.0,37.373969978309894,42.92655982878662,44.63654548891013,40.15026490354826,0
640.0,-768.3749084919418,1000.0,37.482295380672426,43.13429838556026,44.875460867065364,40.30829688311634,0
645.0,-764.1825698090738,1000.0,37.594164877482626,43.347350757246154,45.12034414998673,40.47075781736439,0
650.0,-759.9342076785332,1000.0,37.709702947167656,43.56590292262855,45.37140661881124,40.637802934898104,0
655.0,-755.6288771612689,1000.0,37.82904058750225,43.790150392514,45.628870444939245,40.80959549000812,0
660.0,-751.2655988397179,1000.0,37.95231575040013,44.020298840224726,45.89296941526781,40.98630729531243,0
665.0,-746.8433570702762,1000.0,38.079673812607965,44.25802479829118,46.16394971731756,41.16884930544957,0
670.0,-742.3610981186986,1000.0,38.21126808584587,44.50433472606275,46.44207079017532,41.35780140595431,0
675.0,-737.8177281686853,1000.0,38.347260370349325,44.757339609806344,46.72760624786496,41.552299990077834,0
680.0,-733.2121111929343,1000.0,38.487821556229676,45.017297312324374,47.02084488253966,41.752559434277025,0
685.0,-728.5430666748534,1000.0,38.632831949619884,45.28147684780404,47.29888697285938,41.957154398711964,0
690.0,-723.8093671679029,1000.0,38.78217261933155,45.547065770820126,47.60625650430905,42.164619195075836,0
695.0,-719.0097356781756,1000.0,38.93663036798813,45.820213259089265,47.9221791581021,42.378421813538694,0
700.0,-714.142842854285,1000.0,39.09614917028874,46.09853725668891,48.160816521776205,42.59734321348883,0
705.0,-709.2073039669008,1000.0,39.26070221621713,46.3798369884473,48.286301818701524,42.82026960233222,0
710.0,-704.2016756583301,1000.0,39.431029286084524,46.669458038225414,48.62120155366599,43.05024366215497,0
715.0,-699.1244524403363,1000.0,39.607384673450014,46.967762065337254,48.965841165976734,43.287573369393634,0
720.0,-693.9740629158989,1000.0,39.79003889258071,47.27513342799423,49.32064971338896,43.532586160287465,0
725.0,-688.7488656977955,1000.0,39.97928001396527,47.59204114474745,49.68608352812475,43.78566057935636,0
730.0,-683.447144993671,1000.0,40.17541513626998,47.91897067639651,50.062628477946056,44.04719290633325,0
735.0,-678.0671058236051,1000.0,40.37877201148132,48.256288342032065,50.450802460590964,44.31753017675669,0
740.0,-672.6068688320095,1000.0,40.58970084239152,48.60449067662275,50.851158160577924,44.59709575950714,0
745.0,-667.0644646509062,1000.0,40.80857627439829,48.96410839065632,51.26428610160966,44.886342332527306,0
750.0,-661.4378277661476,1000.0,41.03579960688192,49.33829457391346,51.69081803277676,45.18704709039769,0
755.0,-655.7247898318318,1000.0,41.27180125328515,49.7332808464011,52.13143069255767,45.502541049843124,0
760.0,-649.9230723708769,1000.0,41.5170434835653,50.14199570459707,52.586850001450024,45.82951959408119,0
765.0,-644.0302787913004,1000.0,41.77202348805272,50.56506541876547,53.05785574212328,46.1685444534091,0
770.0,-638.0438856379708,1000.0,42.03690700051026,51.00326736411297,53.545286795519374,46.52008718231161,0
775.0,-631.9612329882269,1000.0,42.31258098510991,51.45743944606156,54.05331219489097,46.88501021558574,0
780.0,-625.7795138864806,1000.0,42.599712519357105,51.93479056670237,54.58679557296539,47.26725154302974,0
785.0,-619.4957626973732,1000.0,42.89897623103697,52.43378224619002,55.140398360656604,47.666379238613494,0
790.0,-613.1068422387733,1000.0,43.21110360353052,52.95207975879999,55.715324564264996,48.08159168116525,0
795.0,-606.6094295343586,1000.0,43.53681701529434,53.49097352046456,56.31288166238783,48.51389526787945,0
805.0,-593.2748098478478,1000.0,44.23188275319478,54.63560664209909,57.58170756478176,49.43374469764694,0
810.0,-586.4298764558299,1000.0,44.602678389517195,55.244335862781725,58.25622237043627,49.92350712614946,0
815.0,-579.4609564069007,1000.0,44.99101839163163,55.87968426142565,58.95989288409479,50.43535132652864,0
820.0,-572.3635208501673,1000.0,45.39813664237742,56.54324261480128,59.69475681210441,50.970689628589355,0
825.0,-565.1327277728658,1000.0,45.82539128893117,57.23702226871556,60.46305680163302,51.53120677882337,0
830.0,-557.7633906953736,1000.0,46.27428119681509,57.96324124900688,61.26726764821209,52.11876122291098,0
835.0,-550.2499432076299,1000.0,46.74474015632532,58.71100471590075,62.06675207018774,52.72787243611303,0
840.0,-542.5863986500215,1000.0,47.23795623913148,59.47670627189611,62.849126426943606,53.3573312555138,0
845.0,-534.7663040992766,1000.0,47.75676445087278,60.26755537039306,63.77890894958627,54.01215991063292,0
850.0,-526.7826876426369,1000.0,48.304511798257906,61.09753683356599,64.68347679610179,54.70102431591195,0
855.0,-518.6279977016281,1000.0,48.88059360646025,61.946149407472745,65.62122349581622,55.4133715069665,0
857.0,-515.3164076564999,1000.0,49.12042845702863,62.29872866541155,66.03569611754418,55.70957856122009,0
0.0,583.2278566491094,583.2278566491094,36.350902199918245,49.013591816804905,50.36719397214817,42.68224700836157,0
0.0,-583.2278566491094,583.2278566491094,36.35090219991824,49.013591816804905,50.367193972148065,42.68224700836157,0
857.1673007021122,515.0380749100543,1000.0,49.140746435794824,62.32857408162628,66.07077358224223,55.73466025871055,0
857.1673007021122,-515.0380749100543,1000.0,49.140746435794824,62.328574081626286,66.07077358224218,55.734660258710555,0
